CREATE TABLE regions (
region_id SERIAL PRIMARY KEY,
region_name VARCHAR(50) NOT NULL
);

INSERT INTO regions (region_id, region_name) VALUES
(1, 'North'), (2, 'South'), (3, 'East'), (4, 'West'), (5, 'North-Central'), (6, 'South-South');

CREATE TABLE categories (
category_id SERIAL PRIMARY KEY,
category_name VARCHAR(50) NOT NULL
);

INSERT INTO categories (category_id, category_name) VALUES
(1, 'Electronics'), (2, 'Clothing & Apparel'), (3, 'Home & Kitchen'), (4, 'Sports & Outdoors'), (5,
'Books & Stationery'), (6, 'Beauty & Personal Care'), (7, 'Food & Groceries'), (8, 'Toys &
Games');


CREATE TABLE employees (
    employee_id SERIAL PRIMARY KEY,
    first_name VARCHAR(50) NOT NULL,
    last_name VARCHAR(50) NOT NULL,
    role VARCHAR(50) NOT NULL,
    region_id INT REFERENCES regions(region_id),
    hire_date DATE NOT NULL,
    salary NUMERIC(10,2) NOT NULL
);


INSERT INTO employees (employee_id, first_name, last_name, role, region_id, hire_date,
salary) VALUES
(1, 'James','Okafor','Regional Manager', 1,'2017-03-15',120000),
(2, 'Fatima','Bello','Regional Manager',2,'2016-07-10',125000),
(3, 'Ngozi','Ibrahim','Regional Manager',3,'2015-05-22',130000),
(4, 'Sade','Mensah','Regional Manager',4,'2018-12-01',118000),
(5,'Chidi','Osei','Regional Manager',5,'2017-09-14',122000),
(6,'Emeka','Asante','Regional Manager',6,'2016-02-28',121000),
(7,'Amara','Nwosu','Sales Manager',1,'2019-06-01',85000),
(8,'Tunde','Adeyemi','Sales Manager',1,'2020-01-15',82000),
(9,'Bayo','Afolabi','Sales Manager',2,'2018-11-20',88000),
(10,'Kemi','Eze','Sales Manager',2,'2019-08-05',84000),
(11,'Dayo','Fashola','Sales Manager',3,'2020-03-10',83000),
(12,'Blessing','Adebayo','Sales Manager',3,'2018-06-22',87000),
(13,'Rotimi','Ogundimu','Sales Manager',4,'2019-10-30',86000),
(14,'Chioma','Oladele','Sales Manager',4,'2020-07-17',81000),
(15,'Uche','Garba','Sales Manager',5,'2019-04-12',85000),
(16,'Hauwa','Aliyu','Sales Manager',6,'2018-09-25',89000),
(17,'Seun','Okeke','Sales Rep',1,'2021-01-10',52000),
(18,'Gbenga','Balogun','Sales Rep',1,'2021-06-15',50000),
(19,'Tobi','Owusu','Sales Rep',1,'2022-02-20',48000),
(20,'Lola','Akindele','Sales Rep',2,'2021-03-08',51000),
(21,'Femi','Musa','Sales Rep',2,'2022-08-01',47000),
(22,'Grace','Yakubu','Sales Rep',2,'2021-11-25',50000),
(23,'Ike','Danso','Sales Rep',3,'2022-01-15',49000),
(24,'Toyin','Boateng','Sales Rep',3,'2021-07-30',51000),
(25,'Dele','Kwarteng','Sales Rep',3,'2023-03-10',46000),
(26,'Joy','Agyemang','Sales Rep',4,'2022-05-20',50000),
(27,'Lanre','Adesanya','Sales Rep',4,'2021-09-14',52000),
(28,'Mercy','Opoku','Sales Rep',4,'2023-01-22',47000),
(29,'Segun','Otieno','Sales Rep',5,'2022-04-05',49000),
(30,'Yetunde','Lawal','Sales Rep',5,'2021-12-01',51000),
(31,'Samuel','Tanko','Sales Rep',5,'2023-06-15',45000),
(32,'Aisha','Suleiman','Sales Rep',6,'2022-07-10',50000),
(33,'Victor','Magaji','Sales Rep',6,'2021-10-28',52000),
(34,'Chiamaka','Ugwu','Sales Rep',6,'2023-02-14',46000),
(35,'David','Amaechi','Sales Rep',1,'2020-09-03',53000);


CREATE TABLE products (
product_id SERIAL PRIMARY KEY,
product_name VARCHAR(120) NOT NULL,
category_id INT REFERENCES categories(category_id),
unit_price NUMERIC(10,2) NOT NULL,
stock_quantity INT NOT NULL CHECK (stock_quantity >= 0)
);


INSERT INTO products (product_id, product_name, category_id, unit_price, stock_quantity)
VALUES
(1,'Samsung 55" Smart TV',1,350000,80),
(2,'Apple iPhone 15 Pro',1,950000,60),
(3,'Apple iPhone 14',1,720000,75),
(4,'Tecno Spark 20 Pro',1,185000,150),
(5,'Samsung Galaxy A54',1,295000,100),
(6,'Bluetooth Wireless Earbuds',1,45000,300),
(7,'HP Laptop 15" (Core i5)',1,480000,50),
(8,'Lenovo IdeaPad Slim 3',1,395000,60),
(9,'Dell Inspiron 15 3000',1,525000,40),
(10,'USB-C Charging Hub',1,18500,400),
(11,'Wireless Mouse & Keyboard Combo',1,22000,200),
(12,'External Hard Drive 1TB',1,38000,120),
(13,'Portable Power Bank 20000mAh',1,28000,250),
(14,'Smart Watch (Android Compatible)',1,65000,90),
(15,'CCTV Camera Kit (4-Channel)',1,125000,35),
(16,'Mens Polo Shirt',2,8500,600),
(17,'Womens Ankara Dress',2,15000,400),
(18,'Unisex Sneakers',2,22000,350),
(19,'Childrens School Bag',2,9500,300),
(20,'Corporate Suit (Men)',2,85000,80),
(21,'Jeans Trousers (Unisex)',2,18000,450),
(22,'Womens Silk Blouse',2,12000,300),
(23,'Leather Belt',2,6500,500),
(24,'Sports Jersey',2,7500,400),
(25,'Traditional Agbada Set',2,55000,60),
(26,'Non-stick Frying Pan (32cm)',3,14000,250),
(27,'Blender & Juicer Combo',3,28000,150),
(28,'Pressure Cooker 10L',3,35000,100),
(29,'Kitchen Knife Set (6-piece)',3,19500,180),
(30,'Standing Fan (18-inch)',3,32000,120),
(31,'Rechargeable Table Lamp',3,11500,200),
(32,'Mosquito Repellent Plug-in',3,4500,500),
(33,'Ceramic Dinner Set (12-piece)',3,24000,90),
(34,'Electric Kettle 1.8L',3,13500,220),
(35,'Chest Freezer 100L',3,185000,40),
(36,'Football (Size 5)',4,7500,300),
(37,'Yoga Mat (Anti-slip)',4,11000,200),
(38,'Dumbbell Set 20kg',4,42000,100),
(39,'Camping Tent (4-person)',4,68000,45),
(40,'Bicycle Helmet',4,15000,150),
(41,'Jump Rope (Speed)',4,3500,400),
(42,'Basketball',4,9000,180),
(43,'Sports Water Bottle 1L',4,5500,500),
(44,'Think and Grow Rich',5,4500,600),
(45,'Atomic Habits',5,5500,550),
(46,'Data Science Handbook',5,8500,250),
(47,'Python Programming Guide',5,7500,280),
(48,'Rich Dad Poor Dad',5,4000,500),
(49,'A4 Photocopier Paper (Ream)',5,3500,800),
(50,'Ballpoint Pen Set (12-pack)',5,2000,1000),
(51,'Scientific Calculator',5,6500,200),
(52,'Shea Butter Lotion 500ml',6,3500,800),
(53,'Vitamin C Brightening Serum',6,8500,400),
(54,'Electric Hair Clipper (Cordless)',6,16000,200),
(55,'Perfume Gift Set',6,24000,150),
(56,'Hair Relaxer Kit',6,5500,300),
(57,'Mens Grooming Kit',6,12000,180),
(58,'Sunscreen SPF 50 (100ml)',6,7500,350),
(59,'Indomie Noodles (Carton 40-pack)',7,8500,1000),
(60,'Golden Morn Cereal 1kg',7,4200,700),
(61,'Vegetable Cooking Oil 5L',7,9500,600),
(62,'Tomato Paste (12-tin box)',7,6000,800),
(63,'Garri (Ijebu) 10kg',7,7000,500),
(64,'Peak Milk (Carton 48-sachets)',7,6800,600),
(65,'LEGO Classic Creative Set',8,35000,80),
(66,'Remote Control Car',8,18500,100),
(67,'Barbie Doll Fashion Set',8,9500,150),
(68,'Educational Puzzle (100-piece)',8,4500,200);


CREATE TABLE customers (
customer_id SERIAL PRIMARY KEY,
first_name VARCHAR(50) NOT NULL,
last_name VARCHAR(50) NOT NULL,
email VARCHAR(120) NOT NULL UNIQUE,
city VARCHAR(50) NOT NULL,
country VARCHAR(50) NOT NULL DEFAULT 'Nigeria',
registration_date DATE NOT NULL
);


INSERT INTO customers
(customer_id,first_name,last_name,email,city,country,registration_date) VALUES
(1,'Tunde','Sunmola','tunde.sunmola@gmail.com','Abuja','Nigeria','2020-07-03'),
(2,'Tobi','Adeniran','tobi.adeniran@icloud.com','Benin City','Nigeria','2018-12-23'),
(3,'Amaka','Bello','amaka.bello@gmail.com','Abuja','Nigeria','2020-08-10'),
(4,'Bashir','Adesola','bashir.adesola@outlook.com','Owerri','Nigeria','2024-02-11'),
(5,'Toyin','Ugwu','toyin.ugwu@outlook.com','Abuja','Nigeria','2018-01-27'),
(6,'Monday','Abdullahi','monday.abdullahi@gmail.com','Lagos','Nigeria','2020-05-31'),
(7,'Precious','Adesanya','precious.adesanya@gmail.com','Lagos','Nigeria','2022-01-10'),
(8,'Maryam','Ibrahim','maryam.ibrahim@icloud.com','Port Harcourt','Nigeria','2024-01-06'),
(9,'Obiora','Fashola','obiora.fashola@yahoo.com','Kano','Nigeria','2022-01-21'),
(10,'Dayo','Ibrahim','dayo.ibrahim@outlook.com','Abuja','Nigeria','2021-03-31'),
(11,'Garba','Nwachukwu','garba.nwachukwu@gmail.com','Abuja','Nigeria','2023-02-01'),
(12,'Kemi','Aliyu','kemi.aliyu@gmail.com','Abuja','Nigeria','2020-12-29'),
(13,'Usman','Onyekachi','usman.onyekachi@icloud.com','Abuja','Nigeria','2019-11-01'),
(14,'Ogechi','Kwarteng','ogechi.kwarteng@outlook.com','Uyo','Nigeria','2024-03-31'),
(15,'James','Mensah','james.mensah@gmail.com','Zaria','Nigeria','2018-05-12'),
(16,'Onyinye','Kwarteng','onyinye.kwarteng@gmail.com','Abuja','Nigeria','2021-07-12'),
(17,'Olamide','Shehu','olamide.shehu@outlook.com','Port Harcourt','Nigeria','2019-08-09'),
(18,'Nneka','Acheampong','nneka.acheampong@icloud.com','Benin City','Nigeria','2024-01-17'),
(19,'Josephine','Uzor','josephine.uzor@gmail.com','Ibadan','Nigeria','2020-06-17'),
(20,'Oluwafemi','Nwofor','oluwafemi.nwofor@gmail.com','Yola','Nigeria','2018-07-12'),
(21,'Adamu','Oluwole','adamu.oluwole@gmail.com','Suleja','Nigeria','2022-09-26'),
(22,'Chukwudi','Idris','chukwudi.idris@outlook.com','Enugu','Nigeria','2023-12-08'),
(23,'Ngozi','Adeola','ngozi.adeola@hotmail.com','Lagos','Nigeria','2024-01-09'),
(24,'Ogochukwu','Akindele','ogochukwu.akindele@gmail.com','Port Harcourt','Nigeria','2019-10-10'),
(25,'Ada','Adetunji','ada.adetunji@hotmail.com','Abuja','Nigeria','2023-08-13'),
(26,'Temidayo','Obiora','temidayo.obiora@outlook.com','Kano','Nigeria','2023-09-11'),
(27,'Adamu','Aliyu','adamu.aliyu@live.com','Lagos','Nigeria','2024-01-19'),
(28,'James','Amadi','james.amadi@gmail.com','Lagos','Nigeria','2022-01-26'),
(29,'Aisha','Mensah','aisha.mensah@gmail.com','Benin City','Nigeria','2018-11-19'),
(30,'Babatunde','Osei','babatunde.osei@live.com','Kaduna','Nigeria','2019-05-31'),
(31,'Adewale','Mbah','adewale.mbah@gmail.com','Abuja','Nigeria','2023-12-02'),
(32,'Jumoke','Orji','jumoke.orji@icloud.com','Asaba','Nigeria','2020-04-03'),
(33,'Onyinye','Adekunle','onyinye.adekunle@outlook.com','Ibadan','Nigeria','2022-11-30'),
(34,'Chidinma','Acheampong','chidinma.acheampong@gmail.com','Lagos','Nigeria','2021-10-16'),
(35,'Garba','Ofor','garba.ofor@gmail.com','Lagos','Nigeria','2018-10-18'),
(36,'Garba','Osei','garba.osei@gmail.com','Kano','Nigeria','2018-10-18'),
(37,'David','Adekunle','david.adekunle@yahoo.com','Abuja','Nigeria','2024-01-18'),
(38,'Adewale','Acheampong','adewale.acheampong@yahoo.com','Ado-Ekiti','Nigeria','2022-07-26'),
(39,'Lanre','Nwachukwu','lanre.nwachukwu@outlook.com','Port Harcourt','Nigeria','2021-12-22'),
(40,'Stella','Dike','stella.dike@icloud.com','Lagos','Nigeria','2019-02-08'),
(41,'Ifeanyi','Adeyinka','ifeanyi.adeyinka@gmail.com','Akure','Nigeria','2019-03-24'),
(42,'Ahmed','Adebayo','ahmed.adebayo@yahoo.com','Port Harcourt','Nigeria','2019-07-29'),
(43,'Bisi','Agyemang','bisi.agyemang@yahoo.com','Abuja','Nigeria','2018-11-05'),
(44,'Hope','Afolabi','hope.afolabi@outlook.com','Benin City','Nigeria','2018-03-02'),
(45,'Shehu','Garba','shehu.garba@gmail.com','Enugu','Nigeria','2023-05-26'),
(46,'Ifeanyi','Mensah','ifeanyi.mensah@gmail.com','Ibadan','Nigeria','2018-01-09'),
(47,'Maryam','Ogbu','maryam.ogbu@gmail.com','Port Harcourt','Nigeria','2024-03-26'),
(48,'Sola','Adebayo','sola.adebayo@gmail.com','Abuja','Nigeria','2018-08-28'),
(49,'Peter','Mensah','peter.mensah@gmail.com','Aba','Nigeria','2023-05-07'),
(50,'Rotimi','Onyia','rotimi.onyia@gmail.com','Lagos','Nigeria','2018-10-08'),
(51,'Shehu','Rabiu','shehu.rabiu@gmail.com','Benin City','Nigeria','2020-10-05'),
(52,'Dele','Magaji','dele.magaji@outlook.com','Aba','Nigeria','2023-11-12'),
(53,'Maryam','Oladele','maryam.oladele@hotmail.com','Abeokuta','Nigeria','2021-07-10'),
(54,'Victor','Shehu','victor.shehu@gmail.com','Calabar','Nigeria','2021-05-13'),
(55,'Uloma','Olatunde','uloma.olatunde@gmail.com','Lagos','Nigeria','2023-02-21'),
(56,'Wale','Onyekachi','wale.onyekachi@gmail.com','Kaduna','Nigeria','2020-12-22'),
(57,'Bassey','Osei','bassey.osei@gmail.com','Ibadan','Nigeria','2021-03-13'),
(58,'Henry','Orji','henry.orji@hotmail.com','Kano','Nigeria','2023-12-07'),
(59,'Emmanuel','Abiodun','emmanuel.abiodun@gmail.com','Lagos','Nigeria','2020-12-19'),
(60,'Tobi','Sowemimo','tobi.sowemimo@yahoo.com','Lagos','Nigeria','2021-01-20'),
(61,'Ronke','Adesola','ronke.adesola@gmail.com','Abuja','Nigeria','2020-12-17'),
(62,'Hauwa','Afolabi','hauwa.afolabi@gmail.com','Ilorin','Nigeria','2022-10-01'),
(63,'Blessing','Okafor','blessing.okafor@gmail.com','Gombe','Nigeria','2019-06-20'),
(64,'Kemi','Sunmola','kemi.sunmola@yahoo.com','Benin City','Nigeria','2022-10-18'),
(65,'Segun','Asante','segun.asante@hotmail.com','Lagos','Nigeria','2024-02-13'),
(66,'Ikechukwu','Uzor','ikechukwu.uzor@yahoo.com','Lagos','Nigeria','2022-10-27'),
(67,'Seun','Suleiman','seun.suleiman@gmail.com','Suleja','Nigeria','2018-06-13'),
(68,'Ronke','Adeola','ronke.adeola@gmail.com','Calabar','Nigeria','2019-02-26'),
(69,'Stella','Dim','stella.dim@icloud.com','Lagos','Nigeria','2020-08-27'),
(70,'Ibrahim','Tanko','ibrahim.tanko@gmail.com','Lagos','Nigeria','2021-09-22'),
(71,'Zainab','Kwarteng','zainab.kwarteng@gmail.com','Oshogbo','Nigeria','2019-03-19'),
(72,'Amaka','Okoro','amaka.okoro@gmail.com','Abuja','Nigeria','2023-03-01'),
(73,'Ebele','Boateng','ebele.boateng@gmail.com','Lagos','Nigeria','2020-03-02'),
(74,'Isioma','Agyemang','isioma.agyemang@gmail.com','Gombe','Nigeria','2021-02-17'),
(75,'Onyinye','Adeniran','onyinye.adeniran@yahoo.com','Kano','Nigeria','2018-04-24'),
(76,'Victor','Martins','victor.martins@yahoo.com','Abuja','Nigeria','2018-06-06'),
(77,'Prince','Salisu','prince.salisu@icloud.com','Oshogbo','Nigeria','2021-07-08'),
(78,'Gift','Lawal','gift.lawal@yahoo.com','Lagos','Nigeria','2020-11-09'),
(79,'Prince','Okafor','prince.okafor@yahoo.com','Ado-Ekiti','Nigeria','2024-01-15'),
(80,'Chukwuemeka','Okeke','chukwuemeka.okeke@gmail.com','Calabar','Nigeria','2021-09-14'),
(81,'Chidinma','Adetunji','chidinma.adetunji@gmail.com','Kaduna','Nigeria','2021-06-20'),
(82,'Adaora','Rabiu','adaora.rabiu@hotmail.com','Kano','Nigeria','2024-03-20'),
(83,'Ahmed','Magaji','ahmed.magaji@hotmail.com','Ibadan','Nigeria','2019-12-14'),
(84,'Onyinye','Mbah','onyinye.mbah@gmail.com','Kano','Nigeria','2021-03-21'),
(85,'Prince','Uzor','prince.uzor@outlook.com','Warri','Nigeria','2021-08-12'),
(86,'Modupe','Chukwu','modupe.chukwu@hotmail.com','Abuja','Nigeria','2023-09-25'),
(87,'Temi','Abiodun','temi.abiodun@gmail.com','Abuja','Nigeria','2023-10-13'),
(88,'Faith','Olatunde','faith.olatunde@gmail.com','Calabar','Nigeria','2021-06-25'),
(89,'Bashir','Adewale','bashir.adewale@gmail.com','Lagos','Nigeria','2020-09-29'),
(90,'Mercy','Ogbu','mercy.ogbu@gmail.com','Ilorin','Nigeria','2020-03-07'),
(91,'Abimbola','Rabiu','abimbola.rabiu@gmail.com','Lagos','Nigeria','2018-01-23'),
(92,'Monday','Owusu','monday.owusu@gmail.com','Akure','Nigeria','2023-10-23'),
(93,'Grace','Okereke','grace.okereke@gmail.com','Lagos','Nigeria','2023-02-13'),
(94,'Oluwaseun','Adekunle','oluwaseun.adekunle@yahoo.com','Benin City','Nigeria','2021-07-23'),
(95,'Adewunmi','Nnaji','adewunmi.nnaji@yahoo.com','Port Harcourt','Nigeria','2019-10-14'),
(96,'Omowumi','Danso','omowumi.danso@icloud.com','Abuja','Nigeria','2021-02-09'),
(97,'Aisha','Agyemang','aisha.agyemang@yahoo.com','Lagos','Nigeria','2021-03-16'),
(98,'Michael','Usman','michael.usman@gmail.com','Benin City','Nigeria','2018-11-27'),
(99,'Adamu','Boateng','adamu.boateng@gmail.com','Uyo','Nigeria','2019-09-18'),
(100,'Dayo','Magaji','dayo.magaji@gmail.com','Kano','Nigeria','2024-02-01'),
(101,'Patricia','Mensah','patricia.mensah@gmail.com','Maiduguri','Nigeria','2022-09-17'),
(102,'Chioma','Osita','chioma.osita@gmail.com','Enugu','Nigeria','2018-01-25'),
(103,'Nkechi','Olatunde','nkechi.olatunde@gmail.com','Maiduguri','Nigeria','2022-09-13'),
(104,'Babatunde','Owusu','babatunde.owusu@gmail.com','Port Harcourt','Nigeria','2023-06-13'),
(105,'Chukwudi','Abdullahi','chukwudi.abdullahi@hotmail.com','Calabar','Nigeria','2022-07-15'),
(106,'Oluwaseun','Musa','oluwaseun.musa@outlook.com','Kaduna','Nigeria','2018-04-21'),
(107,'Adaeze','Fashola','adaeze.fashola@outlook.com','Port Harcourt','Nigeria','2019-07-10'),
(108,'Bisi','Afolabi','bisi.afolabi@gmail.com','Ibadan','Nigeria','2021-09-02'),
(109,'Richard','Hassan','richard.hassan@gmail.com','Minna','Nigeria','2022-04-02'),
(110,'Patricia','Asamoah','patricia.asamoah@gmail.com','Enugu','Nigeria','2018-03-21'),
(111,'Bassey','Owusu','bassey.owusu@outlook.com','Lagos','Nigeria','2018-06-14'),
(112,'Kabir','Ogundimu','kabir.ogundimu@gmail.com','Ilorin','Nigeria','2019-09-17'),
(113,'Ike','Okoro','ike.okoro@hotmail.com','Lagos','Nigeria','2020-06-11'),
(114,'Hauwa','Aliyu','hauwa.aliyu@gmail.com','Jos','Nigeria','2019-04-15'),
(115,'Joshua','Obiora','joshua.obiora@yahoo.com','Lagos','Nigeria','2021-07-01'),
(116,'Chinyere','Adesola','chinyere.adesola@gmail.com','Lagos','Nigeria','2020-09-21'),
(117,'Emmanuel','Adeola','emmanuel.adeola@outlook.com','Ado-Ekiti','Nigeria','2019-05-11'),
(118,'Bassey','Onyekachi','bassey.onyekachi@gmail.com','Warri','Nigeria','2022-02-26'),
(119,'Temidayo','Alabi','temidayo.alabi@gmail.com','Lagos','Nigeria','2022-09-17'),
(120,'Precious','Okeke','precious.okeke@gmail.com','Ilorin','Nigeria','2023-02-27'),
(121,'Prince','Martins','prince.martins@icloud.com','Kaduna','Nigeria','2021-01-11'),
(122,'Oluwakemi','Okeke','oluwakemi.okeke@icloud.com','Aba','Nigeria','2021-01-04'),
(123,'Zainab','Adesanya','zainab.adesanya@gmail.com','Port Harcourt','Nigeria','2020-09-25'),
(124,'Ogechi','Abdullahi','ogechi.abdullahi@gmail.com','Enugu','Nigeria','2021-08-24'),
(125,'Babatunde','Okonkwo','babatunde.okonkwo@gmail.com','Akure','Nigeria','2020-11-24'),
(126,'Bilkisu','Aneke','bilkisu.aneke@hotmail.com','Abuja','Nigeria','2024-03-26'),
(127,'Adeyinka','Adebayo','adeyinka.adebayo@gmail.com','Abuja','Nigeria','2022-07-23'),
(128,'Aisha','Adeosun','aisha.adeosun@yahoo.com','Warri','Nigeria','2023-07-04'),
(129,'Chioma','Adesanya','chioma.adesanya@gmail.com','Abuja','Nigeria','2022-07-15'),
(130,'Joshua','Abiodun','joshua.abiodun@yahoo.com','Ibadan','Nigeria','2023-04-23'),
(131,'Josephine','Sowemimo','josephine.sowemimo@yahoo.com','Kano','Nigeria','2021-12-12'),
(132,'Ramatu','Suleiman','ramatu.suleiman@gmail.com','Abuja','Nigeria','2019-05-10'),
(133,'Peter','Falola','peter.falola@icloud.com','Kaduna','Nigeria','2020-01-29'),
(134,'Yusuf','Sunmola','yusuf.sunmola@yahoo.com','Abuja','Nigeria','2023-11-19'),
(135,'Hope','Adebayo','hope.adebayo@gmail.com','Abuja','Nigeria','2022-01-18'),
(136,'Emmanuel','Nwosu','emmanuel.nwosu@hotmail.com','Kaduna','Nigeria','2019-06-03'),
(137,'Blessing','Afolabi','blessing.afolabi@yahoo.com','Kano','Nigeria','2019-06-02'),
(138,'Precious','Nwosu','precious.nwosu@yahoo.com','Abuja','Nigeria','2023-04-07'),
(139,'Modupe','Abdullahi','modupe.abdullahi@gmail.com','Lagos','Nigeria','2020-10-31'),
(140,'Gift','Osei','gift.osei@gmail.com','Enugu','Nigeria','2018-10-31'),
(141,'Adamu','Balogun','adamu.balogun@yahoo.com','Kano','Nigeria','2018-12-15'),
(142,'Uche','Okereke','uche.okereke@live.com','Port Harcourt','Nigeria','2020-07-13'),
(143,'Omowumi','Chukwu','omowumi.chukwu@gmail.com','Aba','Nigeria','2022-10-23'),
(144,'Joy','Agu','joy.agu@icloud.com','Lagos','Nigeria','2020-05-01'),
(145,'Victor','Abiodun','victor.abiodun@gmail.com','Lagos','Nigeria','2020-09-09'),
(146,'Wale','Yusuf','wale.yusuf@gmail.com','Port Harcourt','Nigeria','2023-01-20'),
(147,'Amina','Adeyemi','amina.adeyemi@gmail.com','Abuja','Nigeria','2021-03-04'),
(148,'Mercy','Adeola','mercy.adeola@gmail.com','Abuja','Nigeria','2020-03-21'),
(149,'Gift','Orji','gift.orji@gmail.com','Warri','Nigeria','2019-09-03'),
(150,'Oluchi','Asante','oluchi.asante@gmail.com','Lagos','Nigeria','2021-06-13'),
(151,'Modupe','Falola','modupe.falola@yahoo.com','Uyo','Nigeria','2021-05-30'),
(152,'Ramatu','Onuoha','ramatu.onuoha@yahoo.com','Enugu','Nigeria','2022-11-29'),
(153,'Seun','Okeke','seun.okeke@icloud.com','Kano','Nigeria','2020-10-22'),
(154,'Gbenga','Boateng','gbenga.boateng@hotmail.com','Aba','Nigeria','2018-03-26'),
(155,'Blessing','Olatunde','blessing.olatunde@gmail.com','Enugu','Nigeria','2023-10-27'),
(156,'Bilkisu','Oduya','bilkisu.oduya@yahoo.com','Port Harcourt','Nigeria','2023-07-08'),
(157,'Adewale','Salisu','adewale.salisu@gmail.com','Kano','Nigeria','2021-08-08'),
(158,'Musa','Usman','musa.usman@gmail.com','Uyo','Nigeria','2023-07-23'),
(159,'Onyinye','Mbah','onyinye.mbah1@gmail.com','Port Harcourt','Nigeria','2018-12-27'),
(160,'Hauwa','Hassan','hauwa.hassan@gmail.com','Gombe','Nigeria','2022-07-14'),
(161,'Oluwaseun','Tanko','oluwaseun.tanko@gmail.com','Lagos','Nigeria','2023-10-25'),
(162,'Abimbola','Oluwole','abimbola.oluwole@yahoo.com','Minna','Nigeria','2018-07-31'),
(163,'Michael','Mbah','michael.mbah@gmail.com','Abuja','Nigeria','2022-11-30'),
(164,'Chidinma','Bello','chidinma.bello@outlook.com','Jos','Nigeria','2020-09-07'),
(165,'Joshua','Mbah','joshua.mbah@gmail.com','Benin City','Nigeria','2022-07-30'),
(166,'Abubakar','Akindele','abubakar.akindele@yahoo.com','Lagos','Nigeria','2019-09-23'),
(167,'Amina','Onyia','amina.onyia@hotmail.com','Abuja','Nigeria','2022-08-29'),
(168,'Temitope','Acheampong','temitope.acheampong@yahoo.com','BeninCity','Nigeria','2019-08-16'),
(169,'Yetunde','Aneke','yetunde.aneke@yahoo.com','Makurdi','Nigeria','2019-07-14'),
(170,'David','Magaji','david.magaji@gmail.com','Oshogbo','Nigeria','2023-09-11'),
(171,'Ada','Opoku','ada.opoku@hotmail.com','Kano','Nigeria','2023-06-29'),
(172,'Charles','Onyekachi','charles.onyekachi@yahoo.com','Kano','Nigeria','2021-09-23'),
(173,'Olabisi','Hassan','olabisi.hassan@gmail.com','Owerri','Nigeria','2020-09-05'),
(174,'Fatima','Tanko','fatima.tanko@gmail.com','Kano','Nigeria','2023-04-22'),
(175,'Adannaya','Abiodun','adannaya.abiodun@outlook.com','Lagos','Nigeria','2023-07-22'),
(176,'Ike','Onuoha','ike.onuoha@outlook.com','Kano','Nigeria','2019-02-16'),
(177,'Hope','Okpara','hope.okpara@yahoo.com','Lagos','Nigeria','2019-08-14'),
(178,'Sola','Asante','sola.asante@yahoo.com','Oshogbo','Nigeria','2020-12-21'),
(179,'Chinyere','Abioye','chinyere.abioye@gmail.com','Kano','Nigeria','2023-12-26'),
(180,'Uloma','Oluwole','uloma.oluwole@hotmail.com','Minna','Nigeria','2023-06-22'),
(181,'Dayo','Amponsah','dayo.amponsah@outlook.com','Uyo','Nigeria','2021-03-23'),
(182,'Gbenga','Okeke','gbenga.okeke@gmail.com','Minna','Nigeria','2019-02-16'),
(183,'Temi','Adeosun','temi.adeosun@gmail.com','Lagos','Nigeria','2018-07-08'),
(184,'Joy','Otieno','joy.otieno@gmail.com','Ibadan','Nigeria','2022-10-31'),
(185,'Kabir','Okpara','kabir.okpara@gmail.com','Benin City','Nigeria','2020-01-08'),
(186,'Ibrahim','Fashola','ibrahim.fashola@outlook.com','Ibadan','Nigeria','2020-09-13'),
(187,'Oluchi','Boateng','oluchi.boateng@yahoo.com','Ilorin','Nigeria','2020-11-06'),
(188,'Hauwa','Adekunle','hauwa.adekunle@gmail.com','Akure','Nigeria','2023-03-21'),
(189,'Kemi','Asante','kemi.asante@yahoo.com','Kano','Nigeria','2021-05-10'),
(190,'Hauwa','Ogbu','hauwa.ogbu@gmail.com','Abuja','Nigeria','2022-04-25'),
(191,'Precious','Amponsah','precious.amponsah@gmail.com','Aba','Nigeria','2022-01-10'),
(192,'Amina','Eze','amina.eze@outlook.com','Ibadan','Nigeria','2021-01-29'),
(193,'Femi','Ekwueme','femi.ekwueme@icloud.com','Enugu','Nigeria','2021-03-18'),
(194,'Okechukwu','Owusu','okechukwu.owusu@outlook.com','Lagos','Nigeria','2020-10-23'),
(195,'Lanre','Oluwole','lanre.oluwole@outlook.com','Lagos','Nigeria','2021-06-19'),
(196,'Amaka','Uzor','amaka.uzor@gmail.com','Asaba','Nigeria','2019-06-23'),
(197,'Samuel','Hassan','samuel.hassan@icloud.com','Port Harcourt','Nigeria','2019-12-21'),
(198,'Ike','Orji','ike.orji@gmail.com','Kaduna','Nigeria','2023-08-18'),
(199,'Temi','Asamoah','temi.asamoah@yahoo.com','Ado-Ekiti','Nigeria','2021-04-23'),
(200,'Gift','Dike','gift.dike@gmail.com','Lagos','Nigeria','2020-07-13'),
(201,'Chibundo','Adesanya','chibundo.adesanya@gmail.com','Lagos','Nigeria','2020-12-19'),
(202,'Richard','Aliyu','richard.aliyu@hotmail.com','Makurdi','Nigeria','2020-12-09'),
(203,'Uchenna','Obiora','uchenna.obiora@hotmail.com','Abuja','Nigeria','2023-04-16'),
(204,'James','Agu','james.agu@gmail.com','Warri','Nigeria','2018-09-16'),
(205,'Nkechi','Abioye','nkechi.abioye@gmail.com','Lagos','Nigeria','2019-07-27'),
(206,'Bayo','Abubakar','bayo.abubakar@yahoo.com','Lagos','Nigeria','2019-02-03'),
(207,'Nnamdi','Lawal','nnamdi.lawal@yahoo.com','Ibadan','Nigeria','2024-01-22'),
(208,'Sola','Magaji','sola.magaji@outlook.com','Lagos','Nigeria','2023-06-28'),
(209,'Bilkisu','Adeyemi','bilkisu.adeyemi@hotmail.com','Ibadan','Nigeria','2020-06-08'),
(210,'Modupe','Amponsah','modupe.amponsah@gmail.com','Lagos','Nigeria','2022-02-13'),
(211,'Joy','Shehu','joy.shehu@gmail.com','Lagos','Nigeria','2019-05-16'),
(212,'Faith','Abiodun','faith.abiodun@gmail.com','Warri','Nigeria','2018-03-29'),
(213,'Edet','Acheampong','edet.acheampong@gmail.com','Oshogbo','Nigeria','2020-04-20'),
(214,'Haruna','Ofor','haruna.ofor@gmail.com','Sokoto','Nigeria','2020-08-12'),
(215,'Oluchi','Aneke','oluchi.aneke@gmail.com','Abuja','Nigeria','2019-08-16'),
(216,'Lawal','Martins','lawal.martins@gmail.com','Warri','Nigeria','2018-04-16'),
(217,'Chidi','Danladi','chidi.danladi@gmail.com','Aba','Nigeria','2021-08-19'),
(218,'Ibrahim','Danso','ibrahim.danso@gmail.com','Lagos','Nigeria','2022-09-21'),
(219,'Dayo','Okoro','dayo.okoro@yahoo.com','Katsina','Nigeria','2022-01-22'),
(220,'Charles','Onuoha','charles.onuoha@gmail.com','Jos','Nigeria','2018-06-27'),
(221,'Olabisi','Alabi','olabisi.alabi@gmail.com','Lagos','Nigeria','2023-05-16'),
(222,'Josephine','Adeola','josephine.adeola@gmail.com','Enugu','Nigeria','2022-12-22'),
(223,'Dele','Hassan','dele.hassan@outlook.com','Lagos','Nigeria','2018-09-27'),
(224,'David','Dim','david.dim@outlook.com','Aba','Nigeria','2024-02-25'),
(225,'Ogechi','Aneke','ogechi.aneke@yahoo.com','Kano','Nigeria','2023-02-02'),
(226,'Hope','Adepoju','hope.adepoju@gmail.com','Warri','Nigeria','2024-03-08'),
(227,'Prince','Ugwu','prince.ugwu@gmail.com','Port Harcourt','Nigeria','2021-10-20'),
(228,'Onyinye','Magaji','onyinye.magaji@icloud.com','Lagos','Nigeria','2021-07-04'),
(229,'Uloma','Adekunle','uloma.adekunle@gmail.com','Ibadan','Nigeria','2019-09-18'),
(230,'Peace','Adesanya','peace.adesanya@gmail.com','Lagos','Nigeria','2022-11-04'),
(231,'Ikechukwu','Musa','ikechukwu.musa@yahoo.com','Lagos','Nigeria','2021-09-12'),
(232,'Kingsley','Danladi','kingsley.danladi@hotmail.com','Yola','Nigeria','2022-09-29'),
(233,'Daniel','Aneke','daniel.aneke@gmail.com','Ibadan','Nigeria','2019-03-01'),
(234,'Adamu','Abiodun','adamu.abiodun@yahoo.com','Abuja','Nigeria','2019-03-20'),
(235,'Uchenna','Akindele','uchenna.akindele@live.com','Abuja','Nigeria','2020-07-15'),
(236,'Adaeze','Ekwueme','adaeze.ekwueme@outlook.com','Maiduguri','Nigeria','2020-12-31'),
(237,'Sani','Kwarteng','sani.kwarteng@hotmail.com','Minna','Nigeria','2021-06-19'),
(238,'Chiamaka','Okafor','chiamaka.okafor@gmail.com','Lagos','Nigeria','2022-06-30'),
(239,'Obinna','Sunmola','obinna.sunmola@outlook.com','Lagos','Nigeria','2019-01-11'),
(240,'Obiora','Magaji','obiora.magaji@yahoo.com','Kano','Nigeria','2019-10-07'),
(241,'Ebele','Adetunji','ebele.adetunji@gmail.com','Katsina','Nigeria','2018-12-14'),
(242,'Adamu','Yusuf','adamu.yusuf@icloud.com','Ilorin','Nigeria','2018-07-23'),
(243,'Michael','Chukwu','michael.chukwu@outlook.com','Port Harcourt','Nigeria','2023-06-13'),
(244,'Patricia','Kwarteng','patricia.kwarteng@gmail.com','Yola','Nigeria','2023-09-30'),
(245,'Bassey','Okeke','bassey.okeke@gmail.com','Abuja','Nigeria','2023-06-17'),
(246,'Blessing','Owusu','blessing.owusu@gmail.com','Jos','Nigeria','2018-08-13'),
(247,'Haruna','Abubakar','haruna.abubakar@gmail.com','Gombe','Nigeria','2019-07-17'),
(248,'Amina','Hassan','amina.hassan@gmail.com','Lagos','Nigeria','2023-07-31'),
(249,'Lola','Musa','lola.musa@gmail.com','Kaduna','Nigeria','2020-07-31'),
(250,'Mercy','Shehu','mercy.shehu@icloud.com','Lagos','Nigeria','2022-11-22'),
(251,'Richard','Asante','richard.asante@gmail.com','Aba','Nigeria','2022-10-25'),
(252,'Patricia','Otieno','patricia.otieno@gmail.com','Ibadan','Nigeria','2018-03-27'),
(253,'Temi','Dim','temi.dim@yahoo.com','Maiduguri','Nigeria','2022-01-22'),
(254,'Prince','Obiora','prince.obiora@gmail.com','Port Harcourt','Nigeria','2022-06-29'),
(255,'Chinedu','Suleiman','chinedu.suleiman@icloud.com','Kano','Nigeria','2020-06-26'),
(256,'Temi','Asante','temi.asante@yahoo.com','Ilorin','Nigeria','2019-04-13'),
(257,'Bassey','Salisu','bassey.salisu@icloud.com','Sokoto','Nigeria','2019-08-28'),
(258,'Tobi','Adewale','tobi.adewale@gmail.com','Abuja','Nigeria','2019-12-12'),
(259,'Wale','Martins','wale.martins@live.com','Ilorin','Nigeria','2023-07-17'),
(260,'Omowumi','Adeola','omowumi.adeola@yahoo.com','Warri','Nigeria','2021-08-16'),
(261,'Sola','Chukwu','sola.chukwu@gmail.com','Enugu','Nigeria','2022-12-17'),
(262,'Bilkisu','Ofor','bilkisu.ofor@gmail.com','Ibadan','Nigeria','2023-09-10'),
(263,'Joshua','Dike','joshua.dike@yahoo.com','Lagos','Nigeria','2018-08-22'),
(264,'Hadiza','Asante','hadiza.asante@outlook.com','Lagos','Nigeria','2023-09-08'),
(265,'Oluwakemi','Uzor','oluwakemi.uzor@yahoo.com','Suleja','Nigeria','2018-06-18'),
(266,'Yetunde','Hassan','yetunde.hassan@outlook.com','Enugu','Nigeria','2023-08-16'),
(267,'Rotimi','Ugwu','rotimi.ugwu@gmail.com','Ado-Ekiti','Nigeria','2021-11-07'),
(268,'Temidayo','Alabi','temidayo.alabi1@gmail.com','Lagos','Nigeria','2020-10-11'),
(269,'Modupe','Okpara','modupe.okpara@yahoo.com','Jos','Nigeria','2019-10-13'),
(270,'Uchenna','Opoku','uchenna.opoku@gmail.com','Port Harcourt','Nigeria','2021-10-17'),
(271,'Edet','Osei','edet.osei@gmail.com','Lagos','Nigeria','2022-05-03'),
(272,'Hauwa','Adetunji','hauwa.adetunji@outlook.com','Jos','Nigeria','2019-09-08'),
(273,'Favour','Uzor','favour.uzor@outlook.com','Lagos','Nigeria','2021-12-03'),
(274,'Chinyere','Musa','chinyere.musa@outlook.com','Owerri','Nigeria','2018-12-14'),
(275,'Ogechi','Alabi','ogechi.alabi@gmail.com','Sokoto','Nigeria','2019-06-08'),
(276,'Monday','Onyia','monday.onyia@gmail.com','Lagos','Nigeria','2022-01-25'),
(277,'Bisi','Okonkwo','bisi.okonkwo@gmail.com','Gombe','Nigeria','2023-06-15'),
(278,'Abubakar','Obi','abubakar.obi@gmail.com','Lagos','Nigeria','2021-04-26'),
(279,'Temidayo','Orji','temidayo.orji@icloud.com','Kaduna','Nigeria','2018-06-04'),
(280,'Ifeoma','Aneke','ifeoma.aneke@gmail.com','Lagos','Nigeria','2019-10-27'),
(281,'Usman','Adetunji','usman.adetunji@yahoo.com','Lagos','Nigeria','2022-08-10'),
(282,'Aisha','Chukwu','aisha.chukwu@outlook.com','Abuja','Nigeria','2023-01-13'),
(283,'Shehu','Suleiman','shehu.suleiman@yahoo.com','Maiduguri','Nigeria','2020-03-05'),
(284,'Modupe','Dike','modupe.dike@live.com','Abuja','Nigeria','2022-04-14'),
(285,'Kemi','Ogundimu','kemi.ogundimu@outlook.com','Lagos','Nigeria','2020-10-21'),
(286,'Ayodeji','Aliyu','ayodeji.aliyu@yahoo.com','Lagos','Nigeria','2023-10-15'),
(287,'Daniel','Fashola','daniel.fashola@live.com','Lagos','Nigeria','2021-01-22'),
(288,'Oluchi','Okeke','oluchi.okeke@gmail.com','Abuja','Nigeria','2023-01-22'),
(289,'Adaeze','Magaji','adaeze.magaji@gmail.com','Ibadan','Nigeria','2023-08-19'),
(290,'Aisha','Lawal','aisha.lawal@gmail.com','Ibadan','Nigeria','2020-07-08'),
(291,'Peter','Nwachukwu','peter.nwachukwu@hotmail.com','Warri','Nigeria','2021-10-05'),
(292,'Nnamdi','Adeyemi','nnamdi.adeyemi@gmail.com','Maiduguri','Nigeria','2023-04-20'),
(293,'Adewale','Ugwu','adewale.ugwu@outlook.com','Lagos','Nigeria','2018-11-21'),
(294,'Lawal','Okonkwo','lawal.okonkwo@gmail.com','Benin City','Nigeria','2023-12-02'),
(295,'Gift','Opoku','gift.opoku@gmail.com','Kano','Nigeria','2019-05-15'),
(296,'Shehu','Magaji','shehu.magaji@outlook.com','Suleja','Nigeria','2023-02-16'),
(297,'Segun','Nwofor','segun.nwofor@outlook.com','Kaduna','Nigeria','2018-03-09'),
(298,'Obinna','Otieno','obinna.otieno@gmail.com','Lagos','Nigeria','2021-12-16'),
(299,'Sunday','Oduya','sunday.oduya@hotmail.com','Calabar','Nigeria','2018-12-17'),
(300,'Peace','Okpara','peace.okpara@yahoo.com','Kaduna','Nigeria','2023-09-11'),
(301,'Chukwudi','Okoro','chukwudi.okoro@gmail.com','Ilorin','Nigeria','2022-05-04'),
(302,'Hauwa','Sowemimo','hauwa.sowemimo@gmail.com','Ibadan','Nigeria','2018-10-04'),
(303,'Aisha','Adeyinka','aisha.adeyinka@outlook.com','Ilorin','Nigeria','2019-03-01'),
(304,'Nneka','Ibrahim','nneka.ibrahim@gmail.com','Benin City','Nigeria','2021-10-18'),
(305,'Oluwaseun','Adepoju','oluwaseun.adepoju@yahoo.com','Ilorin','Nigeria','2020-01-17'),
(306,'Dayo','Adesola','dayo.adesola@live.com','Port Harcourt','Nigeria','2018-06-01'),
(307,'Funke','Ibrahim','funke.ibrahim@gmail.com','Lagos','Nigeria','2021-07-16'),
(308,'Chinyere','Orji','chinyere.orji@yahoo.com','Abuja','Nigeria','2018-05-30'),
(309,'Daniel','Danladi','daniel.danladi@live.com','Lagos','Nigeria','2021-09-21'),
(310,'Chidinma','Aliyu','chidinma.aliyu@yahoo.com','Ibadan','Nigeria','2022-12-07'),
(311,'Ogochukwu','Oduya','ogochukwu.oduya@yahoo.com','Uyo','Nigeria','2023-07-31'),
(312,'Ramatu','Fashola','ramatu.fashola@icloud.com','Port Harcourt','Nigeria','2018-11-20'),
(313,'Bisi','Orji','bisi.orji@gmail.com','Kano','Nigeria','2019-02-25'),
(314,'James','Abiodun','james.abiodun@gmail.com','Kano','Nigeria','2023-01-01'),
(315,'Temi','Adeosun','temi.adeosun@yahoo.com','Kano','Nigeria','2023-01-06'),
(316,'Okechukwu','Agu','okechukwu.agu@yahoo.com','Abuja','Nigeria','2018-08-23'),
(317,'Ifeanyi','Yakubu','ifeanyi.yakubu@yahoo.com','Akure','Nigeria','2019-10-18'),
(318,'Obinna','Ekwueme','obinna.ekwueme@hotmail.com','Oshogbo','Nigeria','2022-11-30'),
(319,'Ike','Osei','ike.osei@gmail.com','Katsina','Nigeria','2022-02-09'),
(320,'Adannaya','Nweze','adannaya.nweze@gmail.com','Jos','Nigeria','2019-09-21'),
(321,'Uchenna','Aliyu','uchenna.aliyu@yahoo.com','Minna','Nigeria','2018-11-11'),
(322,'Chukwuemeka','Shehu','chukwuemeka.shehu@gmail.com','Warri','Nigeria','2021-02-15'),
(323,'Segun','Bello','segun.bello@icloud.com','Lagos','Nigeria','2023-08-07'),
(324,'Chidinma','Danso','chidinma.danso@live.com','Abuja','Nigeria','2023-01-02'),
(325,'Daniel','Adeosun','daniel.adeosun@yahoo.com','Abuja','Nigeria','2019-05-18'),
(326,'Wale','Ugwu','wale.ugwu@gmail.com','Abeokuta','Nigeria','2022-12-29'),
(327,'Peter','Adekunle','peter.adekunle@gmail.com','Owerri','Nigeria','2018-09-23'),
(328,'Nkechi','Yusuf','nkechi.yusuf@hotmail.com','Owerri','Nigeria','2019-12-15'),
(329,'Toyin','Falola','toyin.falola@gmail.com','Suleja','Nigeria','2019-07-23'),
(330,'Olamide','Bello','olamide.bello@gmail.com','Benin City','Nigeria','2022-02-20'),
(331,'Ifeoma','Agu','ifeoma.agu@gmail.com','Lagos','Nigeria','2021-06-20'),
(332,'Folake','Okpara','folake.okpara@gmail.com','Gombe','Nigeria','2022-08-05'),
(333,'Ike','Muhammad','ike.muhammad@outlook.com','Lagos','Nigeria','2023-01-18'),
(334,'Chiamaka','Musa','chiamaka.musa@live.com','Benin City','Nigeria','2020-01-16'),
(335,'Prince','Onuoha','prince.onuoha@gmail.com','Maiduguri','Nigeria','2019-05-24'),
(336,'Emmanuel','Garba','emmanuel.garba@gmail.com','Kano','Nigeria','2020-07-12'),
(337,'Hadiza','Fashola','hadiza.fashola@gmail.com','Abuja','Nigeria','2024-03-06'),
(338,'Ifeoma','Oluwole','ifeoma.oluwole@gmail.com','Jos','Nigeria','2023-12-26'),
(339,'Temidayo','Alabi','temidayo.alabi2@gmail.com','Aba','Nigeria','2019-09-24'),
(340,'Iniobong','Nweze','iniobong.nweze@gmail.com','Zaria','Nigeria','2018-04-27'),
(341,'Seun','Alabi','seun.alabi@live.com','Aba','Nigeria','2020-12-20'),
(342,'Sunday','Dim','sunday.dim@outlook.com','Lagos','Nigeria','2023-08-02'),
(343,'Nkechi','Amaechi','nkechi.amaechi@gmail.com','Ado-Ekiti','Nigeria','2022-07-22'),
(344,'Olabisi','Asante','olabisi.asante@hotmail.com','Lagos','Nigeria','2019-10-10'),
(345,'Patricia','Amaechi','patricia.amaechi@yahoo.com','Abuja','Nigeria','2021-10-25'),
(346,'Peter','Adesola','peter.adesola@gmail.com','Asaba','Nigeria','2021-11-15'),
(347,'Ifeoma','Aliyu','ifeoma.aliyu@yahoo.com','Benin City','Nigeria','2019-03-11'),
(348,'Aisha','Dike','aisha.dike@gmail.com','Abuja','Nigeria','2023-01-16'),
(349,'Obinna','Nwachukwu','obinna.nwachukwu@gmail.com','Kano','Nigeria','2022-04-23'),
(350,'Zainab','Yusuf','zainab.yusuf@gmail.com','Aba','Nigeria','2021-07-04'),
(351,'Musa','Nwofor','musa.nwofor@yahoo.com','Enugu','Nigeria','2023-08-05'),
(352,'Abimbola','Eze','abimbola.eze@gmail.com','Ibadan','Nigeria','2023-09-02'),
(353,'Aisha','Okonkwo','aisha.okonkwo@yahoo.com','Ibadan','Nigeria','2018-07-19'),
(354,'Daniel','Nwofor','daniel.nwofor@outlook.com','Warri','Nigeria','2023-04-12'),
(355,'Ngozi','Obiora','ngozi.obiora@yahoo.com','Lagos','Nigeria','2020-12-19'),
(356,'Onyinye','Yakubu','onyinye.yakubu@gmail.com','Ibadan','Nigeria','2018-07-29'),
(357,'Chukwuemeka','Mbah','chukwuemeka.mbah@gmail.com','Lagos','Nigeria','2022-05-02'),
(358,'Bilkisu','Dim','bilkisu.dim@hotmail.com','Jos','Nigeria','2019-05-02'),
(359,'Lanre','Shehu','lanre.shehu@gmail.com','Suleja','Nigeria','2021-10-20'),
(360,'Oluchi','Ogundimu','oluchi.ogundimu@outlook.com','Kaduna','Nigeria','2022-07-03'),
(361,'Seun','Adeyemi','seun.adeyemi@gmail.com','Abeokuta','Nigeria','2021-09-26'),
(362,'Olabisi','Balogun','olabisi.balogun@outlook.com','Kaduna','Nigeria','2019-07-27'),
(363,'Uloma','Yusuf','uloma.yusuf@gmail.com','Jos','Nigeria','2021-05-10'),
(364,'Adewunmi','Onyia','adewunmi.onyia@yahoo.com','Enugu','Nigeria','2021-05-12'),
(365,'Chioma','Aliyu','chioma.aliyu@gmail.com','Calabar','Nigeria','2019-03-25'),
(366,'Ebele','Adetunji','ebele.adetunji@hotmail.com','Ilorin','Nigeria','2018-04-20'),
(367,'Maryam','Abioye','maryam.abioye@live.com','Aba','Nigeria','2020-07-21'),
(368,'Ayodeji','Garba','ayodeji.garba@yahoo.com','Ilorin','Nigeria','2022-04-07'),
(369,'Kabir','Adeyemi','kabir.adeyemi@yahoo.com','Owerri','Nigeria','2019-03-27'),
(370,'Kola','Chukwu','kola.chukwu@gmail.com','Port Harcourt','Nigeria','2019-09-13'),
(371,'Ronke','Tanko','ronke.tanko@yahoo.com','Katsina','Nigeria','2023-04-16'),
(372,'Nnamdi','Ihejirika','nnamdi.ihejirika@gmail.com','Benin City','Nigeria','2021-08-24'),
(373,'Ogechi','Muhammad','ogechi.muhammad@gmail.com','Port Harcourt','Nigeria','2023-12-24'),
(374,'Chinwe','Adeniran','chinwe.adeniran@live.com','Abeokuta','Nigeria','2020-12-18'),
(375,'Yetunde','Acheampong','yetunde.acheampong@gmail.com','Benin City','Nigeria','2021-05-07'),
(376,'Emmanuel','Opoku','emmanuel.opoku@hotmail.com','Abuja','Nigeria','2023-06-26'),
(377,'Folake','Salisu','folake.salisu@yahoo.com','Suleja','Nigeria','2021-01-25'),
(378,'Chidinma','Osita','chidinma.osita@hotmail.com','Benin City','Nigeria','2022-04-05'),
(379,'Chiamaka','Adewale','chiamaka.adewale@gmail.com','Lagos','Nigeria','2021-03-24'),
(380,'Bassey','Chukwu','bassey.chukwu@outlook.com','Abuja','Nigeria','2023-05-17'),
(381,'Bashir','Onyekachi','bashir.onyekachi@gmail.com','Benin City','Nigeria','2021-01-17'),
(382,'Tobi','Agu','tobi.agu@icloud.com','Aba','Nigeria','2020-09-07'),
(383,'Femi','Adekunle','femi.adekunle@yahoo.com','Abuja','Nigeria','2020-08-11'),
(384,'Lanre','Tanko','lanre.tanko@gmail.com','Abeokuta','Nigeria','2023-04-19'),
(385,'Nnamdi','Okafor','nnamdi.okafor@yahoo.com','Lagos','Nigeria','2022-07-25'),
(386,'Folake','Abioye','folake.abioye@gmail.com','Yola','Nigeria','2021-03-22'),
(387,'Hadiza','Alabi','hadiza.alabi@gmail.com','Gombe','Nigeria','2019-01-02'),
(388,'Bayo','Martins','bayo.martins@gmail.com','Lagos','Nigeria','2018-05-29'),
(389,'Abimbola','Oduya','abimbola.oduya@icloud.com','Kano','Nigeria','2018-06-03'),
(390,'Emmanuel','Nweze','emmanuel.nweze@outlook.com','Lagos','Nigeria','2021-10-04'),
(391,'Olabisi','Alabi','olabisi.alabi@yahoo.com','Kaduna','Nigeria','2023-07-17'),
(392,'Temidayo','Dike','temidayo.dike@gmail.com','Lagos','Nigeria','2019-04-07'),
(393,'Kemi','Adeyinka','kemi.adeyinka@yahoo.com','Warri','Nigeria','2020-11-19'),
(394,'Chidi','Sunmola','chidi.sunmola@gmail.com','Suleja','Nigeria','2021-04-23'),
(395,'Ibrahim','Agu','ibrahim.agu@outlook.com','Ibadan','Nigeria','2022-10-18'),
(396,'Faith','Rabiu','faith.rabiu@hotmail.com','Lagos','Nigeria','2020-01-27'),
(397,'Ayodeji','Hassan','ayodeji.hassan@gmail.com','Lagos','Nigeria','2020-12-04'),
(398,'Aisha','Ugwu','aisha.ugwu@icloud.com','Abuja','Nigeria','2021-09-12'),
(399,'Ngozi','Danso','ngozi.danso@outlook.com','Ibadan','Nigeria','2020-08-25'),
(400,'Uche','Dike','uche.dike@gmail.com','Lagos','Nigeria','2022-07-19'),
(401,'Chidinma','Olusanya','chidinma.olusanya@gmail.com','Ibadan','Nigeria','2020-06-23'),
(402,'Nnamdi','Amaechi','nnamdi.amaechi@gmail.com','Port Harcourt','Nigeria','2022-03-11'),
(403,'Temitope','Olatunde','temitope.olatunde@yahoo.com','Akure','Nigeria','2020-06-13'),
(404,'Dele','Okpara','dele.okpara@yahoo.com','Kaduna','Nigeria','2022-01-21'),
(405,'Segun','Mensah','segun.mensah@yahoo.com','Kaduna','Nigeria','2020-04-08'),
(406,'Usman','Hassan','usman.hassan@yahoo.com','Port Harcourt','Nigeria','2019-04-22'),
(407,'Babatunde','Adesanya','babatunde.adesanya@yahoo.com','PortHarcourt','Nigeria','2018-08-16'),
(408,'Ifeoma','Onyia','ifeoma.onyia@gmail.com','Port Harcourt','Nigeria','2018-08-25'),
(409,'Ebele','Adetunji','ebele.adetunji1@gmail.com','Ibadan','Nigeria','2020-11-08'),
(410,'Yusuf','Uzor','yusuf.uzor@gmail.com','Lagos','Nigeria','2022-10-02'),
(411,'Peace','Orji','peace.orji@gmail.com','Lagos','Nigeria','2023-04-18'),
(412,'Daniel','Tanko','daniel.tanko@gmail.com','Gombe','Nigeria','2019-07-09'),
(413,'Uchenna','Idris','uchenna.idris@yahoo.com','Ibadan','Nigeria','2022-03-19'),
(414,'Nnamdi','Abioye','nnamdi.abioye@gmail.com','Lagos','Nigeria','2020-01-02'),
(415,'Ifeoma','Adeyinka','ifeoma.adeyinka@gmail.com','Maiduguri','Nigeria','2018-01-15'),
(416,'Emmanuel','Dike','emmanuel.dike@hotmail.com','Abeokuta','Nigeria','2024-02-09'),
(417,'Ogechi','Boateng','ogechi.boateng@gmail.com','Port Harcourt','Nigeria','2021-11-18'),
(418,'David','Adebayo','david.adebayo@hotmail.com','Minna','Nigeria','2019-04-08'),
(419,'Sunday','Agu','sunday.agu@live.com','Lagos','Nigeria','2020-09-12'),
(420,'Dayo','Nwachukwu','dayo.nwachukwu@outlook.com','Lagos','Nigeria','2023-01-03'),
(421,'Kabir','Sunmola','kabir.sunmola@gmail.com','Ibadan','Nigeria','2022-12-03'),
(422,'Yusuf','Olatunde','yusuf.olatunde@live.com','Lagos','Nigeria','2019-07-28'),
(423,'Fatima','Adeyinka','fatima.adeyinka@yahoo.com','Kano','Nigeria','2021-08-06'),
(424,'Emmanuel','Adewale','emmanuel.adewale@outlook.com','Kaduna','Nigeria','2020-06-24'),
(425,'Nkechi','Agyemang','nkechi.agyemang@gmail.com','Benin City','Nigeria','2019-12-19'),
(426,'Abimbola','Afolabi','abimbola.afolabi@gmail.com','Warri','Nigeria','2022-04-11'),
(427,'Patricia','Tanko','patricia.tanko@gmail.com','Kano','Nigeria','2022-03-22'),
(428,'Adewale','Amponsah','adewale.amponsah@gmail.com','Kano','Nigeria','2019-08-15'),
(429,'Joy','Okereke','joy.okereke@gmail.com','Port Harcourt','Nigeria','2023-12-11'),
(430,'Chukwudi','Acheampong','chukwudi.acheampong@gmail.com','Abuja','Nigeria','2021-09-14'),
(431,'Charles','Aliyu','charles.aliyu@gmail.com','Kaduna','Nigeria','2020-02-20'),
(432,'Michael','Idris','michael.idris@hotmail.com','Jos','Nigeria','2018-06-11'),
(433,'Ahmed','Ofor','ahmed.ofor@hotmail.com','Calabar','Nigeria','2020-06-07'),
(434,'Ronke','Usman','ronke.usman@gmail.com','Lagos','Nigeria','2020-05-17'),
(435,'Uche','Sowemimo','uche.sowemimo@icloud.com','Enugu','Nigeria','2020-09-20'),
(436,'Chinedu','Amponsah','chinedu.amponsah@yahoo.com','Kano','Nigeria','2021-03-05'),
(437,'Oluwakemi','Onyekachi','oluwakemi.onyekachi@outlook.com','Ibadan','Nigeria','2021-06-17'),
(438,'Chibundo','Onyia','chibundo.onyia@yahoo.com','Enugu','Nigeria','2019-02-08'),
(439,'Uloma','Oladele','uloma.oladele@gmail.com','Kano','Nigeria','2022-08-23'),
(440,'Abubakar','Sunmola','abubakar.sunmola@gmail.com','Lagos','Nigeria','2020-12-04'),
(441,'Amina','Balogun','amina.balogun@gmail.com','Kano','Nigeria','2020-07-31'),
(442,'Zainab','Nwofor','zainab.nwofor@yahoo.com','Warri','Nigeria','2021-10-14'),
(443,'Simisola','Adetunji','simisola.adetunji@outlook.com','Bauchi','Nigeria','2023-07-03'),
(444,'Temi','Adeyinka','temi.adeyinka@gmail.com','Lagos','Nigeria','2019-07-28'),
(445,'Bisi','Orji','bisi.orji@outlook.com','Lagos','Nigeria','2023-11-17'),
(446,'Wale','Adekunle','wale.adekunle@gmail.com','Minna','Nigeria','2018-01-27'),
(447,'Nneka','Oluwole','nneka.oluwole@gmail.com','Lagos','Nigeria','2019-09-11'),
(448,'Yusuf','Onuoha','yusuf.onuoha@yahoo.com','Ibadan','Nigeria','2018-09-05'),
(449,'Simisola','Eze','simisola.eze@gmail.com','Kaduna','Nigeria','2024-03-09'),
(450,'Ngozi','Eze','ngozi.eze@yahoo.com','Abeokuta','Nigeria','2021-01-30'),
(451,'Chioma','Onuoha','chioma.onuoha@hotmail.com','Calabar','Nigeria','2022-10-30'),
(452,'Tobi','Nwachukwu','tobi.nwachukwu@yahoo.com','Lagos','Nigeria','2020-09-14'),
(453,'Lawal','Danladi','lawal.danladi@gmail.com','Suleja','Nigeria','2022-06-14'),
(454,'Ikechukwu','Rabiu','ikechukwu.rabiu@yahoo.com','Benin City','Nigeria','2020-09-23'),
(455,'Emmanuel','Adeola','emmanuel.adeola@gmail.com','Warri','Nigeria','2018-05-10'),
(456,'Ifeanyi','Idris','ifeanyi.idris@gmail.com','Benin City','Nigeria','2023-05-04'),
(457,'Chidi','Adepoju','chidi.adepoju@gmail.com','Lagos','Nigeria','2023-08-10'),
(458,'Isioma','Nweze','isioma.nweze@gmail.com','Kaduna','Nigeria','2018-06-24'),
(459,'Yusuf','Adeosun','yusuf.adeosun@yahoo.com','Enugu','Nigeria','2021-01-15'),
(460,'Wale','Adeola','wale.adeola@gmail.com','Benin City','Nigeria','2018-05-15'),
(461,'Peter','Eze','peter.eze@gmail.com','Aba','Nigeria','2019-08-14'),
(462,'Mercy','Abubakar','mercy.abubakar@gmail.com','Benin City','Nigeria','2020-09-11'),
(463,'Isioma','Lawal','isioma.lawal@icloud.com','Bauchi','Nigeria','2019-07-28'),
(464,'Temidayo','Sowemimo','temidayo.sowemimo@gmail.com','Lagos','Nigeria','2019-02-05'),
(465,'Fatima','Asante','fatima.asante@gmail.com','Jos','Nigeria','2022-06-13'),
(466,'Adaeze','Olusanya','adaeze.olusanya@gmail.com','Oshogbo','Nigeria','2023-01-20'),
(467,'Fatima','Danladi','fatima.danladi@yahoo.com','Ibadan','Nigeria','2022-11-04'),
(468,'Obiora','Fashola','obiora.fashola@live.com','Ilorin','Nigeria','2021-04-24'),
(469,'Wale','Fashola','wale.fashola@gmail.com','Lagos','Nigeria','2022-04-06'),
(470,'Chukwudi','Muhammad','chukwudi.muhammad@gmail.com','Lagos','Nigeria','2019-01-10'),
(471,'Joshua','Chukwu','joshua.chukwu@gmail.com','Minna','Nigeria','2021-01-09'),
(472,'Ike','Adesanya','ike.adesanya@gmail.com','Port Harcourt','Nigeria','2023-01-13'),
(473,'Precious','Bello','precious.bello@gmail.com','Ibadan','Nigeria','2024-03-20'),
(474,'James','Lawal','james.lawal@gmail.com','Kano','Nigeria','2022-08-22'),
(475,'Favour','Adetunji','favour.adetunji@yahoo.com','Abuja','Nigeria','2023-11-05'),
(476,'Obiora','Garba','obiora.garba@gmail.com','Abuja','Nigeria','2021-05-18'),
(477,'Abimbola','Adewale','abimbola.adewale@gmail.com','Lagos','Nigeria','2022-11-16'),
(478,'Patricia','Abubakar','patricia.abubakar@yahoo.com','Oshogbo','Nigeria','2018-11-12'),
(479,'Hauwa','Acheampong','hauwa.acheampong@hotmail.com','Ilorin','Nigeria','2023-07-24'),
(480,'Richard','Obiora','richard.obiora@gmail.com','Kano','Nigeria','2018-01-28'),
(481,'Isioma','Dim','isioma.dim@gmail.com','Akure','Nigeria','2021-09-11'),
(482,'Isioma','Okeke','isioma.okeke@outlook.com','Jos','Nigeria','2019-07-12'),
(483,'Adaora','Ekwueme','adaora.ekwueme@hotmail.com','Abuja','Nigeria','2023-05-17'),
(484,'Lola','Shehu','lola.shehu@gmail.com','Kano','Nigeria','2023-07-05'),
(485,'James','Idris','james.idris@gmail.com','Sokoto','Nigeria','2022-05-29'),
(486,'Gift','Nweze','gift.nweze@gmail.com','Aba','Nigeria','2024-02-13'),
(487,'Tunde','Adeyinka','tunde.adeyinka@yahoo.com','Owerri','Nigeria','2020-05-08'),
(488,'Amina','Adeosun','amina.adeosun@gmail.com','Sokoto','Nigeria','2022-08-03'),
(489,'Nneka','Olusanya','nneka.olusanya@gmail.com','Abuja','Nigeria','2020-10-31'),
(490,'Monday','Idris','monday.idris@gmail.com','Port Harcourt','Nigeria','2023-05-17'),
(491,'Adewunmi','Adeosun','adewunmi.adeosun@gmail.com','Benin City','Nigeria','2018-05-31'),
(492,'Favour','Obiora','favour.obiora@live.com','Abuja','Nigeria','2021-12-25'),
(493,'Seun','Nweze','seun.nweze@outlook.com','Calabar','Nigeria','2022-06-25'),
(494,'Agnes','Obiora','agnes.obiora@gmail.com','Lagos','Nigeria','2020-11-25'),
(495,'Oluwafemi','Sowemimo','oluwafemi.sowemimo@yahoo.com','BeninCity','Nigeria','2020-06-24'),
(496,'Uchenna','Shehu','uchenna.shehu@yahoo.com','Gombe','Nigeria','2023-08-12'),
(497,'Bassey','Bello','bassey.bello@yahoo.com','Lagos','Nigeria','2021-04-25'),
(498,'Favour','Akindele','favour.akindele@icloud.com','Lagos','Nigeria','2021-11-27'),
(499,'Ogochukwu','Ogbu','ogochukwu.ogbu@gmail.com','Kaduna','Nigeria','2023-06-02'),
(500,'Temitope','Nwachukwu','temitope.nwachukwu@yahoo.com','Abeokuta','Nigeria','2023-01-28'),
(501,'Peace','Abubakar','peace.abubakar@gmail.com','Ado-Ekiti','Nigeria','2019-04-17'),
(502,'Iniobong','Alabi','iniobong.alabi@gmail.com','Calabar','Nigeria','2019-11-05'),
(503,'Adeyinka','Martins','adeyinka.martins@yahoo.com','Lagos','Nigeria','2021-09-17'),
(504,'Oluwakemi','Boateng','oluwakemi.boateng@gmail.com','Ilorin','Nigeria','2020-01-26'),
(505,'Prince','Shehu','prince.shehu@gmail.com','Bauchi','Nigeria','2020-03-19'),
(506,'Josephine','Lawal','josephine.lawal@gmail.com','Owerri','Nigeria','2020-05-29'),
(507,'David','Olatunde','david.olatunde@hotmail.com','Ado-Ekiti','Nigeria','2018-09-14'),
(508,'Sani','Yakubu','sani.yakubu@gmail.com','Abuja','Nigeria','2023-02-18'),
(509,'Victor','Adekunle','victor.adekunle@yahoo.com','Kaduna','Nigeria','2021-07-07'),
(510,'Chinyere','Ofor','chinyere.ofor@gmail.com','Kano','Nigeria','2021-12-12'),
(511,'Lola','Adeniran','lola.adeniran@hotmail.com','Akure','Nigeria','2021-05-03'),
(512,'Nnamdi','Muhammad','nnamdi.muhammad@gmail.com','Abuja','Nigeria','2021-06-04'),
(513,'Sani','Aliyu','sani.aliyu@hotmail.com','Lagos','Nigeria','2023-09-24'),
(514,'Patricia','Aneke','patricia.aneke@gmail.com','Aba','Nigeria','2022-04-21'),
(515,'Bisi','Amadi','bisi.amadi@outlook.com','Kaduna','Nigeria','2019-12-11'),
(516,'Babatunde','Opoku','babatunde.opoku@gmail.com','Lagos','Nigeria','2021-07-12'),
(517,'Grace','Danladi','grace.danladi@gmail.com','Enugu','Nigeria','2019-07-14'),
(518,'Chukwudi','Okereke','chukwudi.okereke@yahoo.com','Warri','Nigeria','2023-07-21'),
(519,'Simisola','Magaji','simisola.magaji@hotmail.com','Port Harcourt','Nigeria','2023-06-25'),
(520,'Dele','Nweze','dele.nweze@gmail.com','Suleja','Nigeria','2020-06-22'),
(521,'Amaka','Agyemang','amaka.agyemang@gmail.com','Kaduna','Nigeria','2021-03-28'),
(522,'Richard','Nweze','richard.nweze@icloud.com','Gombe','Nigeria','2023-07-22'),
(523,'Segun','Kwarteng','segun.kwarteng@live.com','Benin City','Nigeria','2022-02-11'),
(524,'Henry','Orji','henry.orji@gmail.com','Port Harcourt','Nigeria','2019-02-24'),
(525,'Emmanuel','Adeyemi','emmanuel.adeyemi@yahoo.com','Abuja','Nigeria','2021-11-28'),
(526,'Henry','Falola','henry.falola@live.com','Ado-Ekiti','Nigeria','2020-08-28'),
(527,'Bassey','Aderemi','bassey.aderemi@outlook.com','Ilorin','Nigeria','2022-10-20'),
(528,'Nnamdi','Oladele','nnamdi.oladele@gmail.com','Ado-Ekiti','Nigeria','2018-09-01'),
(529,'Bilkisu','Aneke','bilkisu.aneke@yahoo.com','Lagos','Nigeria','2021-08-18'),
(530,'Amina','Osita','amina.osita@gmail.com','Kaduna','Nigeria','2019-01-26'),
(531,'Kingsley','Mensah','kingsley.mensah@gmail.com','Warri','Nigeria','2019-06-04'),
(532,'Kabir','Adewale','kabir.adewale@hotmail.com','Kano','Nigeria','2020-10-10'),
(533,'Simisola','Adewale','simisola.adewale@yahoo.com','Ilorin','Nigeria','2021-01-05'),
(534,'Ogechi','Ugwu','ogechi.ugwu@gmail.com','Ilorin','Nigeria','2019-01-17'),
(535,'Bilkisu','Adeosun','bilkisu.adeosun@gmail.com','Port Harcourt','Nigeria','2023-06-23'),
(536,'Ada','Adeyinka','ada.adeyinka@gmail.com','Asaba','Nigeria','2023-02-21'),
(537,'Peace','Onyekachi','peace.onyekachi@gmail.com','Abuja','Nigeria','2022-10-26'),
(538,'Olamide','Kwarteng','olamide.kwarteng@gmail.com','Maiduguri','Nigeria','2021-03-07'),
(539,'Ifeoma','Nweze','ifeoma.nweze@yahoo.com','Oshogbo','Nigeria','2021-11-08'),
(540,'Seun','Nwachukwu','seun.nwachukwu@outlook.com','Oshogbo','Nigeria','2023-02-26'),
(541,'Uche','Yusuf','uche.yusuf@yahoo.com','Port Harcourt','Nigeria','2018-01-03'),
(542,'Funke','Adeosun','funke.adeosun@gmail.com','Warri','Nigeria','2021-05-21'),
(543,'David','Adesanya','david.adesanya@outlook.com','Ibadan','Nigeria','2020-10-22'),
(544,'Ikechukwu','Adekunle','ikechukwu.adekunle@outlook.com','Lagos','Nigeria','2018-08-01'),
(545,'Ebele','Adetunji','ebele.adetunji1@hotmail.com','Yola','Nigeria','2020-08-17'),
(546,'Faith','Aderemi','faith.aderemi@gmail.com','Lagos','Nigeria','2020-05-24'),
(547,'Mercy','Musa','mercy.musa@outlook.com','Abuja','Nigeria','2023-10-29'),
(548,'Ngozi','Nwosu','ngozi.nwosu@hotmail.com','Kano','Nigeria','2019-05-09'),
(549,'Ifeoma','Amaechi','ifeoma.amaechi@gmail.com','Abuja','Nigeria','2022-04-19'),
(550,'Tobi','Obiora','tobi.obiora@gmail.com','Ibadan','Nigeria','2021-05-10'),
(551,'Obiora','Olatunde','obiora.olatunde@gmail.com','Warri','Nigeria','2019-08-09'),
(552,'Chidi','Agu','chidi.agu@outlook.com','Lagos','Nigeria','2022-12-08'),
(553,'Jumoke','Oluwole','jumoke.oluwole@icloud.com','Lagos','Nigeria','2022-08-14'),
(554,'Jumoke','Adesanya','jumoke.adesanya@gmail.com','Lagos','Nigeria','2019-05-20'),
(555,'Chiamaka','Nnaji','chiamaka.nnaji@gmail.com','Suleja','Nigeria','2019-07-27'),
(556,'David','Alabi','david.alabi@gmail.com','Abuja','Nigeria','2024-03-16'),
(557,'Adaeze','Abiodun','adaeze.abiodun@gmail.com','Abuja','Nigeria','2023-10-22'),
(558,'Chinedu','Otieno','chinedu.otieno@outlook.com','Lagos','Nigeria','2020-09-07'),
(559,'Adannaya','Akindele','adannaya.akindele@gmail.com','Enugu','Nigeria','2018-10-18'),
(560,'Chukwuemeka','Muhammad','chukwuemeka.muhammad@gmail.com','Ibadan','Nigeria','2022-09-20'),
(561,'Lola','Okoro','lola.okoro@live.com','Lagos','Nigeria','2018-03-10'),
(562,'Chidi','Danso','chidi.danso@gmail.com','Lagos','Nigeria','2018-09-05'),
(563,'Adewunmi','Opoku','adewunmi.opoku@outlook.com','Abeokuta','Nigeria','2023-08-15'),
(564,'Josephine','Adepoju','josephine.adepoju@gmail.com','Lagos','Nigeria','2024-01-07'),
(565,'David','Fashola','david.fashola@gmail.com','Lagos','Nigeria','2023-09-26'),
(566,'Adamu','Onyekachi','adamu.onyekachi@gmail.com','Ibadan','Nigeria','2018-09-28'),
(567,'Agnes','Adeyinka','agnes.adeyinka@gmail.com','Lagos','Nigeria','2020-09-28'),
(568,'Prince','Akindele','prince.akindele@yahoo.com','Jos','Nigeria','2018-08-14'),
(569,'Lola','Falola','lola.falola@gmail.com','Owerri','Nigeria','2019-07-17'),
(570,'Musa','Nwofor','musa.nwofor@gmail.com','Kaduna','Nigeria','2023-10-20'),
(571,'Temi','Aliyu','temi.aliyu@gmail.com','Makurdi','Nigeria','2021-01-05'),
(572,'Tunde','Usman','tunde.usman@gmail.com','Abuja','Nigeria','2023-11-16'),
(573,'Victor','Adesola','victor.adesola@yahoo.com','Ilorin','Nigeria','2018-11-12'),
(574,'Olabisi','Onyia','olabisi.onyia@gmail.com','Lagos','Nigeria','2023-08-09'),
(575,'Ikechukwu','Yusuf','ikechukwu.yusuf@gmail.com','Gombe','Nigeria','2019-02-26'),
(576,'Garba','Sunmola','garba.sunmola@yahoo.com','Lagos','Nigeria','2018-06-30'),
(577,'Kabir','Ibrahim','kabir.ibrahim@yahoo.com','Ibadan','Nigeria','2022-04-18'),
(578,'Ibrahim','Adeyemi','ibrahim.adeyemi@yahoo.com','Akure','Nigeria','2022-09-14'),
(579,'James','Acheampong','james.acheampong@gmail.com','Abeokuta','Nigeria','2021-08-03'),
(580,'Mercy','Osita','mercy.osita@gmail.com','Lagos','Nigeria','2023-08-19'),
(581,'Ibrahim','Owusu','ibrahim.owusu@yahoo.com','Lagos','Nigeria','2022-07-01'),
(582,'Oluwaseun','Opoku','oluwaseun.opoku@live.com','Kano','Nigeria','2021-09-02'),
(583,'Richard','Nwosu','richard.nwosu@gmail.com','Abuja','Nigeria','2021-04-09'),
(584,'Zainab','Dike','zainab.dike@gmail.com','Aba','Nigeria','2023-07-14'),
(585,'Kabir','Balogun','kabir.balogun@gmail.com','Port Harcourt','Nigeria','2018-04-08'),
(586,'Bassey','Olusanya','bassey.olusanya@hotmail.com','Lagos','Nigeria','2021-10-04'),
(587,'Obiora','Sunmola','obiora.sunmola@icloud.com','Kano','Nigeria','2019-03-02'),
(588,'Shehu','Magaji','shehu.magaji@yahoo.com','Lagos','Nigeria','2019-08-07'),
(589,'Faith','Ibrahim','faith.ibrahim@gmail.com','Kaduna','Nigeria','2022-08-19'),
(590,'Olabisi','Sowemimo','olabisi.sowemimo@gmail.com','Aba','Nigeria','2019-01-27'),
(591,'Chinedu','Asante','chinedu.asante@outlook.com','Benin City','Nigeria','2018-09-13'),
(592,'Ifeoma','Amponsah','ifeoma.amponsah@gmail.com','Abuja','Nigeria','2021-07-14'),
(593,'Adaora','Muhammad','adaora.muhammad@yahoo.com','Abuja','Nigeria','2020-08-14'),
(594,'Bashir','Obi','bashir.obi@live.com','Gombe','Nigeria','2019-03-23'),
(595,'Tobi','Garba','tobi.garba@yahoo.com','Enugu','Nigeria','2021-07-10'),
(596,'Chidinma','Onyekachi','chidinma.onyekachi@gmail.com','Gombe','Nigeria','2020-04-30'),
(597,'Ebele','Dike','ebele.dike@gmail.com','Lagos','Nigeria','2019-01-06'),
(598,'Emmanuel','Aderemi','emmanuel.aderemi@hotmail.com','Jos','Nigeria','2018-06-15'),
(599,'James','Adewale','james.adewale@gmail.com','Abeokuta','Nigeria','2020-10-13'),
(600,'Chinyere','Onyia','chinyere.onyia@gmail.com','Calabar','Nigeria','2021-05-09'),
(601,'Lola','Bello','lola.bello@gmail.com','Port Harcourt','Nigeria','2024-03-27'),
(602,'Lanre','Dike','lanre.dike@gmail.com','Akure','Nigeria','2019-07-27'),
(603,'Chidi','Mensah','chidi.mensah@live.com','Abuja','Nigeria','2019-06-20'),
(604,'Ifeanyi','Aliyu','ifeanyi.aliyu@hotmail.com','Ilorin','Nigeria','2018-12-11'),
(605,'Mercy','Eze','mercy.eze@gmail.com','Abuja','Nigeria','2022-12-22'),
(606,'Gbenga','Usman','gbenga.usman@gmail.com','Lagos','Nigeria','2023-03-04'),
(607,'Usman','Osita','usman.osita@yahoo.com','Zaria','Nigeria','2022-06-06'),
(608,'Adaeze','Idris','adaeze.idris@hotmail.com','Port Harcourt','Nigeria','2019-12-09'),
(609,'Jumoke','Oduya','jumoke.oduya@gmail.com','Abuja','Nigeria','2023-01-01'),
(610,'Bayo','Agu','bayo.agu@outlook.com','Jos','Nigeria','2020-10-03'),
(611,'Abimbola','Tanko','abimbola.tanko@yahoo.com','Enugu','Nigeria','2018-09-07'),
(612,'David','Lawal','david.lawal@gmail.com','Port Harcourt','Nigeria','2020-03-27'),
(613,'Kola','Idris','kola.idris@hotmail.com','Ibadan','Nigeria','2023-05-19'),
(614,'Chiamaka','Nweze','chiamaka.nweze@yahoo.com','Kano','Nigeria','2022-05-10'),
(615,'Bisi','Bello','bisi.bello@gmail.com','Jos','Nigeria','2020-06-16'),
(616,'David','Mensah','david.mensah@yahoo.com','Kaduna','Nigeria','2022-01-04'),
(617,'Musa','Nwachukwu','musa.nwachukwu@gmail.com','Warri','Nigeria','2020-09-14'),
(618,'Joy','Owusu','joy.owusu@yahoo.com','Akure','Nigeria','2022-05-10'),
(619,'Lola','Martins','lola.martins@gmail.com','Aba','Nigeria','2021-07-26'),
(620,'Adaeze','Aderemi','adaeze.aderemi@hotmail.com','Ibadan','Nigeria','2019-08-06'),
(621,'Olamide','Orji','olamide.orji@gmail.com','Lagos','Nigeria','2023-07-02'),
(622,'Gbenga','Mensah','gbenga.mensah@gmail.com','Jos','Nigeria','2020-06-15'),
(623,'Ayodeji','Okafor','ayodeji.okafor@gmail.com','Jos','Nigeria','2020-04-05'),
(624,'Iniobong','Adesola','iniobong.adesola@gmail.com','Akure','Nigeria','2021-08-18'),
(625,'Kola','Adewale','kola.adewale@outlook.com','Owerri','Nigeria','2019-08-04'),
(626,'Chukwuemeka','Asante','chukwuemeka.asante@gmail.com','Owerri','Nigeria','2022-06-09'),
(627,'Iniobong','Abubakar','iniobong.abubakar@gmail.com','Lagos','Nigeria','2019-10-08'),
(628,'Simisola','Abioye','simisola.abioye@gmail.com','Lagos','Nigeria','2022-01-01'),
(629,'Ibrahim','Idris','ibrahim.idris@gmail.com','Asaba','Nigeria','2021-04-21'),
(630,'Ibrahim','Adeyinka','ibrahim.adeyinka@gmail.com','Owerri','Nigeria','2022-05-23'),
(631,'Sani','Ekwueme','sani.ekwueme@gmail.com','Ado-Ekiti','Nigeria','2020-06-23'),
(632,'Olamide','Adewale','olamide.adewale@gmail.com','Makurdi','Nigeria','2018-11-15'),
(633,'Bassey','Muhammad','bassey.muhammad@gmail.com','Ilorin','Nigeria','2018-12-30'),
(634,'Omowumi','Nwosu','omowumi.nwosu@gmail.com','Abuja','Nigeria','2020-10-19'),
(635,'Bassey','Asamoah','bassey.asamoah@gmail.com','Abeokuta','Nigeria','2018-01-06'),
(636,'Chukwudi','Chukwu','chukwudi.chukwu@icloud.com','Port Harcourt','Nigeria','2019-11-13'),
(637,'Abimbola','Idris','abimbola.idris@gmail.com','Benin City','Nigeria','2022-03-18'),
(638,'Ayodeji','Osita','ayodeji.osita@outlook.com','Minna','Nigeria','2020-07-12'),
(639,'Charles','Asante','charles.asante@gmail.com','Kano','Nigeria','2018-03-24'),
(640,'Maryam','Obiora','maryam.obiora@gmail.com','Kano','Nigeria','2019-11-28'),
(641,'Kemi','Adeyinka','kemi.adeyinka@gmail.com','Benin City','Nigeria','2019-01-17'),
(642,'Folake','Aderemi','folake.aderemi@gmail.com','Port Harcourt','Nigeria','2019-11-07'),
(643,'Kemi','Afolabi','kemi.afolabi@gmail.com','Kano','Nigeria','2020-04-21'),
(644,'Kingsley','Adepoju','kingsley.adepoju@yahoo.com','Abeokuta','Nigeria','2024-01-22'),
(645,'Hadiza','Abubakar','hadiza.abubakar@gmail.com','Lagos','Nigeria','2018-07-23'),
(646,'Simisola','Balogun','simisola.balogun@gmail.com','Ibadan','Nigeria','2018-01-16'),
(647,'Faith','Otieno','faith.otieno@outlook.com','Ilorin','Nigeria','2023-05-22'),
(648,'Lanre','Bello','lanre.bello@gmail.com','Lagos','Nigeria','2021-04-10'),
(649,'Adewale','Akindele','adewale.akindele@gmail.com','Oshogbo','Nigeria','2022-06-17'),
(650,'Simisola','Abiodun','simisola.abiodun@gmail.com','Lagos','Nigeria','2024-02-07'),
(651,'Bisi','Aliyu','bisi.aliyu@gmail.com','Ibadan','Nigeria','2020-02-04'),
(652,'Blessing','Danso','blessing.danso@yahoo.com','Enugu','Nigeria','2020-12-14'),
(653,'Michael','Nweze','michael.nweze@gmail.com','Lagos','Nigeria','2019-02-01'),
(654,'Bassey','Orji','bassey.orji@gmail.com','Yola','Nigeria','2020-07-20'),
(655,'Chukwudi','Ihejirika','chukwudi.ihejirika@gmail.com','Kaduna','Nigeria','2023-04-29'),
(656,'Adewale','Abubakar','adewale.abubakar@gmail.com','Ibadan','Nigeria','2018-05-23'),
(657,'Uche','Olatunde','uche.olatunde@yahoo.com','Lagos','Nigeria','2019-11-16'),
(658,'Ahmed','Musa','ahmed.musa@gmail.com','Port Harcourt','Nigeria','2018-11-17'),
(659,'Funke','Oluwole','funke.oluwole@gmail.com','Maiduguri','Nigeria','2020-11-22'),
(660,'Peace','Adesanya','peace.adesanya1@gmail.com','Benin City','Nigeria','2022-06-16'),
(661,'Bilkisu','Ihejirika','bilkisu.ihejirika@yahoo.com','Lagos','Nigeria','2023-11-11'),
(662,'Gift','Magaji','gift.magaji@gmail.com','Lagos','Nigeria','2019-02-15'),
(663,'Lanre','Opoku','lanre.opoku@yahoo.com','Kano','Nigeria','2022-08-11'),
(664,'Adannaya','Abioye','adannaya.abioye@yahoo.com','Aba','Nigeria','2023-04-22'),
(665,'Ibrahim','Agyemang','ibrahim.agyemang@gmail.com','Lagos','Nigeria','2022-07-04'),
(666,'Chinedu','Usman','chinedu.usman@hotmail.com','Abuja','Nigeria','2018-07-21'),
(667,'Ramatu','Aliyu','ramatu.aliyu@gmail.com','Kano','Nigeria','2021-05-26'),
(668,'Bilkisu','Amadi','bilkisu.amadi@hotmail.com','Uyo','Nigeria','2019-02-07'),
(669,'Nnamdi','Abubakar','nnamdi.abubakar@icloud.com','Port Harcourt','Nigeria','2021-08-07'),
(670,'Patricia','Ekwueme','patricia.ekwueme@outlook.com','Lagos','Nigeria','2020-02-09'),
(671,'Jumoke','Tanko','jumoke.tanko@icloud.com','Enugu','Nigeria','2023-10-17'),
(672,'Joy','Onyia','joy.onyia@gmail.com','Lagos','Nigeria','2021-06-28'),
(673,'Nneka','Okpara','nneka.okpara@yahoo.com','Lagos','Nigeria','2019-12-13'),
(674,'Bashir','Mensah','bashir.mensah@gmail.com','Lagos','Nigeria','2023-02-13'),
(675,'Chukwuemeka','Aderemi','chukwuemeka.aderemi@gmail.com','Abuja','Nigeria','2022-02-17'),
(676,'Adewunmi','Shehu','adewunmi.shehu@outlook.com','Lagos','Nigeria','2018-05-06'),
(677,'Ikechukwu','Amadi','ikechukwu.amadi@outlook.com','Port Harcourt','Nigeria','2019-12-29'),
(678,'Chiamaka','Salisu','chiamaka.salisu@gmail.com','Abuja','Nigeria','2019-01-06'),
(679,'Adaeze','Lawal','adaeze.lawal@gmail.com','Lagos','Nigeria','2020-05-27'),
(680,'Abubakar','Adeniran','abubakar.adeniran@gmail.com','Abuja','Nigeria','2022-08-05'),
(681,'Chidi','Okoro','chidi.okoro@gmail.com','Warri','Nigeria','2019-12-11'),
(682,'Abubakar','Asamoah','abubakar.asamoah@outlook.com','Ado-Ekiti','Nigeria','2021-06-05'),
(683,'Josephine','Idris','josephine.idris@gmail.com','Port Harcourt','Nigeria','2020-10-29'),
(684,'Oluwaseun','Abubakar','oluwaseun.abubakar@hotmail.com','Kaduna','Nigeria','2022-06-15'),
(685,'Emeka','Onyia','emeka.onyia@outlook.com','Ibadan','Nigeria','2021-03-03'),
(686,'Precious','Amaechi','precious.amaechi@gmail.com','Kano','Nigeria','2021-02-06'),
(687,'Bilkisu','Danso','bilkisu.danso@outlook.com','Abeokuta','Nigeria','2021-05-08'),
(688,'Adamu','Ihejirika','adamu.ihejirika@live.com','Abuja','Nigeria','2018-08-21'),
(689,'Uloma','Adeola','uloma.adeola@gmail.com','Abeokuta','Nigeria','2018-04-15'),
(690,'Amina','Danso','amina.danso@gmail.com','Ibadan','Nigeria','2022-05-10'),
(691,'Ahmed','Abdullahi','ahmed.abdullahi@hotmail.com','Abeokuta','Nigeria','2020-06-29'),
(692,'Chinwe','Onuoha','chinwe.onuoha@gmail.com','Lagos','Nigeria','2020-01-12'),
(693,'Hope','Okoro','hope.okoro@gmail.com','Bauchi','Nigeria','2020-11-25'),
(694,'Edet','Abioye','edet.abioye@gmail.com','Abuja','Nigeria','2021-12-26'),
(695,'Joshua','Magaji','joshua.magaji@gmail.com','Ibadan','Nigeria','2020-12-03'),
(696,'Oluwakemi','Falola','oluwakemi.falola@yahoo.com','Lagos','Nigeria','2018-10-19'),
(697,'Yetunde','Onuoha','yetunde.onuoha@gmail.com','Uyo','Nigeria','2022-04-13'),
(698,'Stella','Afolabi','stella.afolabi@gmail.com','Lagos','Nigeria','2020-03-31'),
(699,'Stella','Nweze','stella.nweze@yahoo.com','Lagos','Nigeria','2021-07-19'),
(700,'Dele','Amadi','dele.amadi@gmail.com','Ilorin','Nigeria','2019-12-26'),
(701,'Joy','Okafor','joy.okafor@yahoo.com','Abuja','Nigeria','2020-05-07'),
(702,'Musa','Amadi','musa.amadi@live.com','Katsina','Nigeria','2018-12-27'),
(703,'Prince','Olusanya','prince.olusanya@gmail.com','Ibadan','Nigeria','2022-10-24'),
(704,'Adannaya','Okafor','adannaya.okafor@gmail.com','Kaduna','Nigeria','2020-03-27'),
(705,'Ngozi','Hassan','ngozi.hassan@icloud.com','Maiduguri','Nigeria','2023-12-16'),
(706,'Kola','Adeniran','kola.adeniran@gmail.com','Ilorin','Nigeria','2020-10-16'),
(707,'Bassey','Suleiman','bassey.suleiman@gmail.com','Lagos','Nigeria','2022-04-21'),
(708,'Temi','Osei','temi.osei@gmail.com','Kano','Nigeria','2021-04-06'),
(709,'Ogochukwu','Okeke','ogochukwu.okeke@hotmail.com','Lagos','Nigeria','2021-11-04'),
(710,'Chinwe','Olatunde','chinwe.olatunde@gmail.com','Lagos','Nigeria','2022-07-11'),
(711,'Garba','Owusu','garba.owusu@icloud.com','Lagos','Nigeria','2020-05-15'),
(712,'Temidayo','Garba','temidayo.garba@gmail.com','Ibadan','Nigeria','2018-06-03'),
(713,'Hauwa','Onyekachi','hauwa.onyekachi@outlook.com','Lagos','Nigeria','2018-07-16'),
(714,'Kola','Afolabi','kola.afolabi@hotmail.com','Lagos','Nigeria','2022-09-04'),
(715,'Ogechi','Falola','ogechi.falola@yahoo.com','Abuja','Nigeria','2023-04-28'),
(716,'Haruna','Adeosun','haruna.adeosun@hotmail.com','Ilorin','Nigeria','2018-02-08'),
(717,'Patricia','Abiodun','patricia.abiodun@gmail.com','Warri','Nigeria','2023-11-02'),
(718,'Nneka','Magaji','nneka.magaji@gmail.com','Kaduna','Nigeria','2019-04-28'),
(719,'Gift','Obiora','gift.obiora@yahoo.com','Abuja','Nigeria','2020-03-29'),
(720,'Funke','Danladi','funke.danladi@hotmail.com','Port Harcourt','Nigeria','2021-04-24'),
(721,'Seun','Mbah','seun.mbah@yahoo.com','Abuja','Nigeria','2023-05-23'),
(722,'Aisha','Okafor','aisha.okafor@gmail.com','Calabar','Nigeria','2018-12-31'),
(723,'Olamide','Balogun','olamide.balogun@gmail.com','Katsina','Nigeria','2023-09-27'),
(724,'Lanre','Asamoah','lanre.asamoah@outlook.com','Abuja','Nigeria','2023-02-14'),
(725,'Maryam','Dike','maryam.dike@gmail.com','Lagos','Nigeria','2019-12-17'),
(726,'Samuel','Yakubu','samuel.yakubu@hotmail.com','Kano','Nigeria','2022-10-11'),
(727,'Lanre','Ibrahim','lanre.ibrahim@gmail.com','Lagos','Nigeria','2019-11-30'),
(728,'Chinwe','Chukwu','chinwe.chukwu@outlook.com','Abuja','Nigeria','2019-01-16'),
(729,'Ogochukwu','Oduya','ogochukwu.oduya@gmail.com','Ibadan','Nigeria','2022-06-28'),
(730,'Ramatu','Lawal','ramatu.lawal@hotmail.com','Enugu','Nigeria','2022-09-24'),
(731,'Segun','Musa','segun.musa@hotmail.com','Abeokuta','Nigeria','2018-08-29'),
(732,'Tobi','Magaji','tobi.magaji@outlook.com','Enugu','Nigeria','2022-11-30'),
(733,'Obiora','Danladi','obiora.danladi@outlook.com','Lagos','Nigeria','2019-06-20'),
(734,'Simisola','Akindele','simisola.akindele@gmail.com','Port Harcourt','Nigeria','2018-07-08'),
(735,'Victor','Abioye','victor.abioye@gmail.com','Lagos','Nigeria','2023-11-20'),
(736,'Iniobong','Ihejirika','iniobong.ihejirika@yahoo.com','Uyo','Nigeria','2019-01-26'),
(737,'Zainab','Amaechi','zainab.amaechi@gmail.com','Warri','Nigeria','2022-04-26'),
(738,'Femi','Nwosu','femi.nwosu@outlook.com','Lagos','Nigeria','2023-09-02'),
(739,'Abimbola','Garba','abimbola.garba@gmail.com','Yola','Nigeria','2023-07-07'),
(740,'Aisha','Usman','aisha.usman@gmail.com','Lagos','Nigeria','2023-09-08'),
(741,'Obiora','Rabiu','obiora.rabiu@gmail.com','Lagos','Nigeria','2023-02-24'),
(742,'Omowumi','Adesanya','omowumi.adesanya@yahoo.com','Port Harcourt','Nigeria','2021-07-18'),
(743,'Olamide','Sowemimo','olamide.sowemimo@outlook.com','Lagos','Nigeria','2019-02-25'),
(744,'Stella','Adeyemi','stella.adeyemi@yahoo.com','Benin City','Nigeria','2018-01-01'),
(745,'Emmanuel','Onyia','emmanuel.onyia@yahoo.com','Abuja','Nigeria','2023-02-12'),
(746,'Chibundo','Afolabi','chibundo.afolabi@gmail.com','Port Harcourt','Nigeria','2021-09-21'),
(747,'Chibundo','Adesola','chibundo.adesola@yahoo.com','Lagos','Nigeria','2019-02-04'),
(748,'Emeka','Abdullahi','emeka.abdullahi@gmail.com','Maiduguri','Nigeria','2021-04-10'),
(749,'Precious','Ibrahim','precious.ibrahim@gmail.com','Enugu','Nigeria','2019-07-30'),
(750,'Precious','Asamoah','precious.asamoah@outlook.com','Abuja','Nigeria','2020-02-08'),
(751,'Chinedu','Okonkwo','chinedu.okonkwo@yahoo.com','Zaria','Nigeria','2020-02-20'),
(752,'Precious','Olatunde','precious.olatunde@gmail.com','Lagos','Nigeria','2019-05-20'),
(753,'Olabisi','Abiodun','olabisi.abiodun@outlook.com','Kaduna','Nigeria','2019-07-06'),
(754,'Ada','Okpara','ada.okpara@icloud.com','Lagos','Nigeria','2024-03-16'),
(755,'Folake','Onyia','folake.onyia@live.com','Lagos','Nigeria','2019-12-13'),
(756,'Tobi','Lawal','tobi.lawal@outlook.com','Jos','Nigeria','2021-08-11'),
(757,'Patricia','Ekwueme','patricia.ekwueme@hotmail.com','Minna','Nigeria','2020-10-13'),
(758,'Chinyere','Abdullahi','chinyere.abdullahi@gmail.com','Port Harcourt','Nigeria','2019-07-01'),
(759,'Kingsley','Ekwueme','kingsley.ekwueme@hotmail.com','Makurdi','Nigeria','2023-09-30'),
(760,'Uloma','Adesola','uloma.adesola@icloud.com','Benin City','Nigeria','2020-06-09'),
(761,'Haruna','Dim','haruna.dim@hotmail.com','Kano','Nigeria','2021-11-15'),
(762,'Ibrahim','Onuoha','ibrahim.onuoha@yahoo.com','Uyo','Nigeria','2021-08-13'),
(763,'Okechukwu','Okereke','okechukwu.okereke@yahoo.com','Aba','Nigeria','2022-09-06'),
(764,'Josephine','Nwosu','josephine.nwosu@yahoo.com','Lagos','Nigeria','2018-04-14'),
(765,'Oluchi','Afolabi','oluchi.afolabi@hotmail.com','Lagos','Nigeria','2020-03-29'),
(766,'Kemi','Opoku','kemi.opoku@hotmail.com','Abuja','Nigeria','2019-08-23'),
(767,'Samuel','Oladele','samuel.oladele@icloud.com','Benin City','Nigeria','2018-05-13'),
(768,'Omowumi','Obiora','omowumi.obiora@outlook.com','Calabar','Nigeria','2020-07-07'),
(769,'Aisha','Onyia','aisha.onyia@hotmail.com','Abuja','Nigeria','2018-07-12'),
(770,'Adannaya','Magaji','adannaya.magaji@hotmail.com','Kano','Nigeria','2024-03-11'),
(771,'Chidi','Sowemimo','chidi.sowemimo@gmail.com','Abuja','Nigeria','2022-12-20'),
(772,'Ikechukwu','Olatunde','ikechukwu.olatunde@outlook.com','Benin City','Nigeria','2020-03-15'),
(773,'Samuel','Ugwu','samuel.ugwu@gmail.com','Uyo','Nigeria','2018-11-02'),
(774,'Ibrahim','Sunmola','ibrahim.sunmola@yahoo.com','Lagos','Nigeria','2022-03-26'),
(775,'Monday','Agyemang','monday.agyemang@yahoo.com','Abuja','Nigeria','2019-06-17'),
(776,'Lawal','Okafor','lawal.okafor@gmail.com','Enugu','Nigeria','2019-09-27'),
(777,'Adamu','Hassan','adamu.hassan@outlook.com','Lagos','Nigeria','2021-05-18'),
(778,'Chinwe','Asante','chinwe.asante@hotmail.com','Kano','Nigeria','2023-11-23'),
(779,'Sani','Ihejirika','sani.ihejirika@gmail.com','Oshogbo','Nigeria','2023-09-01'),
(780,'Sunday','Orji','sunday.orji@yahoo.com','Ibadan','Nigeria','2019-01-12'),
(781,'Toyin','Okonkwo','toyin.okonkwo@outlook.com','Kano','Nigeria','2021-09-18'),
(782,'Amina','Okonkwo','amina.okonkwo@icloud.com','Ilorin','Nigeria','2023-12-13'),
(783,'Ngozi','Akindele','ngozi.akindele@hotmail.com','Kano','Nigeria','2022-12-31'),
(784,'Kabir','Ibrahim','kabir.ibrahim@hotmail.com','Kano','Nigeria','2022-04-12'),
(785,'Chukwudi','Asamoah','chukwudi.asamoah@yahoo.com','Abeokuta','Nigeria','2021-03-04'),
(786,'Adeyinka','Aliyu','adeyinka.aliyu@yahoo.com','Akure','Nigeria','2023-09-15'),
(787,'Simisola','Ibrahim','simisola.ibrahim@gmail.com','Warri','Nigeria','2020-02-28'),
(788,'Favour','Nwachukwu','favour.nwachukwu@gmail.com','Gombe','Nigeria','2024-01-13'),
(789,'Dayo','Oladele','dayo.oladele@hotmail.com','Ilorin','Nigeria','2020-05-23'),
(790,'Precious','Oladele','precious.oladele@yahoo.com','Maiduguri','Nigeria','2022-11-18'),
(791,'Adamu','Bello','adamu.bello@yahoo.com','Abeokuta','Nigeria','2021-09-20'),
(792,'Gbenga','Asante','gbenga.asante@gmail.com','Lagos','Nigeria','2020-10-28'),
(793,'Garba','Danso','garba.danso@gmail.com','Ibadan','Nigeria','2023-01-22'),
(794,'Agnes','Muhammad','agnes.muhammad@gmail.com','Ibadan','Nigeria','2019-04-30'),
(795,'Dayo','Olatunde','dayo.olatunde@icloud.com','Aba','Nigeria','2018-07-06'),
(796,'Okechukwu','Onuoha','okechukwu.onuoha@gmail.com','Kano','Nigeria','2021-05-19'),
(797,'Daniel','Chukwu','daniel.chukwu@gmail.com','Ibadan','Nigeria','2018-05-07'),
(798,'Kemi','Onyekachi','kemi.onyekachi@gmail.com','Lagos','Nigeria','2022-05-21'),
(799,'Oluchi','Abubakar','oluchi.abubakar@hotmail.com','Suleja','Nigeria','2022-03-09'),
(800,'Obinna','Falola','obinna.falola@gmail.com','Lagos','Nigeria','2022-06-03');

SELECT *
FROM customers;

CREATE TABLE orders (
order_id SERIAL PRIMARY KEY,
customer_id INT REFERENCES customers(customer_id),
employee_id INT REFERENCES employees(employee_id),
order_date DATE NOT NULL,
status VARCHAR(20) NOT NULL CHECK (status IN ('Delivered','Pending','Cancelled')),
shipping_city VARCHAR(50)
);


INSERT INTO orders (order_id,customer_id,employee_id,order_date,status,shipping_city)
VALUES
(1,317,35,'2023-09-19','Delivered','Akure'),
(2,673,23,'2022-11-03','Delivered','Lagos'),
(3,119,25,'2021-11-13','Delivered','Lagos'),
(4,497,18,'2024-02-21','Pending','Lagos'),
(5,662,33,'2021-07-26','Delivered','Lagos'),
(6,638,29,'2022-06-14','Delivered','Minna'),
(7,472,21,'2023-12-17','Delivered','Port Harcourt'),
(8,110,17,'2023-07-12','Delivered','Enugu'),
(9,522,19,'2023-12-08','Delivered','Gombe'),
(10,170,25,'2021-10-04','Delivered','Oshogbo'),
(11,164,7,'2022-12-17','Delivered','Jos'),
(12,14,14,'2022-04-28','Pending','Uyo'),
(13,591,17,'2024-04-20','Delivered','Benin City'),
(14,620,25,'2022-06-06','Delivered','Ibadan'),
(15,42,24,'2022-05-13','Delivered','Port Harcourt'),
(16,723,22,'2023-09-14','Cancelled','Katsina'),
(17,167,19,'2022-09-24','Delivered','Abuja'),
(18,740,24,'2022-03-05','Delivered','Lagos'),
(19,553,28,'2022-06-16','Delivered','Lagos'),
(20,785,21,'2024-01-30','Cancelled','Abeokuta'),
(21,59,28,'2023-06-24','Delivered','Lagos'),
(22,628,29,'2024-01-13','Delivered','Lagos'),
(23,67,34,'2024-03-21','Delivered','Suleja'),
(24,683,21,'2024-01-11','Delivered','Port Harcourt'),
(25,391,19,'2022-03-25','Delivered','Kaduna'),
(26,156,21,'2021-11-01','Delivered','Port Harcourt'),
(27,638,24,'2023-09-27','Delivered','Minna'),
(28,344,26,'2024-01-14','Cancelled','Lagos'),
(29,542,28,'2024-01-10','Delivered','Warri'),
(30,619,16,'2023-10-30','Delivered','Aba'),
(31,734,33,'2023-03-20','Delivered','Port Harcourt'),
(32,241,30,'2023-05-18','Delivered','Katsina'),
(33,377,4,'2021-05-13','Delivered','Suleja'),
(34,561,19,'2023-12-18','Pending','Lagos'),
(35,666,26,'2024-06-12','Delivered','Abuja'),
(36,623,20,'2023-06-20','Delivered','Jos'),
(37,446,10,'2024-06-15','Delivered','Minna'),
(38,50,32,'2022-12-04','Delivered','Lagos'),
(39,317,35,'2022-07-04','Delivered','Akure'),
(40,641,26,'2022-12-26','Delivered','Benin City'),
(41,556,11,'2021-01-14','Delivered','Abuja'),
(42,623,15,'2024-05-15','Pending','Jos'),
(43,746,32,'2023-12-05','Delivered','Port Harcourt'),
(44,557,17,'2022-07-06','Delivered','Abuja'),
(45,753,14,'2024-04-13','Delivered','Kaduna'),
(46,684,30,'2024-03-26','Delivered','Kaduna'),
(47,123,31,'2022-12-03','Delivered','Port Harcourt'),
(48,738,1,'2024-04-15','Delivered','Lagos'),
(49,799,25,'2024-06-23','Cancelled','Suleja'),
(50,340,13,'2022-09-02','Delivered','Zaria'),
(51,486,28,'2023-04-06','Delivered','Aba'),
(52,783,18,'2021-02-01','Delivered','Kano'),
(53,505,35,'2024-03-08','Delivered','Bauchi'),
(54,53,33,'2023-02-16','Cancelled','Abeokuta'),
(55,322,32,'2023-08-20','Delivered','Warri'),
(56,623,6,'2023-08-16','Delivered','Jos'),
(57,693,25,'2023-09-02','Delivered','Bauchi'),
(58,319,23,'2021-05-28','Delivered','Katsina'),
(59,45,27,'2024-06-20','Cancelled','Enugu'),
(60,741,20,'2022-11-12','Delivered','Lagos'),
(61,623,22,'2022-10-16','Delivered','Jos'),
(62,623,27,'2024-03-30','Delivered','Jos'),
(63,793,23,'2023-09-07','Delivered','Ibadan'),
(64,411,22,'2023-04-02','Delivered','Lagos'),
(65,695,18,'2023-02-28','Delivered','Ibadan'),
(66,296,25,'2023-12-21','Delivered','Suleja'),
(67,579,17,'2021-11-07','Delivered','Abeokuta'),
(68,95,14,'2023-04-15','Delivered','Port Harcourt'),
(69,576,32,'2023-11-25','Delivered','Lagos'),
(70,561,18,'2023-12-12','Delivered','Lagos'),
(71,399,15,'2024-05-10','Pending','Ibadan'),
(72,731,28,'2023-12-15','Delivered','Abeokuta'),
(73,277,33,'2022-11-21','Delivered','Gombe'),
(74,758,34,'2023-10-28','Delivered','Port Harcourt'),
(75,353,17,'2023-03-19','Delivered','Ibadan'),
(76,663,35,'2021-11-26','Delivered','Kano'),
(77,164,30,'2022-06-06','Delivered','Jos'),
(78,557,18,'2022-10-17','Delivered','Abuja'),
(79,110,25,'2022-01-08','Delivered','Enugu'),
(80,246,31,'2022-09-29','Delivered','Jos'),
(81,186,9,'2023-02-08','Delivered','Ibadan'),
(82,231,28,'2024-01-19','Delivered','Lagos'),
(83,142,32,'2023-03-11','Delivered','Port Harcourt'),
(84,645,22,'2021-12-16','Delivered','Lagos'),
(85,292,26,'2023-04-30','Delivered','Maiduguri'),
(86,62,10,'2024-05-17','Delivered','Ilorin'),
(87,487,22,'2021-05-21','Cancelled','Owerri'),
(88,656,8,'2024-03-05','Pending','Ibadan'),
(89,386,35,'2021-07-09','Delivered','Yola'),
(90,431,12,'2021-06-20','Delivered','Kaduna'),
(91,390,23,'2023-10-24','Cancelled','Lagos'),
(92,79,28,'2022-08-17','Delivered','Ado-Ekiti'),
(93,84,21,'2024-03-03','Delivered','Kano'),
(94,236,34,'2024-01-14','Cancelled','Maiduguri'),
(95,608,27,'2023-05-21','Delivered','Port Harcourt'),
(96,565,28,'2024-05-02','Delivered','Lagos'),
(97,775,19,'2022-02-11','Delivered','Abuja'),
(98,170,28,'2023-12-18','Delivered','Oshogbo'),
(99,660,19,'2024-05-30','Delivered','Benin City'),
(100,423,17,'2022-09-07','Delivered','Kano'),
(101,110,34,'2022-08-20','Delivered','Enugu'),
(102,497,31,'2022-11-29','Delivered','Lagos'),
(103,203,32,'2023-11-05','Delivered','Abuja'),
(104,745,32,'2021-10-10','Delivered','Abuja'),
(105,561,31,'2024-04-16','Cancelled','Lagos'),
(106,502,27,'2021-05-21','Cancelled','Calabar'),
(107,349,24,'2023-10-04','Delivered','Kano'),
(108,192,17,'2022-08-27','Delivered','Ibadan'),
(109,163,31,'2024-04-25','Cancelled','Abuja'),
(110,269,25,'2021-03-03','Delivered','Jos'),
(111,60,13,'2022-01-04','Delivered','Lagos'),
(112,89,17,'2024-05-17','Delivered','Lagos'),
(113,255,33,'2024-04-23','Delivered','Kano'),
(114,489,17,'2024-03-15','Delivered','Abuja'),
(115,57,16,'2022-02-10','Delivered','Ibadan'),
(116,21,33,'2023-06-17','Delivered','Suleja'),
(117,132,20,'2021-12-11','Delivered','Abuja'),
(118,776,29,'2024-04-05','Delivered','Enugu'),
(119,158,9,'2021-01-03','Delivered','Uyo'),
(120,177,25,'2023-02-03','Delivered','Lagos'),
(121,637,7,'2024-01-14','Pending','Benin City'),
(122,548,10,'2021-09-28','Delivered','Kano'),
(123,650,19,'2023-06-16','Delivered','Lagos'),
(124,154,28,'2022-11-01','Delivered','Aba'),
(125,687,16,'2024-01-10','Delivered','Abeokuta'),
(126,302,8,'2023-09-11','Delivered','Ibadan'),
(127,589,27,'2022-05-14','Delivered','Kaduna'),
(128,114,17,'2023-04-19','Delivered','Jos'),
(129,482,23,'2023-07-25','Delivered','Jos'),
(130,513,13,'2023-06-05','Delivered','Lagos'),
(131,695,22,'2023-02-07','Delivered','Ibadan'),
(132,642,20,'2023-01-24','Delivered','Port Harcourt'),
(133,80,29,'2024-04-29','Delivered','Calabar'),
(134,381,29,'2024-05-30','Delivered','Benin City'),
(135,491,23,'2024-01-18','Delivered','Benin City'),
(136,67,23,'2022-06-21','Cancelled','Suleja'),
(137,467,23,'2022-12-25','Delivered','Ibadan'),
(138,313,15,'2024-06-16','Pending','Kano'),
(139,745,20,'2023-11-05','Delivered','Abuja'),
(140,752,18,'2024-04-26','Cancelled','Lagos'),
(141,468,28,'2024-06-08','Delivered','Ilorin'),
(142,110,32,'2022-10-06','Delivered','Enugu'),
(143,539,33,'2021-11-07','Cancelled','Oshogbo'),
(144,168,9,'2022-04-20','Delivered','Benin City'),
(145,475,22,'2023-10-24','Delivered','Abuja'),
(146,276,32,'2024-06-22','Cancelled','Lagos'),
(147,649,10,'2023-04-17','Delivered','Oshogbo'),
(148,361,11,'2024-04-27','Delivered','Abeokuta'),
(149,602,26,'2023-03-24','Cancelled','Akure'),
(150,516,18,'2024-06-02','Delivered','Lagos'),
(151,497,15,'2022-08-04','Pending','Lagos'),
(152,445,17,'2024-01-03','Delivered','Lagos'),
(153,379,18,'2022-01-21','Delivered','Lagos'),
(154,462,29,'2022-11-21','Delivered','Benin City'),
(155,120,28,'2023-08-29','Delivered','Ilorin'),
(156,508,17,'2021-05-15','Delivered','Abuja'),
(157,561,25,'2021-03-29','Delivered','Lagos'),
(158,593,30,'2023-07-24','Delivered','Abuja'),
(159,208,20,'2024-01-14','Pending','Lagos'),
(160,218,21,'2022-11-20','Delivered','Lagos'),
(161,695,33,'2022-11-20','Delivered','Ibadan'),
(162,219,8,'2022-10-21','Delivered','Katsina'),
(163,29,31,'2023-04-19','Delivered','Benin City'),
(164,585,25,'2021-06-17','Delivered','Port Harcourt'),
(165,304,30,'2024-01-20','Cancelled','Benin City'),
(166,274,34,'2022-12-11','Cancelled','Owerri'),
(167,191,21,'2022-11-22','Delivered','Aba'),
(168,276,21,'2023-12-12','Pending','Lagos'),
(169,508,17,'2023-02-08','Delivered','Abuja'),
(170,700,17,'2024-01-04','Delivered','Ilorin'),
(171,340,31,'2024-04-28','Delivered','Zaria'),
(172,401,25,'2023-02-12','Delivered','Ibadan'),
(173,161,30,'2023-07-15','Cancelled','Lagos'),
(174,364,29,'2024-01-02','Delivered','Enugu'),
(175,733,34,'2024-03-29','Delivered','Lagos'),
(176,483,31,'2023-12-20','Delivered','Abuja'),
(177,463,18,'2023-08-07','Delivered','Bauchi'),
(178,350,30,'2024-01-02','Pending','Aba'),
(179,658,3,'2023-12-26','Delivered','Port Harcourt'),
(180,659,19,'2023-08-08','Delivered','Maiduguri'),
(181,156,32,'2022-02-22','Delivered','Port Harcourt'),
(182,497,19,'2021-03-23','Delivered','Lagos'),
(183,177,18,'2022-12-10','Delivered','Lagos'),
(184,65,25,'2024-02-27','Delivered','Lagos'),
(185,499,33,'2023-09-29','Delivered','Kaduna'),
(186,533,31,'2021-11-03','Delivered','Ilorin'),
(187,195,8,'2023-11-23','Delivered','Lagos'),
(188,589,7,'2021-12-06','Cancelled','Kaduna'),
(189,699,26,'2023-01-28','Cancelled','Lagos'),
(190,127,35,'2022-03-09','Delivered','Abuja'),
(191,343,29,'2021-03-29','Delivered','Ado-Ekiti'),
(192,590,29,'2024-02-11','Delivered','Aba'),
(193,793,17,'2022-09-26','Delivered','Ibadan'),
(194,627,30,'2024-04-02','Delivered','Lagos'),
(195,456,27,'2024-02-27','Delivered','Benin City'),
(196,110,29,'2023-11-24','Delivered','Enugu'),
(197,737,24,'2024-05-09','Delivered','Warri'),
(198,752,15,'2023-12-27','Delivered','Lagos'),
(199,438,21,'2023-04-01','Delivered','Enugu'),
(200,429,10,'2022-12-23','Delivered','Port Harcourt'),
(201,655,33,'2023-09-22','Delivered','Kaduna'),
(202,313,21,'2024-01-23','Delivered','Kano'),
(203,488,24,'2021-08-16','Delivered','Sokoto'),
(204,269,30,'2024-06-07','Delivered','Jos'),
(205,724,27,'2024-02-16','Delivered','Abuja'),
(206,715,31,'2024-04-19','Delivered','Abuja'),
(207,275,6,'2023-07-14','Pending','Sokoto'),
(208,88,21,'2024-01-17','Delivered','Calabar'),
(209,358,31,'2023-10-12','Delivered','Jos'),
(210,649,12,'2023-04-07','Delivered','Oshogbo'),
(211,383,27,'2023-07-06','Delivered','Abuja'),
(212,478,20,'2024-01-01','Delivered','Oshogbo'),
(213,732,28,'2021-01-07','Delivered','Enugu'),
(214,205,24,'2024-01-22','Delivered','Lagos'),
(215,720,31,'2024-01-05','Pending','Port Harcourt'),
(216,446,26,'2023-12-08','Cancelled','Minna'),
(217,104,32,'2024-04-06','Delivered','Port Harcourt'),
(218,742,10,'2022-12-15','Delivered','Port Harcourt'),
(219,642,16,'2021-02-15','Delivered','Port Harcourt'),
(220,434,33,'2022-06-06','Delivered','Lagos'),
(221,317,22,'2021-02-02','Delivered','Akure'),
(222,161,35,'2024-01-10','Delivered','Lagos'),
(223,595,19,'2024-02-24','Delivered','Enugu'),
(224,499,21,'2023-12-01','Delivered','Kaduna'),
(225,483,35,'2022-09-19','Delivered','Abuja'),
(226,381,31,'2023-05-06','Delivered','Benin City'),
(227,766,34,'2021-01-17','Delivered','Abuja'),
(228,90,29,'2024-06-05','Pending','Ilorin'),
(229,589,32,'2022-01-05','Delivered','Kaduna'),
(230,342,29,'2023-11-06','Delivered','Lagos'),
(231,468,11,'2022-12-09','Pending','Ilorin'),
(232,436,15,'2024-04-25','Delivered','Kano'),
(233,476,21,'2022-01-04','Delivered','Abuja'),
(234,89,16,'2023-04-15','Delivered','Lagos'),
(235,522,27,'2022-11-29','Delivered','Gombe'),
(236,134,29,'2023-07-20','Delivered','Abuja'),
(237,121,20,'2023-01-17','Delivered','Kaduna'),
(238,274,22,'2021-05-01','Delivered','Owerri'),
(239,436,11,'2021-04-10','Delivered','Kano'),
(240,462,18,'2022-10-29','Delivered','Benin City'),
(241,285,15,'2021-06-10','Delivered','Lagos'),
(242,381,18,'2022-10-25','Delivered','Benin City'),
(243,268,28,'2023-03-21','Delivered','Lagos'),
(244,553,26,'2022-04-14','Delivered','Lagos'),
(245,104,28,'2022-03-15','Delivered','Port Harcourt'),
(246,690,35,'2022-11-09','Delivered','Ibadan'),
(247,230,19,'2024-01-28','Delivered','Lagos'),
(248,492,10,'2024-01-30','Delivered','Abuja'),
(249,572,28,'2023-10-30','Delivered','Abuja'),
(250,774,19,'2022-07-22','Delivered','Lagos'),
(251,458,29,'2023-12-03','Delivered','Kaduna'),
(252,765,28,'2023-11-25','Pending','Lagos'),
(253,353,4,'2024-05-01','Delivered','Ibadan'),
(254,252,20,'2022-11-26','Delivered','Ibadan'),
(255,340,16,'2022-04-11','Delivered','Zaria'),
(256,773,10,'2021-08-01','Delivered','Uyo'),
(257,365,23,'2024-04-13','Delivered','Calabar'),
(258,767,21,'2021-10-31','Delivered','Benin City'),
(259,380,31,'2022-08-24','Delivered','Abuja'),
(260,558,17,'2023-05-07','Delivered','Lagos'),
(261,149,33,'2023-04-07','Delivered','Warri'),
(262,623,33,'2021-10-28','Delivered','Jos'),
(263,517,22,'2022-02-03','Delivered','Enugu'),
(264,361,28,'2023-01-02','Delivered','Abeokuta'),
(265,152,34,'2023-09-04','Delivered','Enugu'),
(266,773,9,'2023-05-23','Delivered','Uyo'),
(267,570,29,'2022-11-30','Delivered','Kaduna'),
(268,350,32,'2023-09-15','Delivered','Aba'),
(269,662,17,'2023-12-05','Delivered','Lagos'),
(270,691,20,'2023-06-23','Cancelled','Abeokuta'),
(271,104,18,'2023-10-17','Delivered','Port Harcourt'),
(272,344,18,'2021-01-30','Delivered','Lagos'),
(273,676,35,'2023-11-04','Delivered','Lagos'),
(274,527,26,'2021-03-07','Delivered','Ilorin'),
(275,152,34,'2022-12-06','Delivered','Enugu'),
(276,126,11,'2022-03-10','Delivered','Abuja'),
(277,504,15,'2023-04-21','Pending','Ilorin'),
(278,730,24,'2024-05-07','Pending','Enugu'),
(279,292,15,'2022-08-22','Delivered','Maiduguri'),
(280,311,19,'2024-02-01','Delivered','Uyo'),
(281,462,20,'2022-11-26','Delivered','Benin City'),
(282,303,12,'2024-04-12','Delivered','Ilorin'),
(283,589,25,'2022-07-31','Delivered','Kaduna'),
(284,581,6,'2024-03-17','Cancelled','Lagos'),
(285,623,18,'2023-09-30','Delivered','Jos'),
(286,287,34,'2023-01-15','Cancelled','Lagos'),
(287,454,20,'2022-02-22','Delivered','Benin City'),
(288,350,34,'2024-01-15','Pending','Aba'),
(289,108,34,'2023-03-04','Pending','Ibadan'),
(290,446,25,'2022-12-18','Delivered','Minna'),
(291,164,27,'2023-01-29','Pending','Jos'),
(292,190,21,'2024-06-09','Delivered','Abuja'),
(293,462,18,'2021-02-01','Delivered','Benin City'),
(294,692,5,'2023-05-16','Delivered','Lagos'),
(295,299,23,'2023-07-16','Delivered','Calabar'),
(296,168,30,'2021-04-28','Delivered','Benin City'),
(297,592,30,'2023-05-09','Delivered','Abuja'),
(298,430,27,'2022-02-01','Delivered','Abuja'),
(299,136,18,'2023-09-02','Delivered','Kaduna'),
(300,500,35,'2023-12-25','Delivered','Abeokuta'),
(301,63,13,'2024-04-24','Pending','Gombe'),
(302,309,21,'2022-03-07','Delivered','Lagos'),
(303,613,23,'2022-04-23','Delivered','Ibadan'),
(304,55,19,'2024-02-05','Delivered','Lagos'),
(305,640,24,'2023-07-20','Delivered','Kano'),
(306,266,26,'2022-09-26','Delivered','Enugu'),
(307,585,20,'2023-11-06','Delivered','Port Harcourt'),
(308,164,14,'2023-07-21','Cancelled','Jos'),
(309,19,17,'2022-01-27','Delivered','Ibadan'),
(310,109,21,'2021-11-29','Delivered','Minna'),
(311,152,8,'2024-01-10','Delivered','Enugu'),
(312,144,33,'2022-02-04','Cancelled','Lagos'),
(313,208,30,'2023-09-22','Delivered','Lagos'),
(314,170,29,'2023-11-16','Delivered','Oshogbo'),
(315,111,26,'2024-02-13','Delivered','Lagos'),
(316,641,33,'2023-08-18','Delivered','Benin City'),
(317,110,22,'2022-04-28','Delivered','Enugu'),
(318,643,30,'2022-11-02','Delivered','Kano'),
(319,40,30,'2022-10-22','Delivered','Lagos'),
(320,172,20,'2023-03-17','Delivered','Kano'),
(321,183,13,'2024-01-25','Delivered','Lagos'),
(322,657,33,'2022-04-30','Delivered','Lagos'),
(323,67,28,'2023-04-04','Delivered','Suleja'),
(324,17,25,'2022-04-30','Delivered','Port Harcourt'),
(325,354,5,'2024-05-31','Delivered','Warri'),
(326,489,33,'2021-11-05','Delivered','Abuja'),
(327,799,19,'2024-01-31','Delivered','Suleja'),
(328,588,17,'2024-01-28','Delivered','Lagos'),
(329,297,32,'2024-05-15','Pending','Kaduna'),
(330,430,25,'2023-12-30','Delivered','Abuja'),
(331,533,24,'2024-06-02','Pending','Ilorin'),
(332,95,22,'2022-07-03','Delivered','Port Harcourt'),
(333,381,13,'2022-12-16','Delivered','Benin City'),
(334,427,30,'2024-02-07','Pending','Kano'),
(335,508,27,'2024-02-07','Delivered','Abuja'),
(336,656,29,'2024-04-29','Delivered','Ibadan'),
(337,771,26,'2021-12-30','Delivered','Abuja'),
(338,123,10,'2022-12-14','Delivered','Port Harcourt'),
(339,152,33,'2023-07-14','Delivered','Enugu'),
(340,766,31,'2023-10-31','Cancelled','Abuja'),
(341,672,9,'2023-12-07','Delivered','Lagos'),
(342,473,4,'2024-05-17','Delivered','Ibadan'),
(343,695,26,'2022-12-14','Delivered','Ibadan'),
(344,733,29,'2024-04-09','Pending','Lagos'),
(345,177,9,'2023-08-03','Delivered','Lagos'),
(346,733,27,'2022-10-08','Delivered','Lagos'),
(347,34,17,'2021-12-04','Delivered','Lagos'),
(348,130,33,'2024-03-16','Cancelled','Ibadan'),
(349,735,31,'2024-02-01','Pending','Lagos'),
(350,610,23,'2024-02-01','Delivered','Jos'),
(351,153,24,'2022-04-03','Delivered','Kano'),
(352,323,29,'2021-11-19','Delivered','Lagos'),
(353,735,13,'2023-12-31','Delivered','Lagos'),
(354,216,27,'2022-04-12','Delivered','Warri'),
(355,260,17,'2023-11-29','Delivered','Warri'),
(356,589,11,'2024-03-04','Delivered','Kaduna'),
(357,328,18,'2024-03-29','Delivered','Owerri'),
(358,478,15,'2023-05-20','Delivered','Oshogbo'),
(359,134,9,'2022-11-05','Delivered','Abuja'),
(360,436,35,'2024-06-28','Delivered','Kano'),
(361,371,19,'2024-06-29','Delivered','Katsina'),
(362,374,33,'2022-04-10','Delivered','Abeokuta'),
(363,582,13,'2022-10-15','Delivered','Kano'),
(364,358,31,'2023-12-04','Pending','Jos'),
(365,218,14,'2022-03-10','Cancelled','Lagos'),
(366,768,35,'2023-04-30','Delivered','Calabar'),
(367,437,17,'2021-06-30','Delivered','Ibadan'),
(368,799,11,'2023-12-08','Delivered','Suleja'),
(369,235,27,'2023-10-10','Delivered','Abuja'),
(370,350,23,'2022-10-06','Delivered','Aba'),
(371,292,32,'2021-11-19','Delivered','Maiduguri'),
(372,392,31,'2023-06-18','Delivered','Lagos'),
(373,691,33,'2021-10-24','Delivered','Abeokuta'),
(374,164,27,'2023-04-24','Delivered','Jos'),
(375,725,35,'2024-03-31','Pending','Lagos'),
(376,355,21,'2021-08-11','Delivered','Lagos'),
(377,406,25,'2021-01-30','Delivered','Port Harcourt'),
(378,539,10,'2022-11-04','Delivered','Oshogbo'),
(379,326,33,'2023-11-05','Cancelled','Abeokuta'),
(380,799,29,'2023-12-04','Pending','Suleja'),
(381,728,32,'2023-06-29','Delivered','Abuja'),
(382,423,32,'2022-07-31','Delivered','Kano'),
(383,110,19,'2023-05-08','Delivered','Enugu'),
(384,152,29,'2023-07-25','Pending','Enugu'),
(385,74,18,'2023-10-24','Delivered','Gombe'),
(386,356,4,'2024-04-07','Delivered','Ibadan'),
(387,292,21,'2021-01-17','Delivered','Maiduguri'),
(388,212,22,'2024-04-27','Delivered','Warri'),
(389,763,23,'2022-11-18','Delivered','Aba'),
(390,497,30,'2021-05-04','Delivered','Lagos'),
(391,762,31,'2021-12-31','Delivered','Uyo'),
(392,176,27,'2023-09-15','Delivered','Kano'),
(393,590,34,'2022-10-19','Cancelled','Aba'),
(394,121,17,'2023-10-11','Delivered','Kaduna'),
(395,373,17,'2023-06-21','Delivered','Port Harcourt'),
(396,618,21,'2021-01-31','Delivered','Akure'),
(397,400,20,'2023-12-24','Delivered','Lagos'),
(398,722,28,'2024-04-05','Pending','Calabar'),
(399,339,23,'2022-06-28','Pending','Aba'),
(400,503,24,'2022-12-02','Delivered','Lagos'),
(401,48,27,'2024-06-20','Pending','Abuja'),
(402,230,35,'2023-06-22','Delivered','Lagos'),
(403,710,28,'2022-05-30','Delivered','Lagos'),
(404,655,11,'2024-01-24','Delivered','Kaduna'),
(405,61,26,'2022-10-08','Cancelled','Abuja'),
(406,102,15,'2022-08-16','Delivered','Enugu'),
(407,67,27,'2024-05-20','Delivered','Suleja'),
(408,350,35,'2022-06-27','Delivered','Aba'),
(409,539,17,'2021-11-09','Delivered','Oshogbo'),
(410,458,31,'2021-04-06','Delivered','Kaduna'),
(411,299,22,'2024-03-27','Delivered','Calabar'),
(412,655,34,'2022-12-15','Delivered','Kaduna'),
(413,757,7,'2021-09-11','Delivered','Minna'),
(414,699,35,'2022-01-06','Delivered','Lagos'),
(415,522,26,'2021-11-02','Cancelled','Gombe'),
(416,325,19,'2021-09-12','Delivered','Abuja'),
(417,63,25,'2024-06-01','Delivered','Gombe'),
(418,257,28,'2024-01-24','Delivered','Sokoto'),
(419,65,32,'2023-08-11','Delivered','Lagos'),
(420,590,15,'2024-04-20','Delivered','Aba'),
(421,362,18,'2021-07-05','Delivered','Kaduna'),
(422,130,18,'2024-05-01','Pending','Ibadan'),
(423,418,31,'2024-04-24','Pending','Minna'),
(424,592,16,'2022-01-19','Delivered','Abuja'),
(425,65,34,'2024-04-28','Cancelled','Lagos'),
(426,248,30,'2023-09-20','Delivered','Lagos'),
(427,298,17,'2024-04-05','Delivered','Lagos'),
(428,39,28,'2022-12-19','Delivered','Port Harcourt'),
(429,151,31,'2024-04-03','Pending','Uyo'),
(430,129,34,'2022-11-22','Delivered','Abuja'),
(431,566,20,'2023-05-07','Delivered','Ibadan'),
(432,7,31,'2021-09-07','Delivered','Lagos'),
(433,675,22,'2023-08-22','Cancelled','Abuja'),
(434,334,30,'2024-03-22','Delivered','Benin City'),
(435,564,33,'2023-10-01','Delivered','Lagos'),
(436,67,24,'2023-04-21','Delivered','Suleja'),
(437,706,26,'2021-08-31','Delivered','Ilorin'),
(438,624,29,'2024-02-26','Delivered','Akure'),
(439,616,17,'2023-11-02','Delivered','Kaduna'),
(440,451,29,'2021-11-09','Delivered','Calabar'),
(441,497,8,'2021-11-20','Pending','Lagos'),
(442,699,26,'2024-03-24','Delivered','Lagos'),
(443,116,22,'2024-04-16','Delivered','Lagos'),
(444,666,8,'2022-04-12','Delivered','Abuja'),
(445,106,17,'2023-04-16','Delivered','Kaduna'),
(446,652,22,'2021-08-14','Delivered','Enugu'),
(447,245,33,'2023-05-21','Delivered','Abuja'),
(448,22,19,'2023-02-07','Delivered','Enugu'),
(449,441,20,'2021-08-07','Delivered','Kano'),
(450,173,32,'2021-12-10','Delivered','Owerri'),
(451,86,27,'2023-12-12','Delivered','Abuja'),
(452,260,24,'2022-09-05','Delivered','Warri'),
(453,557,21,'2022-11-07','Delivered','Abuja'),
(454,589,18,'2022-06-25','Delivered','Kaduna'),
(455,164,31,'2023-08-26','Delivered','Jos'),
(456,432,32,'2024-03-14','Delivered','Jos'),
(457,356,26,'2021-06-09','Delivered','Ibadan'),
(458,561,29,'2021-10-09','Delivered','Lagos'),
(459,556,31,'2023-08-28','Delivered','Abuja'),
(460,151,12,'2023-10-11','Delivered','Uyo'),
(461,679,28,'2023-12-13','Delivered','Lagos'),
(462,231,34,'2023-10-27','Delivered','Lagos'),
(463,553,16,'2023-07-04','Pending','Lagos'),
(464,260,28,'2023-12-31','Delivered','Warri'),
(465,269,21,'2022-04-10','Delivered','Jos'),
(466,732,20,'2021-11-13','Delivered','Enugu'),
(467,306,17,'2023-04-07','Delivered','Port Harcourt'),
(468,557,19,'2023-05-19','Delivered','Abuja'),
(469,129,20,'2024-03-15','Delivered','Abuja'),
(470,480,25,'2021-12-08','Delivered','Kano'),
(471,164,18,'2023-11-02','Cancelled','Jos'),
(472,170,21,'2024-02-03','Delivered','Oshogbo'),
(473,252,32,'2023-11-23','Delivered','Ibadan'),
(474,679,8,'2022-09-25','Delivered','Lagos'),
(475,271,18,'2023-01-10','Delivered','Lagos'),
(476,48,24,'2024-03-06','Delivered','Abuja'),
(477,371,18,'2023-06-15','Delivered','Katsina'),
(478,533,33,'2022-08-11','Delivered','Ilorin'),
(479,574,32,'2022-12-22','Delivered','Lagos'),
(480,498,7,'2023-05-02','Delivered','Lagos'),
(481,166,33,'2023-04-15','Delivered','Lagos'),
(482,168,17,'2022-12-03','Delivered','Benin City'),
(483,150,21,'2023-12-20','Delivered','Lagos'),
(484,698,29,'2024-04-09','Delivered','Lagos'),
(485,369,17,'2022-01-11','Delivered','Owerri'),
(486,20,27,'2022-06-15','Delivered','Yola'),
(487,105,21,'2023-08-10','Delivered','Calabar'),
(488,510,30,'2024-01-10','Delivered','Kano'),
(489,142,25,'2022-03-25','Cancelled','Port Harcourt'),
(490,551,25,'2024-03-30','Pending','Warri'),
(491,125,29,'2023-07-14','Delivered','Akure'),
(492,699,23,'2022-09-22','Delivered','Lagos'),
(493,191,32,'2022-12-06','Delivered','Aba'),
(494,282,20,'2024-04-04','Pending','Abuja'),
(495,498,23,'2024-04-23','Delivered','Lagos'),
(496,593,31,'2023-03-05','Delivered','Abuja'),
(497,97,32,'2024-04-08','Delivered','Lagos'),
(498,164,19,'2023-01-29','Delivered','Jos'),
(499,521,25,'2022-11-05','Delivered','Kaduna'),
(500,19,23,'2022-08-28','Cancelled','Ibadan'),
(501,363,34,'2022-12-16','Delivered','Jos'),
(502,151,21,'2022-07-30','Delivered','Uyo'),
(503,613,22,'2023-06-02','Delivered','Ibadan'),
(504,623,35,'2024-06-02','Delivered','Jos'),
(505,56,24,'2023-02-07','Delivered','Kaduna'),
(506,557,21,'2021-09-20','Delivered','Abuja'),
(507,544,1,'2022-07-09','Delivered','Lagos'),
(508,292,27,'2022-09-10','Delivered','Maiduguri'),
(509,371,34,'2023-03-03','Delivered','Katsina'),
(510,253,25,'2023-05-17','Delivered','Maiduguri'),
(511,185,26,'2024-06-21','Pending','Benin City'),
(512,439,19,'2022-11-27','Delivered','Kano'),
(513,492,27,'2023-03-15','Delivered','Abuja'),
(514,297,25,'2024-01-14','Pending','Kaduna'),
(515,136,15,'2022-05-16','Cancelled','Kaduna'),
(516,67,27,'2022-06-30','Delivered','Suleja'),
(517,650,16,'2023-05-18','Delivered','Lagos'),
(518,362,28,'2024-03-29','Delivered','Kaduna'),
(519,697,8,'2021-10-14','Delivered','Uyo'),
(520,381,35,'2023-09-21','Delivered','Benin City'),
(521,623,19,'2024-05-03','Pending','Jos'),
(522,177,26,'2021-10-11','Delivered','Lagos'),
(523,269,26,'2023-10-07','Delivered','Jos'),
(524,623,10,'2024-04-03','Delivered','Jos'),
(525,260,27,'2021-12-31','Delivered','Warri'),
(526,203,34,'2024-05-04','Delivered','Abuja'),
(527,111,34,'2022-04-04','Cancelled','Lagos'),
(528,128,27,'2022-05-03','Delivered','Warri'),
(529,164,23,'2022-01-17','Delivered','Jos'),
(530,502,20,'2022-08-05','Delivered','Calabar'),
(531,39,26,'2021-08-24','Pending','Port Harcourt'),
(532,626,31,'2021-09-21','Delivered','Owerri'),
(533,657,21,'2021-08-26','Cancelled','Lagos'),
(534,269,23,'2022-10-11','Delivered','Jos'),
(535,48,29,'2023-11-06','Delivered','Abuja'),
(536,666,29,'2023-04-20','Delivered','Abuja'),
(537,297,27,'2024-04-18','Delivered','Kaduna'),
(538,432,30,'2023-12-05','Delivered','Jos'),
(539,416,34,'2023-03-28','Delivered','Abeokuta'),
(540,623,20,'2022-02-06','Delivered','Jos'),
(541,503,32,'2023-03-31','Delivered','Lagos'),
(542,705,14,'2021-07-05','Delivered','Maiduguri'),
(543,409,14,'2022-12-05','Pending','Ibadan'),
(544,238,31,'2021-04-11','Delivered','Lagos'),
(545,695,32,'2022-07-27','Delivered','Ibadan'),
(546,676,20,'2024-04-26','Delivered','Lagos'),
(547,281,33,'2024-06-14','Delivered','Lagos'),
(548,293,34,'2022-10-09','Cancelled','Lagos'),
(549,677,33,'2022-07-09','Delivered','Port Harcourt'),
(550,125,17,'2021-11-12','Delivered','Akure'),
(551,611,10,'2024-05-21','Pending','Enugu'),
(552,497,9,'2023-12-09','Delivered','Lagos'),
(553,190,21,'2023-12-21','Delivered','Abuja'),
(554,712,35,'2023-11-08','Delivered','Ibadan'),
(555,458,21,'2022-10-12','Delivered','Kaduna'),
(556,356,34,'2023-09-25','Delivered','Ibadan'),
(557,770,29,'2024-01-11','Delivered','Kano'),
(558,377,22,'2023-01-18','Delivered','Suleja'),
(559,497,20,'2024-04-21','Delivered','Lagos'),
(560,292,35,'2023-02-26','Cancelled','Maiduguri'),
(561,269,32,'2022-11-15','Delivered','Jos'),
(562,170,13,'2023-01-24','Delivered','Oshogbo'),
(563,474,22,'2023-05-23','Delivered','Kano'),
(564,799,26,'2024-06-02','Pending','Suleja'),
(565,228,23,'2024-05-06','Pending','Lagos'),
(566,118,29,'2023-12-13','Delivered','Warri'),
(567,508,23,'2023-03-13','Delivered','Abuja'),
(568,699,13,'2024-01-12','Delivered','Lagos'),
(569,351,9,'2024-04-12','Pending','Enugu'),
(570,42,10,'2024-06-26','Cancelled','Port Harcourt'),
(571,765,35,'2024-05-31','Delivered','Lagos'),
(572,561,17,'2024-01-21','Delivered','Lagos'),
(573,340,30,'2023-06-16','Delivered','Zaria'),
(574,588,25,'2024-05-17','Pending','Lagos'),
(575,65,35,'2021-12-13','Delivered','Lagos'),
(576,235,33,'2022-10-01','Delivered','Abuja'),
(577,382,20,'2024-05-12','Cancelled','Aba'),
(578,799,26,'2022-12-24','Pending','Suleja'),
(579,571,23,'2023-09-13','Delivered','Makurdi'),
(580,799,29,'2022-05-28','Delivered','Suleja'),
(581,232,16,'2023-08-05','Delivered','Yola'),
(582,461,20,'2021-10-03','Delivered','Aba'),
(583,61,7,'2024-03-31','Delivered','Abuja'),
(584,590,13,'2022-09-11','Delivered','Aba'),
(585,638,26,'2021-10-14','Delivered','Minna'),
(586,438,10,'2021-02-08','Delivered','Enugu'),
(587,151,22,'2024-01-18','Delivered','Uyo'),
(588,292,27,'2024-04-16','Pending','Maiduguri'),
(589,462,23,'2024-03-01','Delivered','Benin City'),
(590,152,27,'2022-07-29','Delivered','Enugu'),
(591,766,28,'2024-04-25','Pending','Abuja'),
(592,721,30,'2021-04-18','Pending','Abuja'),
(593,799,19,'2023-09-26','Delivered','Suleja'),
(594,704,35,'2023-12-22','Delivered','Kaduna'),
(595,67,26,'2024-03-29','Delivered','Suleja'),
(596,189,19,'2022-02-20','Delivered','Kano'),
(597,523,17,'2024-01-13','Delivered','Benin City'),
(598,579,27,'2024-06-29','Delivered','Abeokuta'),
(599,780,21,'2024-03-23','Pending','Ibadan'),
(600,35,33,'2022-03-21','Delivered','Lagos'),
(601,548,15,'2022-01-28','Cancelled','Kano'),
(602,448,27,'2022-08-26','Delivered','Ibadan'),
(603,108,26,'2024-06-01','Pending','Ibadan'),
(604,713,14,'2022-09-28','Cancelled','Lagos'),
(605,113,2,'2023-10-07','Delivered','Lagos'),
(606,231,33,'2023-03-10','Delivered','Lagos'),
(607,219,18,'2023-02-06','Delivered','Katsina'),
(608,760,23,'2022-03-02','Delivered','Benin City'),
(609,525,7,'2024-04-11','Delivered','Abuja'),
(610,221,22,'2023-01-12','Delivered','Lagos'),
(611,164,26,'2022-12-05','Delivered','Jos'),
(612,212,22,'2021-06-05','Delivered','Warri'),
(613,699,33,'2023-12-06','Delivered','Lagos'),
(614,260,30,'2023-12-21','Delivered','Warri'),
(615,154,28,'2023-08-01','Delivered','Aba'),
(616,558,24,'2023-09-11','Delivered','Lagos'),
(617,104,34,'2023-09-29','Cancelled','Port Harcourt'),
(618,7,26,'2022-09-18','Delivered','Lagos'),
(619,219,18,'2022-01-29','Delivered','Katsina'),
(620,104,28,'2023-12-05','Delivered','Port Harcourt'),
(621,231,31,'2022-09-11','Cancelled','Lagos'),
(622,365,28,'2023-09-21','Delivered','Calabar'),
(623,55,34,'2021-11-05','Delivered','Lagos'),
(624,473,19,'2023-02-07','Delivered','Ibadan'),
(625,649,8,'2021-11-08','Delivered','Oshogbo'),
(626,160,33,'2022-06-21','Delivered','Gombe'),
(627,497,35,'2021-04-02','Delivered','Lagos'),
(628,727,24,'2022-06-13','Delivered','Lagos'),
(629,534,9,'2023-12-22','Delivered','Ilorin'),
(630,231,25,'2024-04-29','Delivered','Lagos'),
(631,260,34,'2021-01-27','Delivered','Warri'),
(632,195,33,'2023-09-26','Cancelled','Lagos'),
(633,188,17,'2021-04-07','Cancelled','Akure'),
(634,799,9,'2024-06-06','Delivered','Suleja'),
(635,649,24,'2022-10-16','Delivered','Oshogbo'),
(636,665,11,'2023-12-29','Delivered','Lagos'),
(637,276,31,'2024-06-02','Pending','Lagos'),
(638,444,28,'2023-08-11','Delivered','Lagos'),
(639,788,33,'2023-07-31','Delivered','Gombe'),
(640,590,19,'2023-08-27','Delivered','Aba'),
(641,9,23,'2024-04-06','Delivered','Kano'),
(642,411,30,'2023-12-08','Delivered','Lagos'),
(643,351,23,'2024-02-07','Delivered','Enugu'),
(644,151,21,'2022-11-03','Delivered','Uyo'),
(645,508,32,'2023-09-22','Delivered','Abuja'),
(646,557,29,'2024-05-14','Pending','Abuja'),
(647,633,17,'2021-11-23','Delivered','Ilorin'),
(648,553,9,'2022-09-23','Delivered','Lagos'),
(649,590,31,'2021-03-09','Delivered','Aba'),
(650,201,31,'2022-03-10','Delivered','Lagos'),
(651,460,20,'2024-01-06','Delivered','Benin City'),
(652,35,31,'2023-11-14','Delivered','Lagos'),
(653,110,24,'2024-04-16','Delivered','Enugu'),
(654,55,22,'2022-05-24','Delivered','Lagos'),
(655,613,24,'2023-01-29','Delivered','Ibadan'),
(656,255,17,'2022-09-21','Delivered','Kano'),
(657,269,24,'2023-11-02','Pending','Jos'),
(658,487,19,'2022-08-16','Delivered','Owerri'),
(659,745,10,'2022-06-15','Delivered','Abuja'),
(660,574,27,'2023-09-03','Delivered','Lagos'),
(661,277,21,'2022-05-27','Delivered','Gombe'),
(662,221,28,'2023-09-07','Delivered','Lagos'),
(663,750,33,'2022-06-23','Delivered','Abuja'),
(664,219,23,'2024-03-18','Delivered','Katsina'),
(665,139,32,'2023-05-05','Delivered','Lagos'),
(666,120,30,'2022-12-19','Delivered','Ilorin'),
(667,279,22,'2022-09-25','Delivered','Kaduna'),
(668,190,17,'2023-09-09','Delivered','Abuja'),
(669,548,20,'2024-06-09','Delivered','Kano'),
(670,104,30,'2023-07-24','Pending','Port Harcourt'),
(671,461,31,'2023-06-23','Delivered','Aba'),
(672,36,23,'2023-01-23','Delivered','Kano'),
(673,110,31,'2022-04-12','Pending','Enugu'),
(674,230,10,'2024-03-25','Delivered','Lagos'),
(675,515,24,'2024-02-14','Delivered','Kaduna'),
(676,504,20,'2022-11-07','Delivered','Ilorin'),
(677,623,18,'2024-04-12','Delivered','Jos'),
(678,30,33,'2023-01-05','Delivered','Kaduna'),
(679,292,19,'2023-11-03','Cancelled','Maiduguri'),
(680,798,29,'2023-11-29','Delivered','Lagos'),
(681,434,25,'2021-12-13','Delivered','Lagos'),
(682,169,31,'2024-05-24','Delivered','Makurdi'),
(683,65,23,'2024-06-30','Delivered','Lagos'),
(684,340,27,'2024-04-02','Cancelled','Zaria'),
(685,731,34,'2022-07-11','Delivered','Abeokuta'),
(686,50,35,'2023-09-03','Cancelled','Lagos'),
(687,164,21,'2021-06-13','Delivered','Jos'),
(688,655,21,'2023-11-05','Delivered','Kaduna'),
(689,195,33,'2021-10-26','Pending','Lagos'),
(690,616,19,'2023-11-19','Delivered','Kaduna'),
(691,592,25,'2023-11-13','Delivered','Abuja'),
(692,125,35,'2023-07-13','Delivered','Akure'),
(693,67,31,'2023-07-14','Delivered','Suleja'),
(694,579,29,'2023-07-28','Delivered','Abeokuta'),
(695,104,16,'2024-01-18','Delivered','Port Harcourt'),
(696,356,26,'2021-12-03','Cancelled','Ibadan'),
(697,704,24,'2021-07-28','Delivered','Kaduna'),
(698,536,28,'2024-03-21','Delivered','Asaba'),
(699,172,19,'2021-01-29','Delivered','Kano'),
(700,324,26,'2023-09-23','Delivered','Abuja'),
(701,246,32,'2023-06-13','Delivered','Jos'),
(702,462,20,'2024-03-31','Delivered','Benin City'),
(703,212,4,'2024-01-09','Delivered','Warri'),
(704,499,10,'2024-04-23','Delivered','Kaduna'),
(705,590,24,'2023-12-19','Delivered','Aba'),
(706,544,11,'2022-01-19','Delivered','Lagos'),
(707,756,10,'2024-04-19','Delivered','Jos'),
(708,65,15,'2024-02-27','Pending','Lagos'),
(709,462,26,'2022-10-01','Delivered','Benin City'),
(710,127,18,'2024-05-06','Pending','Abuja'),
(711,639,14,'2021-03-04','Delivered','Kano'),
(712,308,20,'2021-07-04','Delivered','Abuja'),
(713,292,7,'2024-04-26','Delivered','Maiduguri'),
(714,678,14,'2024-05-27','Pending','Abuja'),
(715,13,26,'2024-01-27','Delivered','Abuja'),
(716,742,26,'2022-08-14','Delivered','Port Harcourt'),
(717,588,25,'2023-07-01','Cancelled','Lagos'),
(718,428,17,'2021-04-11','Delivered','Kano'),
(719,274,11,'2022-11-18','Delivered','Owerri'),
(720,65,18,'2021-12-19','Delivered','Lagos'),
(721,25,32,'2022-10-06','Delivered','Abuja'),
(722,508,21,'2023-06-27','Delivered','Abuja'),
(723,152,30,'2022-09-01','Cancelled','Enugu'),
(724,151,23,'2021-01-08','Delivered','Uyo'),
(725,239,31,'2021-11-26','Delivered','Lagos'),
(726,737,19,'2022-06-28','Delivered','Warri'),
(727,164,24,'2022-07-01','Delivered','Jos'),
(728,156,7,'2024-04-13','Delivered','Port Harcourt'),
(729,325,23,'2024-05-22','Cancelled','Abuja'),
(730,401,1,'2023-03-24','Delivered','Ibadan'),
(731,288,26,'2021-05-16','Delivered','Abuja'),
(732,236,32,'2023-12-03','Delivered','Maiduguri'),
(733,151,17,'2024-05-18','Pending','Uyo'),
(734,662,24,'2021-10-30','Delivered','Lagos'),
(735,63,20,'2022-04-05','Delivered','Gombe'),
(736,151,21,'2022-11-25','Delivered','Uyo'),
(737,502,17,'2021-03-03','Delivered','Calabar'),
(738,609,35,'2024-06-29','Cancelled','Abuja'),
(739,523,24,'2022-09-30','Delivered','Benin City'),
(740,145,32,'2022-10-23','Delivered','Lagos'),
(741,152,23,'2024-04-20','Delivered','Enugu'),
(742,627,17,'2022-05-05','Delivered','Lagos'),
(743,266,16,'2023-09-03','Delivered','Enugu'),
(744,42,8,'2024-05-03','Delivered','Port Harcourt'),
(745,698,8,'2023-12-11','Delivered','Lagos'),
(746,299,19,'2021-11-20','Delivered','Calabar'),
(747,455,32,'2021-07-01','Delivered','Warri'),
(748,406,27,'2021-11-09','Delivered','Port Harcourt'),
(749,436,11,'2022-11-26','Delivered','Kano'),
(750,713,27,'2024-01-20','Delivered','Lagos'),
(751,745,20,'2023-08-29','Cancelled','Abuja'),
(752,478,25,'2023-08-21','Delivered','Oshogbo'),
(753,293,16,'2023-01-13','Delivered','Lagos'),
(754,450,25,'2023-05-10','Delivered','Abeokuta'),
(755,790,27,'2021-10-02','Cancelled','Maiduguri'),
(756,615,23,'2023-12-04','Delivered','Jos'),
(757,152,35,'2021-12-08','Delivered','Enugu'),
(758,106,34,'2023-12-13','Delivered','Kaduna'),
(759,612,7,'2022-06-16','Delivered','Port Harcourt'),
(760,465,28,'2023-06-29','Delivered','Jos'),
(761,631,25,'2022-06-16','Delivered','Ado-Ekiti'),
(762,198,19,'2024-04-17','Delivered','Kaduna'),
(763,340,18,'2023-07-24','Delivered','Zaria'),
(764,64,34,'2023-02-05','Delivered','Benin City'),
(765,543,14,'2022-11-04','Cancelled','Ibadan'),
(766,164,21,'2024-05-10','Pending','Jos'),
(767,617,31,'2024-03-08','Delivered','Warri'),
(768,133,28,'2023-10-20','Delivered','Kaduna'),
(769,297,20,'2023-09-19','Delivered','Kaduna'),
(770,795,32,'2021-08-05','Delivered','Aba'),
(771,30,33,'2024-04-26','Cancelled','Kaduna'),
(772,508,29,'2023-12-02','Delivered','Abuja'),
(773,259,25,'2023-12-08','Delivered','Ilorin'),
(774,162,7,'2024-06-27','Delivered','Minna'),
(775,513,27,'2021-11-26','Delivered','Lagos'),
(776,730,14,'2024-02-18','Delivered','Enugu'),
(777,657,27,'2024-05-09','Pending','Lagos'),
(778,12,34,'2023-06-29','Delivered','Abuja'),
(779,374,12,'2023-11-28','Delivered','Abeokuta'),
(780,266,24,'2022-12-15','Delivered','Enugu'),
(781,496,18,'2023-06-18','Delivered','Gombe'),
(782,792,35,'2022-12-07','Delivered','Lagos'),
(783,480,17,'2023-12-15','Delivered','Kano'),
(784,636,27,'2022-04-15','Delivered','Port Harcourt'),
(785,340,34,'2021-11-14','Delivered','Zaria'),
(786,682,35,'2024-01-07','Delivered','Ado-Ekiti'),
(787,799,26,'2023-05-19','Delivered','Suleja'),
(788,168,7,'2022-01-18','Delivered','Benin City'),
(789,23,27,'2023-07-04','Delivered','Lagos'),
(790,381,29,'2024-05-31','Delivered','Benin City'),
(791,53,26,'2024-06-23','Pending','Abeokuta'),
(792,699,27,'2024-04-18','Delivered','Lagos'),
(793,423,20,'2022-08-15','Delivered','Kano'),
(794,707,13,'2023-10-15','Delivered','Lagos'),
(795,156,26,'2023-04-24','Delivered','Port Harcourt'),
(796,42,28,'2024-03-24','Delivered','Port Harcourt'),
(797,292,20,'2024-03-19','Delivered','Maiduguri'),
(798,736,18,'2023-11-28','Delivered','Uyo'),
(799,194,23,'2021-10-11','Delivered','Lagos'),
(800,437,17,'2022-12-17','Delivered','Ibadan'),
(801,570,25,'2024-02-07','Delivered','Kaduna'),
(802,231,34,'2024-03-08','Delivered','Lagos'),
(803,380,25,'2023-05-11','Delivered','Abuja'),
(804,613,17,'2022-07-28','Delivered','Ibadan'),
(805,745,17,'2022-11-03','Delivered','Abuja'),
(806,650,13,'2023-11-25','Delivered','Lagos'),
(807,192,18,'2024-04-30','Pending','Ibadan'),
(808,533,35,'2023-05-06','Delivered','Ilorin'),
(809,367,25,'2022-03-31','Delivered','Aba'),
(810,385,8,'2021-12-29','Delivered','Lagos'),
(811,277,18,'2023-11-27','Delivered','Gombe'),
(812,735,30,'2023-03-04','Delivered','Lagos'),
(813,165,33,'2024-04-30','Delivered','Benin City'),
(814,12,18,'2022-08-24','Delivered','Abuja'),
(815,746,4,'2023-09-02','Delivered','Port Harcourt'),
(816,574,19,'2022-09-12','Delivered','Lagos'),
(817,408,32,'2023-04-12','Delivered','Port Harcourt'),
(818,593,31,'2022-10-08','Delivered','Abuja'),
(819,546,22,'2022-11-24','Delivered','Lagos'),
(820,255,30,'2024-06-24','Delivered','Kano'),
(821,195,26,'2023-10-08','Delivered','Lagos'),
(822,339,23,'2024-04-09','Pending','Aba'),
(823,202,31,'2021-01-08','Delivered','Makurdi'),
(824,606,23,'2021-01-22','Delivered','Lagos'),
(825,67,35,'2022-01-02','Delivered','Suleja'),
(826,442,34,'2022-04-18','Delivered','Warri'),
(827,56,21,'2021-12-08','Cancelled','Kaduna'),
(828,656,17,'2021-03-19','Delivered','Ibadan'),
(829,104,21,'2023-08-20','Cancelled','Port Harcourt'),
(830,149,21,'2022-12-30','Delivered','Warri'),
(831,135,18,'2024-01-20','Delivered','Abuja'),
(832,231,22,'2021-09-14','Delivered','Lagos'),
(833,134,19,'2024-02-04','Delivered','Abuja'),
(834,164,27,'2024-04-11','Cancelled','Jos'),
(835,408,28,'2024-01-24','Delivered','Port Harcourt'),
(836,406,18,'2024-04-27','Delivered','Port Harcourt'),
(837,505,28,'2023-08-13','Delivered','Bauchi'),
(838,319,13,'2022-09-15','Delivered','Katsina'),
(839,745,4,'2022-10-10','Delivered','Abuja'),
(840,485,33,'2023-11-15','Delivered','Sokoto'),
(841,513,2,'2021-09-25','Delivered','Lagos'),
(842,59,35,'2021-02-24','Delivered','Lagos'),
(843,550,16,'2022-01-15','Delivered','Ibadan'),
(844,65,25,'2022-08-09','Delivered','Lagos'),
(845,406,35,'2024-04-15','Delivered','Port Harcourt'),
(846,785,21,'2023-03-26','Pending','Abeokuta'),
(847,676,13,'2023-11-23','Delivered','Lagos'),
(848,507,17,'2022-05-19','Delivered','Ado-Ekiti'),
(849,776,32,'2021-04-01','Delivered','Enugu'),
(850,732,24,'2023-05-22','Cancelled','Enugu'),
(851,589,10,'2024-02-27','Delivered','Kaduna'),
(852,151,30,'2022-09-10','Delivered','Uyo'),
(853,690,25,'2023-12-20','Delivered','Ibadan'),
(854,509,19,'2021-08-17','Delivered','Kaduna'),
(855,277,28,'2023-11-19','Delivered','Gombe'),
(856,723,25,'2024-04-27','Pending','Katsina'),
(857,350,35,'2021-11-15','Cancelled','Aba'),
(858,633,11,'2023-05-22','Delivered','Ilorin'),
(859,195,30,'2023-08-15','Delivered','Lagos'),
(860,418,22,'2023-04-26','Delivered','Minna'),
(861,645,22,'2022-06-04','Delivered','Lagos'),
(862,699,28,'2022-04-09','Cancelled','Lagos'),
(863,395,17,'2022-03-30','Delivered','Ibadan'),
(864,515,18,'2024-03-05','Cancelled','Kaduna'),
(865,292,27,'2023-12-21','Delivered','Maiduguri'),
(866,320,25,'2023-04-20','Delivered','Jos'),
(867,482,13,'2023-11-29','Pending','Jos'),
(868,642,19,'2021-02-09','Delivered','Port Harcourt'),
(869,292,29,'2023-09-10','Cancelled','Maiduguri'),
(870,362,11,'2021-09-24','Delivered','Kaduna'),
(871,63,27,'2021-08-14','Delivered','Gombe'),
(872,471,21,'2023-04-23','Delivered','Minna'),
(873,67,28,'2023-01-20','Delivered','Suleja'),
(874,313,31,'2023-07-11','Delivered','Kano'),
(875,522,27,'2023-01-15','Delivered','Gombe'),
(876,156,23,'2024-03-26','Delivered','Port Harcourt'),
(877,139,29,'2023-09-12','Delivered','Lagos'),
(878,218,18,'2022-05-31','Delivered','Lagos'),
(879,207,24,'2023-02-12','Pending','Ibadan'),
(880,582,18,'2022-02-19','Delivered','Kano'),
(881,236,34,'2022-11-29','Delivered','Maiduguri'),
(882,409,20,'2022-04-17','Delivered','Ibadan'),
(883,590,26,'2024-03-25','Cancelled','Aba'),
(884,553,27,'2023-12-28','Pending','Lagos'),
(885,528,25,'2024-04-24','Delivered','Ado-Ekiti'),
(886,746,20,'2023-01-28','Delivered','Port Harcourt'),
(887,699,29,'2024-05-09','Delivered','Lagos'),
(888,382,22,'2024-01-28','Cancelled','Aba'),
(889,506,27,'2024-02-09','Pending','Owerri'),
(890,754,26,'2022-09-05','Delivered','Lagos'),
(891,364,33,'2023-03-16','Delivered','Enugu'),
(892,236,22,'2023-03-08','Delivered','Maiduguri'),
(893,649,22,'2022-02-27','Delivered','Oshogbo'),
(894,455,18,'2021-01-27','Delivered','Warri'),
(895,458,17,'2022-12-08','Pending','Kaduna'),
(896,562,24,'2023-11-28','Delivered','Lagos'),
(897,682,26,'2024-05-02','Delivered','Ado-Ekiti'),
(898,383,8,'2024-01-14','Cancelled','Abuja'),
(899,269,24,'2021-07-11','Delivered','Jos'),
(900,638,21,'2022-03-18','Delivered','Minna'),
(901,650,18,'2023-12-22','Delivered','Lagos'),
(902,32,16,'2021-12-25','Cancelled','Asaba'),
(903,657,28,'2024-06-26','Delivered','Lagos'),
(904,785,18,'2023-06-06','Delivered','Abeokuta'),
(905,166,24,'2021-11-13','Cancelled','Lagos'),
(906,532,12,'2024-06-30','Pending','Kano'),
(907,514,34,'2021-12-05','Delivered','Aba'),
(908,548,20,'2022-03-28','Delivered','Kano'),
(909,502,14,'2022-12-30','Cancelled','Calabar'),
(910,208,32,'2024-01-27','Delivered','Lagos'),
(911,522,12,'2024-01-02','Delivered','Gombe'),
(912,10,33,'2022-10-21','Delivered','Abuja'),
(913,647,22,'2024-03-05','Delivered','Ilorin'),
(914,598,19,'2024-02-10','Pending','Jos'),
(915,385,11,'2022-11-22','Delivered','Lagos'),
(916,425,31,'2022-11-27','Delivered','Benin City'),
(917,292,25,'2024-04-18','Delivered','Maiduguri'),
(918,161,35,'2021-05-15','Delivered','Lagos'),
(919,378,17,'2021-09-10','Delivered','Benin City'),
(920,28,19,'2022-05-31','Delivered','Lagos'),
(921,276,26,'2024-06-23','Cancelled','Lagos'),
(922,16,19,'2024-05-23','Cancelled','Abuja'),
(923,210,27,'2024-04-22','Delivered','Lagos'),
(924,522,21,'2024-03-18','Delivered','Gombe'),
(925,84,11,'2021-06-22','Delivered','Kano'),
(926,347,17,'2024-06-11','Pending','Benin City'),
(927,427,29,'2021-01-31','Delivered','Kano'),
(928,589,24,'2023-03-29','Cancelled','Kaduna'),
(929,548,28,'2024-05-11','Delivered','Kano'),
(930,297,18,'2024-02-04','Delivered','Kaduna'),
(931,267,25,'2022-02-01','Delivered','Ado-Ekiti'),
(932,797,11,'2022-01-25','Cancelled','Ibadan'),
(933,159,4,'2022-10-31','Cancelled','Port Harcourt'),
(934,272,23,'2023-11-06','Delivered','Jos'),
(935,112,27,'2024-02-25','Delivered','Ilorin'),
(936,198,14,'2022-12-26','Delivered','Kaduna'),
(937,440,26,'2023-02-19','Pending','Lagos'),
(938,398,23,'2023-11-23','Delivered','Abuja'),
(939,200,34,'2022-12-10','Delivered','Lagos'),
(940,154,22,'2021-12-02','Delivered','Aba'),
(941,613,17,'2021-12-31','Delivered','Ibadan'),
(942,317,19,'2022-03-23','Delivered','Akure'),
(943,156,33,'2021-05-02','Delivered','Port Harcourt'),
(944,522,32,'2023-06-19','Delivered','Gombe'),
(945,97,32,'2022-12-02','Delivered','Lagos'),
(946,633,24,'2021-06-06','Delivered','Ilorin'),
(947,23,33,'2021-07-29','Delivered','Lagos'),
(948,333,23,'2022-01-31','Delivered','Lagos'),
(949,297,22,'2024-04-30','Pending','Kaduna'),
(950,597,10,'2023-08-20','Cancelled','Lagos'),
(951,800,28,'2022-04-11','Delivered','Lagos'),
(952,233,9,'2024-02-03','Delivered','Ibadan'),
(953,553,29,'2024-04-09','Delivered','Lagos'),
(954,308,29,'2022-11-25','Delivered','Abuja'),
(955,110,27,'2022-06-05','Delivered','Enugu'),
(956,208,29,'2021-11-02','Cancelled','Lagos'),
(957,547,22,'2021-12-29','Delivered','Abuja'),
(958,640,31,'2021-12-09','Delivered','Kano'),
(959,548,23,'2022-10-29','Delivered','Kano'),
(960,750,8,'2023-07-11','Pending','Abuja'),
(961,747,11,'2024-04-12','Pending','Lagos'),
(962,154,13,'2022-05-22','Delivered','Aba'),
(963,260,29,'2023-09-03','Delivered','Warri'),
(964,605,29,'2022-11-20','Delivered','Abuja'),
(965,766,22,'2024-01-05','Delivered','Abuja'),
(966,267,27,'2022-04-14','Delivered','Ado-Ekiti'),
(967,593,20,'2022-08-31','Delivered','Abuja'),
(968,645,22,'2024-04-18','Delivered','Lagos'),
(969,299,35,'2024-05-16','Delivered','Calabar'),
(970,164,19,'2024-04-21','Delivered','Jos'),
(971,732,20,'2022-12-13','Delivered','Enugu'),
(972,283,32,'2024-02-28','Delivered','Maiduguri'),
(973,649,25,'2024-04-11','Delivered','Oshogbo'),
(974,79,26,'2023-11-02','Delivered','Ado-Ekiti'),
(975,304,14,'2021-11-22','Delivered','Benin City'),
(976,250,26,'2023-08-26','Delivered','Lagos'),
(977,586,17,'2021-10-05','Delivered','Lagos'),
(978,104,20,'2021-10-22','Delivered','Port Harcourt'),
(979,242,25,'2022-09-21','Delivered','Ilorin'),
(980,208,22,'2021-01-04','Delivered','Lagos'),
(981,745,32,'2024-02-01','Delivered','Abuja'),
(982,351,25,'2023-11-16','Delivered','Enugu'),
(983,297,26,'2021-07-12','Delivered','Kaduna'),
(984,552,31,'2021-12-19','Delivered','Lagos'),
(985,65,28,'2023-11-06','Delivered','Lagos'),
(986,239,30,'2022-12-28','Delivered','Lagos'),
(987,406,24,'2023-07-10','Cancelled','Port Harcourt'),
(988,283,23,'2022-07-08','Delivered','Maiduguri'),
(989,198,19,'2022-09-17','Delivered','Kaduna'),
(990,128,23,'2022-12-29','Delivered','Warri'),
(991,350,34,'2022-05-23','Delivered','Aba'),
(992,350,24,'2023-12-13','Cancelled','Aba'),
(993,42,19,'2024-06-04','Delivered','Port Harcourt'),
(994,468,27,'2023-09-07','Delivered','Ilorin'),
(995,104,22,'2024-02-12','Delivered','Port Harcourt'),
(996,642,28,'2021-04-29','Delivered','Port Harcourt'),
(997,274,31,'2023-07-24','Delivered','Owerri'),
(998,673,11,'2022-11-03','Delivered','Lagos'),
(999,465,27,'2022-11-24','Pending','Jos'),
(1000,491,32,'2023-11-04','Delivered','Benin City'),
(1001,561,27,'2024-03-29','Delivered','Lagos'),
(1002,648,23,'2024-02-01','Delivered','Lagos'),
(1003,24,17,'2023-03-06','Delivered','Port Harcourt'),
(1004,497,23,'2023-09-24','Delivered','Lagos'),
(1005,373,23,'2023-09-27','Delivered','Port Harcourt'),
(1006,81,20,'2022-09-26','Cancelled','Kaduna'),
(1007,660,15,'2024-01-03','Delivered','Benin City'),
(1008,277,27,'2024-04-26','Pending','Gombe'),
(1009,730,22,'2023-06-19','Cancelled','Enugu'),
(1010,580,29,'2023-04-18','Delivered','Lagos'),
(1011,373,23,'2023-10-28','Cancelled','Port Harcourt'),
(1012,382,7,'2022-01-06','Delivered','Aba'),
(1013,361,21,'2024-03-09','Delivered','Abeokuta'),
(1014,178,7,'2023-12-12','Delivered','Oshogbo'),
(1015,658,19,'2022-05-03','Delivered','Port Harcourt'),
(1016,747,30,'2022-09-10','Delivered','Lagos'),
(1017,310,35,'2024-02-28','Delivered','Ibadan'),
(1018,514,35,'2023-08-13','Delivered','Aba'),
(1019,299,35,'2021-05-10','Delivered','Calabar'),
(1020,461,29,'2022-12-24','Delivered','Aba'),
(1021,350,13,'2021-03-09','Delivered','Aba'),
(1022,487,24,'2023-08-21','Delivered','Owerri'),
(1023,5,13,'2021-12-24','Delivered','Abuja'),
(1024,208,24,'2022-08-08','Delivered','Lagos'),
(1025,499,20,'2023-09-20','Delivered','Kaduna'),
(1026,240,33,'2023-06-26','Pending','Kano'),
(1027,732,35,'2024-05-25','Delivered','Enugu'),
(1028,181,34,'2024-02-08','Delivered','Uyo'),
(1029,695,13,'2023-05-31','Delivered','Ibadan'),
(1030,301,23,'2024-04-15','Delivered','Ilorin'),
(1031,174,29,'2022-10-27','Delivered','Kano'),
(1032,353,34,'2023-12-06','Delivered','Ibadan'),
(1033,160,8,'2023-09-05','Delivered','Gombe'),
(1034,566,8,'2023-09-20','Delivered','Ibadan'),
(1035,699,33,'2024-01-15','Delivered','Lagos'),
(1036,366,6,'2024-01-21','Delivered','Ilorin'),
(1037,548,10,'2022-05-20','Pending','Kano'),
(1038,295,28,'2023-11-01','Delivered','Kano'),
(1039,557,24,'2024-05-04','Pending','Abuja'),
(1040,64,1,'2022-10-24','Delivered','Benin City'),
(1041,299,21,'2024-06-22','Pending','Calabar'),
(1042,152,11,'2022-12-10','Cancelled','Enugu'),
(1043,504,29,'2024-03-10','Cancelled','Ilorin'),
(1044,160,26,'2024-05-06','Cancelled','Gombe'),
(1045,42,23,'2023-08-13','Delivered','Port Harcourt'),
(1046,274,35,'2022-01-27','Delivered','Owerri'),
(1047,195,12,'2021-04-05','Delivered','Lagos'),
(1048,648,26,'2023-05-11','Delivered','Lagos'),
(1049,573,28,'2023-07-02','Delivered','Ilorin'),
(1050,115,23,'2023-05-16','Delivered','Lagos'),
(1051,341,17,'2024-05-04','Delivered','Aba'),
(1052,572,34,'2023-04-04','Delivered','Abuja'),
(1053,209,30,'2024-04-17','Delivered','Ibadan'),
(1054,330,31,'2022-10-11','Delivered','Benin City'),
(1055,562,34,'2021-08-28','Delivered','Lagos'),
(1056,522,28,'2024-04-13','Delivered','Gombe'),
(1057,160,23,'2024-04-14','Delivered','Gombe'),
(1058,400,20,'2021-02-20','Delivered','Lagos'),
(1059,783,32,'2023-07-18','Pending','Kano'),
(1060,605,17,'2024-01-05','Delivered','Abuja'),
(1061,104,32,'2021-05-19','Delivered','Port Harcourt'),
(1062,246,34,'2023-11-28','Delivered','Jos'),
(1063,659,20,'2024-03-19','Delivered','Maiduguri'),
(1064,445,16,'2023-10-24','Delivered','Lagos'),
(1065,280,15,'2021-12-18','Delivered','Lagos'),
(1066,623,26,'2024-05-28','Delivered','Jos'),
(1067,346,22,'2023-04-03','Pending','Asaba'),
(1068,13,26,'2023-12-25','Delivered','Abuja'),
(1069,459,28,'2022-08-06','Delivered','Enugu'),
(1070,42,19,'2023-07-25','Delivered','Port Harcourt'),
(1071,297,14,'2024-04-03','Delivered','Kaduna'),
(1072,737,21,'2022-12-21','Pending','Warri'),
(1073,637,1,'2021-12-01','Delivered','Benin City'),
(1074,619,22,'2023-11-30','Delivered','Aba'),
(1075,699,2,'2023-03-18','Delivered','Lagos'),
(1076,277,26,'2023-12-05','Delivered','Gombe'),
(1077,506,35,'2024-06-26','Delivered','Owerri'),
(1078,683,33,'2024-06-17','Delivered','Port Harcourt'),
(1079,23,23,'2021-11-20','Delivered','Lagos'),
(1080,274,16,'2023-11-12','Delivered','Owerri'),
(1081,67,33,'2023-11-09','Delivered','Suleja'),
(1082,562,25,'2021-10-05','Delivered','Lagos'),
(1083,297,29,'2022-03-03','Cancelled','Kaduna'),
(1084,458,34,'2023-10-07','Delivered','Kaduna'),
(1085,196,12,'2024-01-02','Delivered','Asaba'),
(1086,230,30,'2024-04-01','Delivered','Lagos'),
(1087,548,22,'2023-02-25','Delivered','Kano'),
(1088,760,29,'2023-03-01','Delivered','Benin City'),
(1089,195,35,'2024-06-16','Pending','Lagos'),
(1090,750,29,'2021-05-07','Pending','Abuja'),
(1091,350,31,'2024-04-06','Delivered','Aba'),
(1092,415,26,'2021-12-16','Delivered','Maiduguri'),
(1093,424,35,'2022-06-05','Delivered','Kaduna'),
(1094,330,35,'2024-02-18','Delivered','Benin City'),
(1095,272,31,'2024-04-03','Cancelled','Jos'),
(1096,653,18,'2021-05-02','Delivered','Lagos'),
(1097,306,34,'2023-07-31','Delivered','Port Harcourt'),
(1098,14,20,'2021-03-24','Delivered','Uyo'),
(1099,639,34,'2022-11-24','Delivered','Kano'),
(1100,655,17,'2021-02-26','Delivered','Kaduna'),
(1101,673,35,'2024-04-15','Delivered','Lagos'),
(1102,638,30,'2023-04-08','Delivered','Minna'),
(1103,598,24,'2023-04-04','Pending','Jos'),
(1104,436,23,'2022-03-19','Cancelled','Kano'),
(1105,377,23,'2022-07-15','Delivered','Suleja'),
(1106,631,17,'2023-03-05','Delivered','Ado-Ekiti'),
(1107,91,33,'2022-05-05','Delivered','Lagos'),
(1108,649,19,'2023-05-18','Delivered','Oshogbo'),
(1109,774,29,'2021-01-15','Delivered','Lagos'),
(1110,164,32,'2021-02-24','Pending','Jos'),
(1111,152,9,'2023-04-18','Delivered','Enugu'),
(1112,269,23,'2022-11-29','Delivered','Jos'),
(1113,38,17,'2023-05-01','Delivered','Ado-Ekiti'),
(1114,105,33,'2024-04-06','Cancelled','Calabar'),
(1115,478,19,'2024-02-03','Cancelled','Oshogbo'),
(1116,553,15,'2023-09-21','Delivered','Lagos'),
(1117,593,25,'2023-08-10','Cancelled','Abuja'),
(1118,353,12,'2022-07-24','Delivered','Ibadan'),
(1119,297,20,'2021-06-23','Delivered','Kaduna'),
(1120,637,35,'2021-03-08','Delivered','Benin City'),
(1121,617,34,'2022-11-18','Delivered','Warri'),
(1122,208,17,'2022-12-10','Delivered','Lagos'),
(1123,587,19,'2021-11-28','Delivered','Kano'),
(1124,231,17,'2023-09-19','Delivered','Lagos'),
(1125,647,30,'2021-11-29','Delivered','Ilorin'),
(1126,65,34,'2022-09-10','Delivered','Lagos'),
(1127,195,18,'2021-12-18','Delivered','Lagos'),
(1128,594,17,'2024-03-27','Delivered','Gombe'),
(1129,136,4,'2022-05-01','Delivered','Kaduna'),
(1130,158,22,'2024-06-06','Cancelled','Uyo'),
(1131,695,28,'2023-12-09','Delivered','Ibadan'),
(1132,432,19,'2021-01-04','Delivered','Jos'),
(1133,267,18,'2022-12-17','Delivered','Ado-Ekiti'),
(1134,695,15,'2024-03-08','Delivered','Ibadan'),
(1135,642,29,'2023-07-26','Delivered','Port Harcourt'),
(1136,317,33,'2023-11-05','Delivered','Akure'),
(1137,531,33,'2022-02-08','Delivered','Warri'),
(1138,458,7,'2022-11-14','Delivered','Kaduna'),
(1139,152,28,'2022-04-21','Delivered','Enugu'),
(1140,650,20,'2022-11-13','Delivered','Lagos'),
(1141,530,30,'2023-03-15','Delivered','Kaduna'),
(1142,639,29,'2023-10-12','Delivered','Kano'),
(1143,786,9,'2024-04-30','Delivered','Akure'),
(1144,298,4,'2022-01-17','Cancelled','Lagos'),
(1145,297,5,'2022-10-24','Delivered','Kaduna'),
(1146,679,9,'2022-11-09','Delivered','Lagos'),
(1147,72,20,'2022-10-16','Delivered','Abuja'),
(1148,441,17,'2022-11-13','Delivered','Kano'),
(1149,676,20,'2022-12-24','Delivered','Lagos'),
(1150,259,15,'2023-04-29','Delivered','Ilorin'),
(1151,522,19,'2023-11-14','Cancelled','Gombe'),
(1152,263,22,'2021-10-25','Delivered','Lagos'),
(1153,508,13,'2021-07-14','Delivered','Abuja'),
(1154,725,28,'2021-11-17','Delivered','Lagos'),
(1155,31,20,'2021-01-23','Cancelled','Abuja'),
(1156,44,24,'2022-09-02','Delivered','Benin City'),
(1157,288,27,'2021-03-12','Pending','Abuja'),
(1158,590,24,'2023-04-07','Delivered','Aba'),
(1159,627,8,'2022-11-18','Cancelled','Lagos'),
(1160,669,12,'2023-05-20','Delivered','Port Harcourt'),
(1161,209,24,'2023-09-29','Delivered','Ibadan'),
(1162,154,30,'2024-02-11','Delivered','Aba'),
(1163,10,19,'2023-12-29','Delivered','Abuja'),
(1164,673,17,'2022-10-02','Delivered','Lagos'),
(1165,292,18,'2022-02-18','Delivered','Maiduguri'),
(1166,581,28,'2024-02-07','Pending','Lagos'),
(1167,315,12,'2024-03-17','Pending','Kano'),
(1168,518,32,'2021-11-01','Delivered','Warri'),
(1169,741,26,'2023-02-19','Delivered','Lagos'),
(1170,485,20,'2024-06-15','Delivered','Sokoto'),
(1171,196,19,'2022-04-10','Delivered','Asaba'),
(1172,522,10,'2021-06-09','Pending','Gombe'),
(1173,439,21,'2023-03-06','Delivered','Kano'),
(1174,567,10,'2022-05-04','Cancelled','Lagos'),
(1175,200,21,'2022-02-27','Delivered','Lagos'),
(1176,231,30,'2021-10-26','Delivered','Lagos'),
(1177,317,25,'2021-11-15','Delivered','Akure'),
(1178,340,20,'2023-01-09','Pending','Zaria'),
(1179,210,10,'2024-02-08','Delivered','Lagos'),
(1180,391,21,'2023-06-09','Delivered','Kaduna'),
(1181,231,34,'2023-10-03','Delivered','Lagos'),
(1182,623,15,'2022-07-10','Delivered','Jos'),
(1183,474,28,'2021-11-27','Delivered','Kano'),
(1184,110,34,'2022-08-20','Delivered','Enugu'),
(1185,430,30,'2024-03-11','Pending','Abuja'),
(1186,474,33,'2023-10-01','Delivered','Kano'),
(1187,104,7,'2024-03-21','Delivered','Port Harcourt'),
(1188,658,30,'2022-10-06','Delivered','Port Harcourt'),
(1189,784,25,'2023-03-04','Delivered','Kano'),
(1190,103,35,'2024-04-15','Delivered','Maiduguri'),
(1191,795,7,'2023-12-19','Delivered','Aba'),
(1192,236,22,'2023-07-30','Cancelled','Maiduguri'),
(1193,772,22,'2024-01-25','Delivered','Benin City'),
(1194,650,30,'2023-12-20','Delivered','Lagos'),
(1195,319,23,'2024-05-26','Pending','Katsina'),
(1196,745,24,'2023-10-11','Pending','Abuja'),
(1197,758,34,'2021-01-31','Delivered','Port Harcourt'),
(1198,183,30,'2023-01-29','Delivered','Lagos'),
(1199,84,31,'2022-03-06','Delivered','Kano'),
(1200,42,7,'2023-08-22','Delivered','Port Harcourt'),
(1201,632,2,'2023-09-04','Delivered','Makurdi'),
(1202,67,20,'2024-03-22','Pending','Suleja'),
(1203,296,27,'2024-04-29','Delivered','Suleja'),
(1204,768,19,'2022-10-12','Delivered','Calabar'),
(1205,534,29,'2024-06-02','Delivered','Ilorin'),
(1206,156,25,'2021-06-23','Delivered','Port Harcourt'),
(1207,320,7,'2024-06-27','Pending','Jos'),
(1208,154,22,'2023-06-26','Delivered','Aba'),
(1209,65,23,'2022-08-06','Delivered','Lagos'),
(1210,655,30,'2022-12-13','Delivered','Kaduna'),
(1211,645,32,'2024-03-17','Delivered','Lagos'),
(1212,293,23,'2021-04-17','Delivered','Lagos'),
(1213,47,24,'2023-09-07','Delivered','Port Harcourt'),
(1214,177,35,'2023-01-20','Delivered','Lagos'),
(1215,175,12,'2023-04-27','Delivered','Lagos'),
(1216,655,35,'2024-06-02','Pending','Kaduna'),
(1217,387,32,'2022-11-30','Delivered','Gombe'),
(1218,483,17,'2021-08-16','Delivered','Abuja'),
(1219,770,20,'2024-01-11','Pending','Kano'),
(1220,356,24,'2024-02-20','Delivered','Ibadan'),
(1221,269,26,'2024-06-29','Delivered','Jos'),
(1222,763,20,'2024-04-03','Delivered','Aba'),
(1223,406,27,'2023-02-24','Delivered','Port Harcourt'),
(1224,695,18,'2024-01-16','Pending','Ibadan'),
(1225,20,26,'2022-05-18','Delivered','Yola'),
(1226,636,19,'2022-11-01','Delivered','Port Harcourt'),
(1227,476,24,'2023-10-01','Delivered','Abuja'),
(1228,695,21,'2024-05-11','Pending','Ibadan'),
(1229,553,25,'2022-01-30','Delivered','Lagos'),
(1230,698,33,'2024-01-06','Delivered','Lagos'),
(1231,268,15,'2021-10-30','Delivered','Lagos'),
(1232,192,29,'2022-10-04','Delivered','Ibadan'),
(1233,362,22,'2023-08-01','Delivered','Kaduna'),
(1234,464,14,'2024-04-24','Delivered','Lagos'),
(1235,381,28,'2024-03-01','Delivered','Benin City'),
(1236,530,4,'2022-06-13','Delivered','Kaduna'),
(1237,681,18,'2021-04-02','Delivered','Warri'),
(1238,752,20,'2024-01-20','Delivered','Lagos'),
(1239,297,24,'2024-04-05','Delivered','Kaduna'),
(1240,111,18,'2023-09-04','Delivered','Lagos'),
(1241,185,20,'2023-10-05','Delivered','Benin City'),
(1242,356,35,'2023-07-10','Delivered','Ibadan'),
(1243,93,28,'2024-04-03','Delivered','Lagos'),
(1244,156,20,'2022-02-08','Delivered','Port Harcourt'),
(1245,122,26,'2023-12-15','Delivered','Aba'),
(1246,741,35,'2022-12-30','Delivered','Lagos'),
(1247,726,32,'2022-12-12','Delivered','Kano'),
(1248,561,32,'2024-01-09','Delivered','Lagos'),
(1249,39,28,'2023-04-07','Delivered','Port Harcourt'),
(1250,799,18,'2022-12-13','Delivered','Suleja'),
(1251,193,29,'2024-06-15','Delivered','Enugu'),
(1252,277,20,'2021-02-23','Cancelled','Gombe'),
(1253,203,34,'2022-03-31','Delivered','Abuja'),
(1254,306,27,'2021-06-30','Cancelled','Port Harcourt'),
(1255,42,2,'2023-06-10','Cancelled','Port Harcourt'),
(1256,154,33,'2023-08-07','Cancelled','Aba'),
(1257,561,9,'2024-03-07','Delivered','Lagos'),
(1258,361,20,'2023-11-05','Delivered','Abeokuta'),
(1259,342,12,'2021-08-01','Delivered','Lagos'),
(1260,55,23,'2023-04-17','Delivered','Lagos'),
(1261,303,26,'2023-10-07','Delivered','Ilorin'),
(1262,716,26,'2024-01-10','Delivered','Ilorin'),
(1263,638,35,'2024-01-28','Pending','Minna'),
(1264,209,31,'2023-10-30','Pending','Ibadan'),
(1265,350,33,'2022-11-30','Delivered','Aba'),
(1266,589,34,'2021-12-07','Delivered','Kaduna'),
(1267,102,21,'2023-04-21','Delivered','Enugu'),
(1268,378,34,'2023-07-09','Delivered','Benin City'),
(1269,661,19,'2023-06-05','Delivered','Lagos'),
(1270,381,33,'2023-08-13','Delivered','Benin City'),
(1271,497,35,'2024-02-02','Delivered','Lagos'),
(1272,299,14,'2024-04-16','Cancelled','Calabar'),
(1273,623,30,'2021-11-27','Delivered','Jos'),
(1274,179,22,'2023-07-06','Delivered','Kano'),
(1275,779,7,'2023-07-03','Delivered','Oshogbo'),
(1276,306,17,'2022-06-09','Delivered','Port Harcourt'),
(1277,592,7,'2023-08-21','Cancelled','Abuja'),
(1278,713,23,'2022-10-26','Delivered','Lagos'),
(1279,269,17,'2023-07-15','Delivered','Jos'),
(1280,611,19,'2022-08-25','Delivered','Enugu'),
(1281,508,9,'2023-06-18','Delivered','Abuja'),
(1282,6,29,'2023-11-07','Delivered','Lagos'),
(1283,340,19,'2024-05-27','Delivered','Zaria'),
(1284,548,19,'2022-08-15','Delivered','Kano'),
(1285,727,31,'2021-12-09','Delivered','Lagos'),
(1286,85,27,'2023-05-20','Delivered','Warri'),
(1287,594,31,'2023-08-28','Delivered','Gombe'),
(1288,689,29,'2023-03-30','Delivered','Abeokuta'),
(1289,632,34,'2023-12-26','Delivered','Makurdi'),
(1290,51,18,'2021-09-08','Delivered','Benin City'),
(1291,273,22,'2022-10-22','Cancelled','Lagos'),
(1292,503,33,'2022-08-14','Delivered','Lagos'),
(1293,261,17,'2022-05-02','Delivered','Enugu'),
(1294,322,24,'2021-06-17','Delivered','Warri'),
(1295,563,12,'2023-10-25','Delivered','Abeokuta'),
(1296,147,26,'2023-06-30','Delivered','Abuja'),
(1297,727,24,'2022-08-09','Delivered','Lagos'),
(1298,85,31,'2022-03-11','Delivered','Warri'),
(1299,276,17,'2023-12-25','Delivered','Lagos'),
(1300,269,22,'2022-02-28','Cancelled','Jos'),
(1301,462,8,'2024-06-10','Delivered','Benin City'),
(1302,658,27,'2023-10-30','Delivered','Port Harcourt'),
(1303,195,15,'2023-02-19','Delivered','Lagos'),
(1304,683,23,'2024-02-16','Pending','Port Harcourt'),
(1305,337,23,'2024-05-01','Pending','Abuja'),
(1306,458,20,'2021-12-14','Delivered','Kaduna'),
(1307,279,24,'2022-12-02','Delivered','Kaduna'),
(1308,267,30,'2023-09-01','Delivered','Ado-Ekiti'),
(1309,78,32,'2022-06-12','Delivered','Lagos'),
(1310,261,14,'2023-11-12','Delivered','Enugu'),
(1311,299,17,'2022-01-07','Cancelled','Calabar'),
(1312,164,20,'2023-08-19','Delivered','Jos'),
(1313,340,21,'2021-02-09','Delivered','Zaria'),
(1314,374,25,'2022-08-14','Delivered','Abeokuta'),
(1315,110,26,'2022-02-03','Cancelled','Enugu'),
(1316,567,35,'2021-07-02','Delivered','Lagos'),
(1317,487,35,'2023-01-28','Delivered','Owerri'),
(1318,46,12,'2022-01-31','Delivered','Ibadan'),
(1319,483,30,'2023-02-03','Delivered','Abuja'),
(1320,372,22,'2024-04-06','Delivered','Benin City'),
(1321,770,11,'2024-01-07','Delivered','Kano'),
(1322,453,18,'2024-01-24','Delivered','Suleja'),
(1323,344,25,'2023-07-01','Delivered','Lagos'),
(1324,739,32,'2023-12-08','Delivered','Yola'),
(1325,458,29,'2022-05-28','Delivered','Kaduna'),
(1326,135,24,'2023-12-08','Delivered','Abuja'),
(1327,670,30,'2021-10-25','Delivered','Lagos'),
(1328,746,30,'2024-05-18','Cancelled','Port Harcourt'),
(1329,291,8,'2023-02-24','Delivered','Warri'),
(1330,763,15,'2023-06-08','Delivered','Aba'),
(1331,243,32,'2021-01-23','Delivered','Port Harcourt'),
(1332,242,18,'2021-03-10','Delivered','Ilorin'),
(1333,165,20,'2022-10-12','Delivered','Benin City'),
(1334,682,25,'2021-06-19','Delivered','Ado-Ekiti'),
(1335,39,30,'2023-09-07','Delivered','Port Harcourt'),
(1336,292,24,'2023-01-25','Delivered','Maiduguri'),
(1337,237,24,'2023-02-02','Delivered','Minna'),
(1338,633,17,'2021-01-10','Delivered','Ilorin'),
(1339,620,30,'2024-06-13','Cancelled','Ibadan'),
(1340,231,15,'2023-10-19','Cancelled','Lagos'),
(1341,458,13,'2021-11-04','Delivered','Kaduna'),
(1342,609,16,'2022-02-27','Delivered','Abuja'),
(1343,508,21,'2023-04-26','Cancelled','Abuja'),
(1344,142,28,'2021-09-10','Delivered','Port Harcourt'),
(1345,692,31,'2024-02-03','Delivered','Lagos'),
(1346,358,15,'2021-09-10','Delivered','Jos'),
(1347,267,12,'2021-02-21','Delivered','Ado-Ekiti'),
(1348,590,25,'2024-05-06','Delivered','Aba'),
(1349,558,8,'2023-02-28','Cancelled','Lagos'),
(1350,742,30,'2023-09-22','Delivered','Port Harcourt'),
(1351,624,24,'2023-12-17','Delivered','Akure'),
(1352,363,21,'2022-11-15','Cancelled','Jos'),
(1353,151,28,'2024-04-02','Delivered','Uyo'),
(1354,381,23,'2022-09-28','Delivered','Benin City'),
(1355,109,34,'2023-12-08','Delivered','Minna'),
(1356,269,32,'2023-11-22','Delivered','Jos'),
(1357,277,29,'2023-01-27','Delivered','Gombe'),
(1358,30,35,'2024-02-29','Delivered','Kaduna'),
(1359,65,29,'2022-07-08','Delivered','Lagos'),
(1360,269,30,'2023-02-19','Pending','Jos'),
(1361,322,21,'2023-06-20','Delivered','Warri'),
(1362,279,19,'2024-02-10','Delivered','Kaduna'),
(1363,548,24,'2024-04-01','Delivered','Kano'),
(1364,794,25,'2022-12-28','Delivered','Ibadan'),
(1365,713,17,'2023-02-10','Cancelled','Lagos'),
(1366,486,28,'2023-08-27','Delivered','Aba'),
(1367,185,33,'2021-08-31','Delivered','Benin City'),
(1368,676,11,'2021-04-08','Delivered','Lagos'),
(1369,508,17,'2022-03-11','Delivered','Abuja'),
(1370,717,19,'2022-05-25','Delivered','Warri'),
(1371,288,31,'2021-11-20','Delivered','Abuja'),
(1372,766,32,'2023-11-03','Delivered','Abuja'),
(1373,90,17,'2022-09-22','Cancelled','Ilorin'),
(1374,236,27,'2022-03-22','Delivered','Maiduguri'),
(1375,266,33,'2021-05-05','Delivered','Enugu'),
(1376,290,35,'2023-10-28','Delivered','Ibadan'),
(1377,561,35,'2023-02-22','Delivered','Lagos'),
(1378,461,27,'2022-07-10','Delivered','Aba'),
(1379,366,27,'2022-11-08','Delivered','Ilorin'),
(1380,666,25,'2023-11-01','Delivered','Abuja'),
(1381,140,19,'2024-01-14','Delivered','Enugu'),
(1382,162,14,'2021-02-14','Delivered','Minna'),
(1383,11,25,'2024-06-24','Pending','Abuja'),
(1384,647,19,'2024-02-21','Delivered','Ilorin'),
(1385,471,33,'2023-11-01','Delivered','Minna'),
(1386,87,18,'2024-05-01','Pending','Abuja'),
(1387,664,28,'2021-11-06','Cancelled','Aba'),
(1388,296,25,'2024-06-20','Delivered','Suleja'),
(1389,117,22,'2022-11-29','Pending','Ado-Ekiti'),
(1390,406,35,'2023-12-21','Delivered','Port Harcourt'),
(1391,80,27,'2023-12-11','Delivered','Calabar'),
(1392,560,26,'2023-06-02','Delivered','Ibadan'),
(1393,299,10,'2021-12-02','Delivered','Calabar'),
(1394,117,17,'2022-12-14','Cancelled','Ado-Ekiti'),
(1395,232,21,'2022-01-28','Delivered','Yola'),
(1396,745,35,'2021-06-11','Delivered','Abuja'),
(1397,292,34,'2022-03-13','Delivered','Maiduguri'),
(1398,86,26,'2023-04-14','Delivered','Abuja'),
(1399,561,29,'2023-09-21','Delivered','Lagos'),
(1400,604,28,'2024-03-31','Delivered','Ilorin'),
(1401,647,20,'2024-05-16','Delivered','Ilorin'),
(1402,75,5,'2023-02-03','Delivered','Kano'),
(1403,340,33,'2022-10-02','Delivered','Zaria'),
(1404,799,32,'2021-06-20','Delivered','Suleja'),
(1405,709,28,'2022-12-27','Delivered','Lagos'),
(1406,230,32,'2023-12-06','Delivered','Lagos'),
(1407,721,7,'2023-06-10','Delivered','Abuja'),
(1408,381,10,'2023-02-03','Delivered','Benin City'),
(1409,649,21,'2022-05-17','Delivered','Oshogbo'),
(1410,294,29,'2022-12-17','Cancelled','Benin City'),
(1411,387,24,'2024-04-06','Cancelled','Gombe'),
(1412,771,11,'2021-10-13','Delivered','Abuja'),
(1413,148,29,'2024-02-02','Pending','Abuja'),
(1414,231,7,'2021-01-24','Delivered','Lagos'),
(1415,522,34,'2021-01-31','Delivered','Gombe'),
(1416,65,22,'2021-04-08','Delivered','Lagos'),
(1417,594,16,'2021-03-21','Delivered','Gombe'),
(1418,297,32,'2024-06-30','Pending','Kaduna'),
(1419,639,22,'2023-11-01','Delivered','Kano'),
(1420,676,18,'2023-03-14','Delivered','Lagos'),
(1421,125,34,'2023-06-29','Delivered','Akure'),
(1422,475,19,'2023-07-19','Delivered','Abuja'),
(1423,228,31,'2023-02-13','Cancelled','Lagos'),
(1424,699,1,'2023-09-08','Delivered','Lagos'),
(1425,456,25,'2021-11-30','Delivered','Benin City'),
(1426,163,27,'2024-03-03','Delivered','Abuja'),
(1427,755,28,'2024-01-20','Delivered','Lagos'),
(1428,407,32,'2024-04-21','Delivered','Port Harcourt'),
(1429,173,27,'2023-01-17','Delivered','Owerri'),
(1430,269,21,'2023-04-04','Delivered','Jos'),
(1431,588,21,'2021-03-09','Delivered','Lagos'),
(1432,114,24,'2022-12-31','Delivered','Jos'),
(1433,457,30,'2024-06-22','Pending','Lagos'),
(1434,650,22,'2023-12-21','Delivered','Lagos'),
(1435,346,34,'2022-03-28','Delivered','Asaba'),
(1436,699,22,'2023-10-10','Delivered','Lagos'),
(1437,65,32,'2022-03-25','Delivered','Lagos'),
(1438,683,26,'2022-11-12','Delivered','Port Harcourt'),
(1439,214,17,'2022-05-29','Delivered','Sokoto'),
(1440,164,23,'2023-09-09','Cancelled','Jos'),
(1441,794,28,'2024-05-12','Delivered','Ibadan'),
(1442,646,27,'2022-05-03','Delivered','Ibadan'),
(1443,265,31,'2023-12-14','Delivered','Suleja'),
(1444,164,16,'2023-11-12','Cancelled','Jos'),
(1445,614,18,'2023-11-15','Delivered','Kano'),
(1446,276,16,'2023-07-01','Delivered','Lagos'),
(1447,356,27,'2021-05-20','Delivered','Ibadan'),
(1448,257,24,'2024-05-17','Cancelled','Sokoto'),
(1449,283,29,'2022-01-22','Delivered','Maiduguri'),
(1450,522,28,'2023-09-03','Delivered','Gombe'),
(1451,234,25,'2022-12-12','Delivered','Abuja'),
(1452,148,32,'2023-06-26','Cancelled','Abuja'),
(1453,182,19,'2021-09-13','Delivered','Minna'),
(1454,514,33,'2021-01-05','Delivered','Aba'),
(1455,67,23,'2022-01-26','Cancelled','Suleja'),
(1456,286,33,'2023-01-07','Delivered','Lagos'),
(1457,475,11,'2022-11-09','Delivered','Abuja'),
(1458,121,11,'2021-04-18','Delivered','Kaduna'),
(1459,73,17,'2023-03-01','Delivered','Lagos'),
(1460,787,29,'2023-11-21','Delivered','Warri'),
(1461,561,23,'2023-09-15','Delivered','Lagos'),
(1462,128,11,'2024-06-15','Delivered','Warri'),
(1463,373,17,'2022-07-17','Delivered','Port Harcourt'),
(1464,149,20,'2023-08-08','Delivered','Warri'),
(1465,458,31,'2023-12-12','Delivered','Kaduna'),
(1466,64,20,'2023-04-21','Cancelled','Benin City'),
(1467,799,17,'2021-07-25','Delivered','Suleja'),
(1468,475,35,'2023-04-30','Delivered','Abuja'),
(1469,642,22,'2021-05-08','Delivered','Port Harcourt'),
(1470,166,17,'2023-03-30','Delivered','Lagos'),
(1471,167,17,'2021-07-05','Delivered','Abuja'),
(1472,479,12,'2024-04-22','Delivered','Ilorin'),
(1473,366,19,'2024-01-16','Delivered','Ilorin'),
(1474,715,35,'2023-12-29','Cancelled','Abuja'),
(1475,119,30,'2022-02-20','Delivered','Lagos'),
(1476,683,12,'2022-12-06','Delivered','Port Harcourt'),
(1477,102,30,'2024-03-26','Delivered','Enugu'),
(1478,282,15,'2023-12-11','Delivered','Abuja'),
(1479,67,23,'2023-03-12','Delivered','Suleja'),
(1480,276,35,'2024-01-16','Pending','Lagos'),
(1481,296,33,'2024-06-29','Cancelled','Suleja'),
(1482,647,23,'2022-02-13','Delivered','Ilorin'),
(1483,555,29,'2023-11-25','Cancelled','Suleja'),
(1484,428,35,'2023-09-30','Delivered','Kano'),
(1485,116,30,'2023-01-29','Delivered','Lagos'),
(1486,308,17,'2023-08-26','Delivered','Abuja'),
(1487,353,7,'2021-08-21','Delivered','Ibadan'),
(1488,42,19,'2023-04-27','Delivered','Port Harcourt'),
(1489,112,18,'2023-08-22','Delivered','Ilorin'),
(1490,226,35,'2023-01-07','Delivered','Warri'),
(1491,591,20,'2022-02-27','Delivered','Benin City'),
(1492,303,20,'2023-09-06','Delivered','Ilorin'),
(1493,83,35,'2024-02-22','Delivered','Ibadan'),
(1494,208,34,'2023-04-07','Delivered','Lagos'),
(1495,133,34,'2022-12-09','Delivered','Kaduna'),
(1496,404,8,'2023-04-27','Delivered','Kaduna'),
(1497,561,5,'2022-07-29','Delivered','Lagos'),
(1498,313,18,'2023-12-07','Cancelled','Kano'),
(1499,512,12,'2021-04-15','Pending','Abuja'),
(1500,529,17,'2022-08-12','Delivered','Lagos'),
(1501,340,24,'2023-11-06','Delivered','Zaria'),
(1502,747,27,'2024-03-23','Delivered','Lagos'),
(1503,46,18,'2022-12-22','Delivered','Ibadan'),
(1504,730,30,'2024-02-21','Delivered','Enugu'),
(1505,594,27,'2022-11-03','Delivered','Gombe'),
(1506,450,26,'2021-11-21','Delivered','Abeokuta'),
(1507,460,26,'2023-01-07','Delivered','Benin City'),
(1508,694,28,'2023-11-08','Delivered','Abuja'),
(1509,799,30,'2021-11-24','Pending','Suleja'),
(1510,548,30,'2022-07-05','Delivered','Kano'),
(1511,277,25,'2024-05-05','Pending','Gombe'),
(1512,33,32,'2023-06-10','Delivered','Ibadan'),
(1513,242,13,'2023-01-02','Delivered','Ilorin'),
(1514,443,29,'2022-08-08','Delivered','Bauchi'),
(1515,231,18,'2024-03-02','Delivered','Lagos'),
(1516,103,15,'2023-11-17','Delivered','Maiduguri'),
(1517,351,32,'2023-12-17','Delivered','Enugu'),
(1518,458,35,'2024-05-01','Pending','Kaduna'),
(1519,274,22,'2021-03-23','Delivered','Owerri'),
(1520,504,20,'2024-01-02','Delivered','Ilorin'),
(1521,285,22,'2023-11-09','Delivered','Lagos'),
(1522,787,20,'2024-02-17','Delivered','Warri'),
(1523,487,30,'2022-12-16','Delivered','Owerri'),
(1524,102,34,'2023-01-12','Delivered','Enugu'),
(1525,617,35,'2022-03-04','Delivered','Warri'),
(1526,101,20,'2024-04-13','Delivered','Maiduguri'),
(1527,58,12,'2024-06-03','Pending','Kano'),
(1528,65,17,'2022-08-05','Delivered','Lagos'),
(1529,385,27,'2022-12-31','Delivered','Lagos'),
(1530,786,17,'2024-04-29','Delivered','Akure'),
(1531,511,23,'2023-05-29','Delivered','Akure'),
(1532,713,17,'2021-12-30','Delivered','Lagos'),
(1533,616,18,'2022-04-26','Delivered','Kaduna'),
(1534,589,27,'2024-03-21','Pending','Kaduna'),
(1535,655,22,'2021-11-21','Cancelled','Kaduna'),
(1536,155,23,'2024-04-04','Delivered','Enugu'),
(1537,745,8,'2023-03-21','Cancelled','Abuja'),
(1538,299,7,'2023-06-10','Pending','Calabar'),
(1539,297,16,'2023-12-19','Delivered','Kaduna'),
(1540,510,18,'2022-09-17','Delivered','Kano'),
(1541,462,12,'2023-03-30','Delivered','Benin City'),
(1542,773,31,'2024-01-19','Delivered','Uyo'),
(1543,609,26,'2023-09-23','Delivered','Abuja'),
(1544,427,22,'2022-03-08','Delivered','Kano'),
(1545,593,34,'2023-09-24','Delivered','Abuja'),
(1546,195,35,'2024-05-04','Delivered','Lagos'),
(1547,343,30,'2023-07-16','Delivered','Ado-Ekiti'),
(1548,557,27,'2021-04-21','Delivered','Abuja'),
(1549,738,25,'2024-03-29','Cancelled','Lagos'),
(1550,715,33,'2023-05-09','Delivered','Abuja'),
(1551,702,29,'2023-09-08','Cancelled','Katsina'),
(1552,590,20,'2021-02-26','Delivered','Aba'),
(1553,756,19,'2022-05-05','Delivered','Jos'),
(1554,65,16,'2024-06-02','Delivered','Lagos'),
(1555,567,17,'2024-03-09','Delivered','Lagos'),
(1556,57,31,'2023-04-24','Delivered','Ibadan'),
(1557,345,13,'2021-10-23','Delivered','Abuja'),
(1558,539,27,'2024-04-03','Pending','Oshogbo'),
(1559,302,25,'2023-01-18','Delivered','Ibadan'),
(1560,798,24,'2022-11-20','Delivered','Lagos'),
(1561,789,23,'2023-10-22','Delivered','Ilorin'),
(1562,28,28,'2022-11-09','Delivered','Lagos'),
(1563,650,20,'2024-05-27','Pending','Lagos'),
(1564,65,17,'2021-05-09','Delivered','Lagos'),
(1565,553,33,'2022-04-08','Delivered','Lagos'),
(1566,363,19,'2022-03-12','Cancelled','Jos'),
(1567,567,25,'2024-03-17','Delivered','Lagos'),
(1568,745,18,'2024-03-08','Delivered','Abuja'),
(1569,581,33,'2023-11-23','Delivered','Lagos'),
(1570,260,33,'2024-03-25','Delivered','Warri'),
(1571,130,7,'2021-06-22','Delivered','Ibadan'),
(1572,619,26,'2022-02-23','Delivered','Aba'),
(1573,508,33,'2024-03-22','Pending','Abuja'),
(1574,254,22,'2024-05-25','Delivered','Port Harcourt'),
(1575,356,20,'2023-05-20','Delivered','Ibadan'),
(1576,522,13,'2024-02-01','Delivered','Gombe'),
(1577,38,34,'2022-12-06','Cancelled','Ado-Ekiti'),
(1578,611,29,'2023-09-03','Delivered','Enugu'),
(1579,139,33,'2024-04-26','Cancelled','Lagos'),
(1580,367,24,'2022-02-17','Delivered','Aba'),
(1581,750,35,'2021-09-15','Delivered','Abuja'),
(1582,42,15,'2022-08-07','Delivered','Port Harcourt'),
(1583,462,6,'2022-08-29','Delivered','Benin City'),
(1584,563,30,'2023-10-03','Delivered','Abeokuta'),
(1585,649,11,'2023-02-13','Delivered','Oshogbo'),
(1586,479,23,'2023-08-04','Delivered','Ilorin'),
(1587,272,8,'2022-12-26','Delivered','Jos'),
(1588,746,7,'2022-03-27','Delivered','Port Harcourt'),
(1589,645,14,'2023-06-19','Delivered','Lagos'),
(1590,385,23,'2021-04-29','Delivered','Lagos'),
(1591,8,19,'2022-07-24','Cancelled','Port Harcourt'),
(1592,317,34,'2021-12-30','Delivered','Akure'),
(1593,744,16,'2021-06-08','Pending','Benin City'),
(1594,406,18,'2021-03-03','Delivered','Port Harcourt'),
(1595,695,31,'2021-12-03','Delivered','Ibadan'),
(1596,458,3,'2022-12-09','Delivered','Kaduna'),
(1597,297,18,'2024-03-27','Delivered','Kaduna'),
(1598,541,22,'2024-04-16','Delivered','Port Harcourt'),
(1599,502,31,'2022-11-16','Pending','Calabar'),
(1600,60,25,'2023-12-24','Delivered','Lagos'),
(1601,669,25,'2024-03-04','Delivered','Port Harcourt'),
(1602,532,28,'2022-11-14','Delivered','Kano'),
(1603,460,21,'2022-05-31','Cancelled','Benin City'),
(1604,297,28,'2023-06-14','Delivered','Kaduna'),
(1605,262,34,'2021-07-18','Delivered','Ibadan'),
(1606,487,19,'2022-08-19','Delivered','Owerri'),
(1607,767,9,'2023-12-21','Pending','Benin City'),
(1608,713,22,'2022-06-26','Delivered','Lagos'),
(1609,476,27,'2023-04-15','Delivered','Abuja'),
(1610,65,9,'2024-06-09','Delivered','Lagos'),
(1611,427,27,'2024-06-17','Pending','Kano'),
(1612,561,30,'2023-10-15','Delivered','Lagos'),
(1613,156,20,'2021-12-30','Delivered','Port Harcourt'),
(1614,607,33,'2022-11-03','Delivered','Zaria'),
(1615,776,29,'2022-02-01','Delivered','Enugu'),
(1616,30,19,'2023-11-21','Delivered','Kaduna'),
(1617,309,14,'2022-08-20','Delivered','Lagos'),
(1618,799,31,'2022-03-02','Delivered','Suleja'),
(1619,442,34,'2024-01-08','Delivered','Warri'),
(1620,392,31,'2024-01-05','Delivered','Lagos'),
(1621,128,32,'2021-06-24','Delivered','Warri'),
(1622,409,14,'2023-01-28','Delivered','Ibadan'),
(1623,231,32,'2023-08-19','Pending','Lagos'),
(1624,698,31,'2021-09-01','Pending','Lagos'),
(1625,186,29,'2021-09-17','Cancelled','Ibadan'),
(1626,747,31,'2023-07-06','Pending','Lagos'),
(1627,548,34,'2023-09-28','Delivered','Kano'),
(1628,706,11,'2024-02-18','Delivered','Ilorin'),
(1629,695,13,'2023-06-08','Delivered','Ibadan'),
(1630,162,18,'2022-09-30','Delivered','Minna'),
(1631,730,13,'2024-04-05','Delivered','Enugu'),
(1632,209,29,'2022-01-16','Cancelled','Ibadan'),
(1633,152,22,'2022-05-17','Cancelled','Enugu'),
(1634,750,26,'2023-10-30','Delivered','Abuja'),
(1635,482,26,'2021-11-05','Delivered','Jos'),
(1636,511,25,'2024-03-28','Pending','Akure'),
(1637,765,12,'2023-05-21','Delivered','Lagos'),
(1638,430,24,'2024-02-07','Delivered','Abuja'),
(1639,786,20,'2024-04-06','Delivered','Akure'),
(1640,400,23,'2023-11-07','Delivered','Lagos'),
(1641,152,23,'2024-03-27','Delivered','Enugu'),
(1642,311,19,'2022-10-22','Delivered','Uyo'),
(1643,406,8,'2022-11-24','Delivered','Port Harcourt'),
(1644,363,27,'2023-02-13','Delivered','Jos'),
(1645,508,18,'2023-03-28','Delivered','Abuja'),
(1646,515,14,'2022-05-02','Delivered','Kaduna'),
(1647,504,8,'2024-04-24','Delivered','Ilorin'),
(1648,499,17,'2024-05-20','Delivered','Kaduna'),
(1649,590,32,'2023-11-03','Delivered','Aba'),
(1650,649,35,'2024-03-06','Delivered','Oshogbo'),
(1651,4,17,'2023-12-10','Delivered','Owerri'),
(1652,623,22,'2021-07-15','Cancelled','Jos'),
(1653,548,15,'2022-08-19','Delivered','Kano'),
(1654,578,17,'2021-05-14','Delivered','Akure'),
(1655,520,21,'2023-03-24','Delivered','Suleja'),
(1656,559,33,'2024-01-07','Delivered','Enugu'),
(1657,20,17,'2021-10-05','Cancelled','Yola'),
(1658,732,32,'2022-08-05','Delivered','Enugu'),
(1659,323,23,'2023-11-02','Delivered','Lagos'),
(1660,319,17,'2023-09-21','Delivered','Katsina'),
(1661,269,25,'2021-06-15','Delivered','Jos'),
(1662,19,27,'2021-07-02','Delivered','Ibadan'),
(1663,104,26,'2021-06-11','Delivered','Port Harcourt'),
(1664,92,23,'2024-02-03','Delivered','Akure'),
(1665,623,9,'2023-06-13','Delivered','Jos'),
(1666,152,17,'2024-05-20','Delivered','Enugu'),
(1667,493,35,'2023-04-03','Cancelled','Calabar'),
(1668,650,17,'2022-12-11','Cancelled','Lagos'),
(1669,427,30,'2021-11-26','Delivered','Kano'),
(1670,557,24,'2024-03-09','Delivered','Abuja'),
(1671,533,2,'2023-04-20','Delivered','Ilorin'),
(1672,348,14,'2021-06-08','Delivered','Abuja'),
(1673,41,35,'2023-10-10','Delivered','Akure'),
(1674,337,8,'2021-07-31','Delivered','Abuja'),
(1675,90,32,'2021-10-13','Delivered','Ilorin'),
(1676,553,3,'2024-03-31','Cancelled','Lagos'),
(1677,504,12,'2024-02-01','Delivered','Ilorin'),
(1678,422,27,'2024-03-09','Delivered','Lagos'),
(1679,402,28,'2024-02-04','Delivered','Port Harcourt'),
(1680,675,20,'2022-07-12','Delivered','Abuja'),
(1681,540,22,'2024-06-25','Delivered','Oshogbo'),
(1682,561,29,'2023-10-09','Delivered','Lagos'),
(1683,151,29,'2021-01-23','Delivered','Uyo'),
(1684,24,17,'2024-04-21','Delivered','Port Harcourt'),
(1685,557,17,'2023-12-13','Cancelled','Abuja'),
(1686,65,15,'2024-05-04','Pending','Lagos'),
(1687,164,16,'2024-01-22','Delivered','Jos'),
(1688,649,29,'2023-04-30','Delivered','Oshogbo'),
(1689,795,32,'2024-02-14','Pending','Aba'),
(1690,151,33,'2022-10-21','Cancelled','Uyo'),
(1691,699,23,'2023-04-30','Delivered','Lagos'),
(1692,270,20,'2024-01-29','Delivered','Port Harcourt'),
(1693,217,26,'2022-09-25','Delivered','Aba'),
(1694,633,31,'2023-12-29','Delivered','Ilorin'),
(1695,373,33,'2023-11-11','Delivered','Port Harcourt'),
(1696,699,12,'2022-06-04','Delivered','Lagos'),
(1697,277,32,'2022-07-29','Delivered','Gombe'),
(1698,12,20,'2023-06-20','Delivered','Abuja'),
(1699,799,16,'2021-08-07','Cancelled','Suleja'),
(1700,242,9,'2024-04-12','Delivered','Ilorin'),
(1701,741,19,'2023-04-30','Delivered','Lagos'),
(1702,198,31,'2022-07-12','Delivered','Kaduna'),
(1703,33,35,'2022-09-09','Delivered','Ibadan'),
(1704,508,21,'2023-05-06','Delivered','Abuja'),
(1705,155,18,'2023-03-23','Delivered','Enugu'),
(1706,758,34,'2022-10-07','Delivered','Port Harcourt'),
(1707,649,9,'2024-01-14','Delivered','Oshogbo'),
(1708,795,25,'2021-04-01','Delivered','Aba'),
(1709,551,3,'2021-09-10','Delivered','Warri'),
(1710,670,30,'2024-02-01','Delivered','Lagos'),
(1711,490,30,'2021-11-07','Delivered','Port Harcourt'),
(1712,738,25,'2022-12-24','Delivered','Lagos'),
(1713,136,16,'2021-05-06','Delivered','Kaduna'),
(1714,207,29,'2021-02-15','Delivered','Ibadan'),
(1715,556,18,'2024-03-26','Pending','Abuja'),
(1716,381,27,'2023-07-15','Delivered','Benin City'),
(1717,383,32,'2023-03-28','Delivered','Abuja'),
(1718,406,20,'2022-11-07','Delivered','Port Harcourt'),
(1719,737,34,'2023-11-01','Delivered','Warri'),
(1720,381,29,'2024-06-28','Pending','Benin City'),
(1721,168,34,'2022-10-31','Delivered','Benin City'),
(1722,65,5,'2023-08-16','Delivered','Lagos'),
(1723,766,23,'2024-03-04','Pending','Abuja'),
(1724,508,18,'2022-11-11','Delivered','Abuja'),
(1725,297,23,'2022-10-17','Delivered','Kaduna'),
(1726,508,28,'2023-05-17','Delivered','Abuja'),
(1727,756,17,'2024-05-15','Cancelled','Jos'),
(1728,763,8,'2023-01-17','Delivered','Aba'),
(1729,277,21,'2023-09-11','Delivered','Gombe'),
(1730,467,26,'2022-07-11','Delivered','Ibadan'),
(1731,561,33,'2021-07-20','Delivered','Lagos'),
(1732,406,31,'2024-01-05','Delivered','Port Harcourt'),
(1733,426,24,'2024-05-04','Pending','Warri'),
(1734,116,19,'2023-11-26','Delivered','Lagos'),
(1735,633,23,'2023-09-12','Delivered','Ilorin'),
(1736,377,27,'2023-01-14','Delivered','Suleja'),
(1737,260,22,'2023-08-28','Cancelled','Warri'),
(1738,650,28,'2023-12-27','Delivered','Lagos'),
(1739,548,8,'2024-01-11','Delivered','Kano'),
(1740,516,32,'2024-06-13','Delivered','Lagos'),
(1741,273,14,'2023-03-30','Delivered','Lagos'),
(1742,67,18,'2024-04-21','Delivered','Suleja'),
(1743,77,29,'2022-03-22','Delivered','Oshogbo'),
(1744,502,28,'2023-05-24','Pending','Calabar'),
(1745,297,27,'2022-07-15','Delivered','Kaduna'),
(1746,369,32,'2023-11-02','Cancelled','Owerri'),
(1747,177,35,'2022-06-02','Delivered','Lagos'),
(1748,93,28,'2022-07-01','Delivered','Lagos'),
(1749,745,29,'2022-12-28','Delivered','Abuja'),
(1750,299,18,'2023-06-12','Delivered','Calabar'),
(1751,799,24,'2023-08-01','Cancelled','Suleja'),
(1752,478,33,'2024-01-06','Delivered','Oshogbo'),
(1753,522,28,'2023-03-30','Delivered','Gombe'),
(1754,48,1,'2021-08-27','Delivered','Abuja'),
(1755,725,22,'2023-09-02','Delivered','Lagos'),
(1756,534,25,'2022-11-12','Delivered','Ilorin'),
(1757,249,31,'2022-12-26','Delivered','Kaduna'),
(1758,505,29,'2023-11-22','Delivered','Bauchi'),
(1759,373,27,'2023-02-26','Delivered','Port Harcourt'),
(1760,48,34,'2021-12-26','Delivered','Abuja'),
(1761,650,31,'2022-04-25','Delivered','Lagos'),
(1762,150,17,'2023-01-23','Delivered','Lagos'),
(1763,284,27,'2024-03-17','Delivered','Abuja'),
(1764,753,24,'2023-12-01','Pending','Kaduna'),
(1765,300,19,'2022-12-16','Delivered','Kaduna'),
(1766,193,34,'2024-06-30','Pending','Enugu'),
(1767,340,20,'2023-12-31','Delivered','Zaria'),
(1768,65,24,'2022-03-27','Pending','Lagos'),
(1769,633,34,'2023-08-10','Delivered','Ilorin'),
(1770,672,22,'2023-12-01','Delivered','Lagos'),
(1771,617,25,'2024-04-08','Delivered','Warri'),
(1772,553,9,'2023-05-09','Delivered','Lagos'),
(1773,753,33,'2021-07-21','Delivered','Kaduna'),
(1774,633,7,'2023-12-18','Pending','Ilorin'),
(1775,480,28,'2022-07-23','Delivered','Kano'),
(1776,799,34,'2022-03-31','Delivered','Suleja'),
(1777,699,34,'2024-02-17','Pending','Lagos'),
(1778,242,31,'2024-04-10','Delivered','Ilorin'),
(1779,395,20,'2023-08-24','Delivered','Ibadan'),
(1780,563,31,'2023-11-15','Cancelled','Abeokuta'),
(1781,506,20,'2022-10-28','Delivered','Owerri'),
(1782,548,22,'2023-10-05','Delivered','Kano'),
(1783,177,26,'2022-05-14','Delivered','Lagos'),
(1784,497,32,'2024-04-03','Delivered','Lagos'),
(1785,320,34,'2023-12-24','Delivered','Jos'),
(1786,413,35,'2023-10-01','Delivered','Ibadan'),
(1787,647,26,'2022-02-23','Delivered','Ilorin'),
(1788,505,35,'2023-05-29','Delivered','Bauchi'),
(1789,370,28,'2022-07-20','Delivered','Port Harcourt'),
(1790,402,26,'2024-02-21','Delivered','Port Harcourt'),
(1791,721,27,'2024-04-05','Delivered','Abuja'),
(1792,98,29,'2023-02-03','Delivered','Benin City'),
(1793,772,18,'2023-06-20','Pending','Benin City'),
(1794,199,17,'2024-05-10','Pending','Ado-Ekiti'),
(1795,32,23,'2021-11-03','Delivered','Asaba'),
(1796,179,26,'2022-01-18','Pending','Kano'),
(1797,275,24,'2024-05-16','Delivered','Sokoto'),
(1798,497,16,'2022-04-27','Delivered','Lagos'),
(1799,649,9,'2022-08-20','Delivered','Oshogbo'),
(1800,138,10,'2023-02-07','Delivered','Abuja'),
(1801,509,29,'2023-12-30','Delivered','Kaduna'),
(1802,590,32,'2022-05-28','Delivered','Aba'),
(1803,687,28,'2023-12-03','Delivered','Abeokuta'),
(1804,548,19,'2022-11-25','Delivered','Kano'),
(1805,745,33,'2023-02-28','Delivered','Abuja'),
(1806,699,24,'2023-09-27','Cancelled','Lagos'),
(1807,71,9,'2023-11-11','Delivered','Oshogbo'),
(1808,84,24,'2023-09-07','Delivered','Kano'),
(1809,577,25,'2022-10-23','Delivered','Ibadan'),
(1810,581,20,'2021-12-11','Pending','Lagos'),
(1811,256,26,'2023-03-25','Delivered','Ilorin'),
(1812,623,7,'2021-10-14','Delivered','Jos'),
(1813,300,17,'2022-08-03','Delivered','Kaduna'),
(1814,52,18,'2022-08-01','Delivered','Aba'),
(1815,520,20,'2023-10-23','Delivered','Suleja'),
(1816,42,21,'2024-01-17','Delivered','Port Harcourt'),
(1817,410,23,'2022-06-08','Delivered','Lagos'),
(1818,417,30,'2024-01-08','Cancelled','Port Harcourt'),
(1819,152,17,'2023-11-25','Delivered','Enugu'),
(1820,677,21,'2022-11-20','Delivered','Port Harcourt'),
(1821,298,7,'2022-11-21','Delivered','Lagos'),
(1822,569,26,'2023-09-29','Delivered','Owerri'),
(1823,663,26,'2022-11-24','Delivered','Kano'),
(1824,497,14,'2023-07-09','Delivered','Lagos'),
(1825,192,30,'2022-11-20','Delivered','Ibadan'),
(1826,523,7,'2023-12-04','Delivered','Benin City'),
(1827,651,25,'2023-02-28','Delivered','Ibadan'),
(1828,195,35,'2024-05-28','Delivered','Lagos'),
(1829,557,17,'2024-03-18','Delivered','Abuja'),
(1830,5,33,'2023-02-14','Delivered','Abuja'),
(1831,673,33,'2022-11-15','Delivered','Lagos'),
(1832,784,34,'2024-05-25','Delivered','Kano'),
(1833,553,18,'2023-05-06','Delivered','Lagos'),
(1834,647,9,'2023-03-06','Delivered','Ilorin'),
(1835,235,35,'2024-05-21','Cancelled','Abuja'),
(1836,800,32,'2021-11-19','Delivered','Lagos'),
(1837,74,34,'2023-11-14','Pending','Gombe'),
(1838,598,22,'2022-04-05','Delivered','Jos'),
(1839,332,24,'2024-03-15','Delivered','Gombe'),
(1840,559,27,'2021-12-02','Delivered','Enugu'),
(1841,269,12,'2022-12-13','Delivered','Jos'),
(1842,391,16,'2023-05-21','Delivered','Kaduna'),
(1843,37,13,'2023-06-27','Pending','Abuja'),
(1844,260,23,'2021-08-12','Delivered','Warri'),
(1845,394,21,'2021-04-08','Delivered','Suleja'),
(1846,303,21,'2022-12-07','Delivered','Ilorin'),
(1847,638,7,'2022-04-04','Delivered','Minna'),
(1848,459,25,'2022-10-10','Delivered','Enugu'),
(1849,730,31,'2022-12-31','Delivered','Enugu'),
(1850,696,32,'2023-09-30','Pending','Lagos'),
(1851,791,30,'2024-05-25','Delivered','Abeokuta'),
(1852,51,29,'2023-04-10','Delivered','Benin City'),
(1853,2,22,'2023-03-05','Delivered','Benin City'),
(1854,522,25,'2022-10-14','Delivered','Gombe'),
(1855,427,31,'2024-04-07','Delivered','Kano'),
(1856,112,7,'2023-11-15','Cancelled','Ilorin'),
(1857,548,21,'2023-11-06','Cancelled','Kano'),
(1858,465,3,'2024-04-02','Delivered','Jos'),
(1859,179,30,'2022-12-15','Delivered','Kano'),
(1860,509,12,'2024-04-01','Delivered','Kaduna'),
(1861,577,23,'2023-07-31','Delivered','Ibadan'),
(1862,67,26,'2021-12-01','Delivered','Suleja'),
(1863,350,31,'2023-09-30','Delivered','Aba'),
(1864,57,29,'2022-05-05','Delivered','Ibadan'),
(1865,343,22,'2022-08-20','Delivered','Ado-Ekiti'),
(1866,70,22,'2023-04-09','Delivered','Lagos'),
(1867,799,29,'2023-12-18','Delivered','Suleja'),
(1868,267,22,'2022-03-18','Delivered','Ado-Ekiti'),
(1869,396,33,'2022-08-04','Cancelled','Lagos'),
(1870,111,25,'2023-11-04','Delivered','Lagos'),
(1871,688,22,'2024-04-18','Delivered','Abuja'),
(1872,192,28,'2021-12-23','Delivered','Ibadan'),
(1873,664,27,'2022-03-19','Pending','Aba'),
(1874,297,35,'2021-06-03','Delivered','Kaduna'),
(1875,117,20,'2021-09-02','Delivered','Ado-Ekiti'),
(1876,156,22,'2024-04-20','Cancelled','Port Harcourt'),
(1877,158,13,'2023-03-04','Delivered','Uyo'),
(1878,483,35,'2021-05-01','Delivered','Abuja'),
(1879,504,4,'2023-07-09','Delivered','Ilorin'),
(1880,277,24,'2023-05-09','Delivered','Gombe'),
(1881,589,9,'2023-03-31','Delivered','Kaduna'),
(1882,406,10,'2023-03-09','Delivered','Port Harcourt'),
(1883,424,31,'2024-06-15','Cancelled','Kaduna'),
(1884,698,16,'2024-05-07','Delivered','Lagos'),
(1885,340,28,'2024-03-30','Delivered','Zaria'),
(1886,308,29,'2024-04-21','Cancelled','Abuja'),
(1887,63,19,'2021-06-30','Delivered','Gombe'),
(1888,171,24,'2022-04-05','Delivered','Kano'),
(1889,398,19,'2021-06-24','Pending','Abuja'),
(1890,381,22,'2022-03-05','Delivered','Benin City'),
(1891,139,24,'2024-04-03','Delivered','Lagos'),
(1892,268,24,'2023-11-07','Delivered','Lagos'),
(1893,623,19,'2022-04-20','Cancelled','Jos'),
(1894,549,34,'2024-05-14','Pending','Abuja'),
(1895,348,33,'2023-08-07','Delivered','Abuja'),
(1896,432,22,'2023-08-17','Cancelled','Jos'),
(1897,623,18,'2023-12-10','Delivered','Jos'),
(1898,257,29,'2023-09-04','Delivered','Sokoto'),
(1899,152,7,'2024-01-30','Delivered','Enugu'),
(1900,548,26,'2022-04-03','Delivered','Kano'),
(1901,195,31,'2024-03-03','Delivered','Lagos'),
(1902,340,25,'2023-08-24','Delivered','Zaria'),
(1903,156,18,'2022-09-16','Delivered','Port Harcourt'),
(1904,63,21,'2022-03-06','Delivered','Gombe'),
(1905,613,22,'2024-04-10','Delivered','Ibadan'),
(1906,787,31,'2022-11-06','Delivered','Warri'),
(1907,590,30,'2024-04-16','Delivered','Aba'),
(1908,17,25,'2023-06-19','Cancelled','Port Harcourt'),
(1909,44,24,'2023-12-04','Delivered','Benin City'),
(1910,650,17,'2021-08-10','Cancelled','Lagos'),
(1911,352,22,'2024-02-17','Delivered','Ibadan'),
(1912,297,20,'2021-04-19','Delivered','Kaduna'),
(1913,506,14,'2022-11-03','Delivered','Owerri'),
(1914,45,17,'2021-04-04','Delivered','Enugu'),
(1915,676,7,'2021-12-17','Cancelled','Lagos'),
(1916,292,32,'2023-01-27','Delivered','Maiduguri'),
(1917,459,31,'2022-01-22','Delivered','Enugu'),
(1918,511,25,'2022-03-12','Delivered','Akure'),
(1919,553,17,'2023-11-12','Delivered','Lagos'),
(1920,120,32,'2023-04-26','Delivered','Ilorin'),
(1921,48,34,'2022-09-07','Cancelled','Abuja'),
(1922,496,24,'2022-08-06','Delivered','Gombe'),
(1923,299,27,'2023-10-13','Delivered','Calabar'),
(1924,728,23,'2022-07-09','Delivered','Abuja'),
(1925,310,34,'2023-05-08','Delivered','Ibadan'),
(1926,44,33,'2023-06-18','Delivered','Benin City'),
(1927,613,10,'2023-04-25','Delivered','Ibadan'),
(1928,459,22,'2022-12-09','Delivered','Enugu'),
(1929,623,31,'2023-07-07','Pending','Jos'),
(1930,656,32,'2022-05-05','Delivered','Ibadan'),
(1931,563,35,'2021-12-11','Delivered','Abeokuta'),
(1932,605,21,'2024-06-01','Delivered','Abuja'),
(1933,557,34,'2023-12-01','Cancelled','Abuja'),
(1934,633,18,'2024-04-08','Pending','Ilorin'),
(1935,431,34,'2024-06-04','Pending','Kaduna'),
(1936,151,9,'2024-02-16','Delivered','Uyo'),
(1937,270,23,'2023-11-15','Delivered','Port Harcourt'),
(1938,288,29,'2024-02-24','Cancelled','Abuja'),
(1939,303,10,'2023-10-29','Delivered','Ilorin'),
(1940,67,18,'2023-03-27','Pending','Suleja'),
(1941,718,29,'2022-04-20','Delivered','Kaduna'),
(1942,288,9,'2023-10-04','Delivered','Abuja'),
(1943,168,27,'2022-09-30','Delivered','Benin City'),
(1944,623,19,'2023-11-23','Delivered','Jos'),
(1945,601,28,'2023-11-20','Delivered','Port Harcourt'),
(1946,277,34,'2024-03-03','Delivered','Gombe'),
(1947,125,33,'2022-12-12','Delivered','Akure'),
(1948,152,30,'2023-12-20','Delivered','Enugu'),
(1949,340,34,'2023-09-04','Pending','Zaria'),
(1950,691,28,'2022-06-23','Delivered','Abeokuta'),
(1951,442,20,'2022-12-04','Delivered','Warri'),
(1952,329,26,'2024-04-10','Delivered','Suleja'),
(1953,136,31,'2023-04-19','Delivered','Kaduna'),
(1954,195,31,'2023-04-24','Delivered','Lagos'),
(1955,475,28,'2022-01-10','Delivered','Abuja'),
(1956,393,28,'2024-05-31','Delivered','Warri'),
(1957,231,15,'2023-06-11','Delivered','Lagos'),
(1958,711,23,'2024-04-14','Delivered','Lagos'),
(1959,644,21,'2023-02-12','Delivered','Abeokuta'),
(1960,277,22,'2024-03-16','Delivered','Gombe'),
(1961,196,13,'2023-09-17','Delivered','Asaba'),
(1962,340,20,'2023-07-10','Delivered','Zaria'),
(1963,297,32,'2023-04-22','Delivered','Kaduna'),
(1964,310,20,'2022-08-22','Delivered','Ibadan'),
(1965,177,28,'2024-04-01','Pending','Lagos'),
(1966,284,18,'2022-09-05','Delivered','Abuja'),
(1967,649,24,'2021-06-23','Delivered','Oshogbo'),
(1968,381,26,'2023-10-30','Pending','Benin City'),
(1969,5,12,'2024-03-28','Delivered','Abuja'),
(1970,226,23,'2024-02-02','Delivered','Warri'),
(1971,543,17,'2024-01-08','Delivered','Ibadan'),
(1972,277,22,'2022-12-11','Delivered','Gombe'),
(1973,216,33,'2024-04-14','Delivered','Warri'),
(1974,54,28,'2022-09-17','Delivered','Calabar'),
(1975,156,32,'2021-03-20','Delivered','Port Harcourt'),
(1976,590,21,'2021-12-01','Delivered','Aba'),
(1977,164,17,'2023-09-10','Delivered','Jos'),
(1978,476,11,'2022-04-03','Pending','Abuja'),
(1979,363,17,'2021-12-12','Pending','Jos'),
(1980,458,31,'2024-04-26','Delivered','Kaduna'),
(1981,438,24,'2023-11-23','Delivered','Enugu'),
(1982,522,25,'2022-12-23','Delivered','Gombe'),
(1983,497,34,'2024-04-22','Delivered','Lagos'),
(1984,90,13,'2022-05-17','Delivered','Ilorin'),
(1985,269,30,'2022-04-11','Delivered','Jos'),
(1986,45,19,'2021-07-27','Cancelled','Enugu'),
(1987,644,22,'2024-06-21','Pending','Abeokuta'),
(1988,277,23,'2021-10-02','Delivered','Gombe'),
(1989,448,25,'2023-01-20','Delivered','Ibadan'),
(1990,418,19,'2024-03-07','Cancelled','Minna'),
(1991,299,29,'2022-01-18','Pending','Calabar'),
(1992,189,30,'2021-03-30','Delivered','Kano'),
(1993,699,22,'2023-01-21','Delivered','Lagos'),
(1994,230,18,'2023-07-06','Delivered','Lagos'),
(1995,65,16,'2022-09-05','Delivered','Lagos'),
(1996,577,31,'2022-05-20','Delivered','Ibadan'),
(1997,278,32,'2024-05-26','Pending','Lagos'),
(1998,613,30,'2023-04-18','Delivered','Ibadan'),
(1999,592,31,'2024-02-15','Delivered','Abuja'),
(2000,626,22,'2022-09-19','Delivered','Owerri');

SELECT *
FROM orders;

CREATE TABLE order_items (
order_item_id SERIAL PRIMARY KEY,
order_id INT REFERENCES orders(order_id),
product_id INT REFERENCES products(product_id),
quantity INT NOT NULL CHECK (quantity > 0),
unit_price NUMERIC(10,2) NOT NULL,
discount NUMERIC(5,2) NOT NULL DEFAULT 0 CHECK (discount BETWEEN 0 AND
100)
);


INSERT INTO order_items (order_item_id,order_id,product_id,quantity,unit_price,discount)
VALUES
(1,1,37,1,11000,0),
(2,2,24,2,7500,5),
(3,2,48,1,4000,10),
(4,2,62,4,6000,5),
(5,3,35,1,185000,5),
(6,4,59,4,8500,0),
(7,4,32,1,4500,0),
(8,4,53,1,8500,0),
(9,4,24,1,7500,0),
(10,4,42,3,9000,5),
(11,5,11,1,22000,5),
(12,6,16,1,8500,0),
(13,7,44,2,4500,10),
(14,8,60,1,4200,0),
(15,8,37,1,11000,15),
(16,9,67,2,9500,0),
(17,9,64,1,6800,15),
(18,10,34,1,13500,0),
(19,10,23,2,6500,5),
(20,10,52,1,3500,5),
(21,11,31,1,11500,5),
(22,11,29,1,19500,0),
(23,12,13,1,28000,10),
(24,12,60,2,4200,15),
(25,13,49,5,3500,0),
(26,13,63,1,7000,0),
(27,14,37,1,11000,0),
(28,14,49,1,3500,0),
(29,14,27,2,28000,10),
(30,15,41,1,3500,0),
(31,16,34,1,13500,0),
(32,16,60,1,4200,0),
(33,16,23,3,6500,0),
(34,16,62,5,6000,10),
(35,16,44,5,4500,15),
(36,17,17,2,15000,5),
(37,17,43,3,5500,0),
(38,18,57,2,12000,0),
(39,18,58,1,7500,0),
(40,18,62,1,6000,0),
(41,18,48,1,4000,10),
(42,19,6,1,45000,15),
(43,19,29,3,19500,0),
(44,20,58,1,7500,0),
(45,20,46,4,8500,0),
(46,21,59,5,8500,5),
(47,21,50,1,2000,0),
(48,21,6,1,45000,0),
(49,22,7,1,480000,0),
(50,22,32,2,4500,0),
(51,22,19,1,9500,0),
(52,23,14,1,65000,0),
(53,23,62,3,6000,0),
(54,23,34,1,13500,0),
(55,24,19,2,9500,0),
(56,24,14,1,65000,0),
(57,24,11,1,22000,0),
(58,24,50,3,2000,0),
(59,24,52,1,3500,5),
(60,25,32,2,4500,15),
(61,25,31,1,11500,0),
(62,26,52,2,3500,0),
(63,26,49,1,3500,0),
(64,26,48,2,4000,0),
(65,26,56,2,5500,0),
(66,27,9,1,525000,0),
(67,27,6,1,45000,10),
(68,28,31,1,11500,5),
(69,28,56,2,5500,0),
(70,29,10,1,18500,10),
(71,29,31,1,11500,0),
(72,29,29,1,19500,0),
(73,29,23,2,6500,0),
(74,29,14,1,65000,15),
(75,30,44,3,4500,0),
(76,30,50,2,2000,0),
(77,30,16,2,8500,0),
(78,31,22,1,12000,0),
(79,31,59,4,8500,5),
(80,32,59,2,8500,0),
(81,32,10,1,18500,0),
(82,33,6,1,45000,0),
(83,33,36,3,7500,0),
(84,33,48,3,4000,0),
(85,34,43,3,5500,0),
(86,34,50,1,2000,5),
(87,34,33,1,24000,0),
(88,35,6,1,45000,0),
(89,36,32,2,4500,0),
(90,36,6,1,45000,0),
(91,36,26,1,14000,10),
(92,36,23,2,6500,0),
(93,37,49,1,3500,0),
(94,37,48,3,4000,0),
(95,37,34,1,13500,10),
(96,37,50,3,2000,0),
(97,38,62,5,6000,10),
(98,38,35,1,185000,0),
(99,38,50,3,2000,5),
(100,38,5,1,295000,0),
(101,38,23,1,6500,0),
(102,39,15,1,125000,0),
(103,39,50,1,2000,0),
(104,40,10,1,18500,10),
(105,40,51,2,6500,0),
(106,41,55,2,24000,5),
(107,41,45,3,5500,0),
(108,41,22,2,12000,0),
(109,42,62,3,6000,0),
(110,43,39,1,68000,5),
(111,43,60,2,4200,10),
(112,43,34,1,13500,0),
(113,44,53,1,8500,0),
(114,44,63,4,7000,0),
(115,45,26,1,14000,15),
(116,45,41,1,3500,0),
(117,46,20,2,85000,0),
(118,46,63,3,7000,0),
(119,46,55,2,24000,0),
(120,47,56,2,5500,0),
(121,47,49,3,3500,0),
(122,47,24,2,7500,10),
(123,48,54,1,16000,0),
(124,48,33,1,24000,5),
(125,49,12,1,38000,0),
(126,49,50,2,2000,0),
(127,50,38,1,42000,0),
(128,50,6,1,45000,5),
(129,50,42,1,9000,5),
(130,51,41,2,3500,0),
(131,51,44,1,4500,15),
(132,52,60,3,4200,15),
(133,52,11,1,22000,5),
(134,52,46,4,8500,5),
(135,52,44,3,4500,0),
(136,53,54,1,16000,5),
(137,53,63,3,7000,0),
(138,53,52,2,3500,0),
(139,54,64,4,6800,15),
(140,55,64,4,6800,0),
(141,55,61,3,9500,5),
(142,55,32,1,4500,10),
(143,56,37,3,11000,5),
(144,56,31,1,11500,5),
(145,57,53,1,8500,15),
(146,57,64,3,6800,0),
(147,57,11,1,22000,0),
(148,58,57,1,12000,0),
(149,58,18,2,22000,0),
(150,58,21,1,18000,5),
(151,58,48,1,4000,0),
(152,59,49,3,3500,0),
(153,59,41,1,3500,0),
(154,60,15,1,125000,0),
(155,60,48,2,4000,5),
(156,61,45,1,5500,10),
(157,61,41,2,3500,15),
(158,61,61,6,9500,0),
(159,62,29,1,19500,0),
(160,62,60,3,4200,0),
(161,63,21,1,18000,0),
(162,63,2,1,950000,0),
(163,63,13,1,28000,5),
(164,64,56,2,5500,10),
(165,65,68,3,4500,0),
(166,65,21,3,18000,5),
(167,66,44,3,4500,0),
(168,66,34,1,13500,5),
(169,66,30,2,32000,0),
(170,66,35,3,185000,0),
(171,66,28,1,35000,0),
(172,66,22,2,12000,0),
(173,67,45,3,5500,0),
(174,68,60,3,4200,15),
(175,68,42,1,9000,5),
(176,68,53,1,8500,5),
(177,69,24,1,7500,15),
(178,70,9,1,525000,15),
(179,70,12,1,38000,10),
(180,71,6,2,45000,0),
(181,71,32,2,4500,10),
(182,72,22,1,12000,15),
(183,73,45,5,5500,0),
(184,73,36,1,7500,5),
(185,73,6,1,45000,0),
(186,74,25,3,55000,0),
(187,74,17,1,15000,0),
(188,74,58,1,7500,5),
(189,74,16,1,8500,0),
(190,75,14,1,65000,5),
(191,75,24,1,7500,0),
(192,75,36,2,7500,15),
(193,75,61,3,9500,0),
(194,76,20,1,85000,0),
(195,77,6,1,45000,5),
(196,77,59,3,8500,5),
(197,77,4,1,185000,0),
(198,77,2,1,950000,0),
(199,77,60,3,4200,0),
(200,78,20,2,85000,0),
(201,78,21,2,18000,0),
(202,79,13,1,28000,10),
(203,79,51,2,6500,0),
(204,79,59,4,8500,0),
(205,79,22,1,12000,0),
(206,79,48,2,4000,0),
(207,79,6,1,45000,0),
(208,80,64,1,6800,0),
(209,81,34,1,13500,5),
(210,81,24,2,7500,0),
(211,81,13,1,28000,0),
(212,82,17,1,15000,0),
(213,82,21,1,18000,0),
(214,82,63,2,7000,0),
(215,82,29,1,19500,0),
(216,82,62,3,6000,0),
(217,83,18,2,22000,0),
(218,83,57,3,12000,0),
(219,84,48,4,4000,0),
(220,84,64,3,6800,10),
(221,85,53,3,8500,0),
(222,86,48,4,4000,5),
(223,86,13,1,28000,0),
(224,86,52,2,3500,5),
(225,87,61,2,9500,5),
(226,88,40,1,15000,5),
(227,88,1,1,350000,0),
(228,89,53,2,8500,5),
(229,89,11,1,22000,0),
(230,89,8,1,395000,10),
(231,90,60,3,4200,0),
(232,90,63,4,7000,0),
(233,91,62,2,6000,5),
(234,91,24,1,7500,10),
(235,91,49,3,3500,0),
(236,92,50,3,2000,0),
(237,92,31,1,11500,0),
(238,92,61,6,9500,5),
(239,93,11,1,22000,0),
(240,93,62,1,6000,0),
(241,94,16,1,8500,0),
(242,94,64,3,6800,0),
(243,94,10,1,18500,5),
(244,95,60,4,4200,10),
(245,95,45,2,5500,0),
(246,95,32,1,4500,0),
(247,96,19,2,9500,0),
(248,96,51,1,6500,15),
(249,97,40,1,15000,0),
(250,97,6,1,45000,15),
(251,98,43,3,5500,5),
(252,98,46,5,8500,0),
(253,98,64,3,6800,0),
(254,98,60,4,4200,0),
(255,98,31,3,11500,5),
(256,99,64,3,6800,0),
(257,99,61,3,9500,0),
(258,99,43,1,5500,0),
(259,100,68,1,4500,0),
(260,100,51,4,6500,0),
(261,101,61,2,9500,0),
(262,101,44,2,4500,0),
(263,101,31,1,11500,0),
(264,101,45,4,5500,0),
(265,101,64,5,6800,5),
(266,102,17,3,15000,0),
(267,102,23,1,6500,15),
(268,102,50,5,2000,0),
(269,102,55,2,24000,0),
(270,102,43,1,5500,0),
(271,103,31,1,11500,0),
(272,103,32,2,4500,0),
(273,103,52,2,3500,0),
(274,103,1,1,350000,0),
(275,104,62,3,6000,0),
(276,104,68,1,4500,15),
(277,104,10,1,18500,0),
(278,105,41,1,3500,0),
(279,105,28,1,35000,0),
(280,105,33,1,24000,5),
(281,105,37,1,11000,0),
(282,106,68,2,4500,5),
(283,106,56,2,5500,0),
(284,106,33,2,24000,5),
(285,107,17,1,15000,0),
(286,107,41,2,3500,0),
(287,108,58,2,7500,15),
(288,108,50,3,2000,5),
(289,108,14,1,65000,10),
(290,108,15,1,125000,10),
(291,108,48,2,4000,5),
(292,109,32,1,4500,5),
(293,109,24,1,7500,5),
(294,110,14,1,65000,5),
(295,110,67,1,9500,0),
(296,110,6,1,45000,0),
(297,110,9,1,525000,10),
(298,111,23,2,6500,0),
(299,111,61,2,9500,0),
(300,111,65,3,35000,15),
(301,111,36,1,7500,10),
(302,111,64,3,6800,0),
(303,112,30,1,32000,5),
(304,112,2,2,950000,0),
(305,113,13,1,28000,0),
(306,113,41,1,3500,0),
(307,114,68,1,4500,0),
(308,115,62,6,6000,0),
(309,115,52,1,3500,15),
(310,115,44,1,4500,0),
(311,115,48,5,4000,0),
(312,116,17,1,15000,5),
(313,117,43,1,5500,10),
(314,117,63,3,7000,5),
(315,117,68,1,4500,0),
(316,117,59,6,8500,0),
(317,118,27,1,28000,0),
(318,119,21,1,18000,0),
(319,120,49,3,3500,0),
(320,120,60,3,4200,0),
(321,120,51,2,6500,10),
(322,121,45,2,5500,0),
(323,122,19,1,9500,0),
(324,122,63,2,7000,5),
(325,122,53,2,8500,0),
(326,122,61,3,9500,0),
(327,123,61,2,9500,15),
(328,123,34,1,13500,0),
(329,124,41,1,3500,0),
(330,124,37,1,11000,0),
(331,124,26,1,14000,0),
(332,125,51,2,6500,0),
(333,125,44,2,4500,10),
(334,126,53,1,8500,0),
(335,126,62,4,6000,0),
(336,127,10,1,18500,0),
(337,127,31,1,11500,0),
(338,127,53,1,8500,0),
(339,128,23,1,6500,0),
(340,128,32,1,4500,0),
(341,128,60,3,4200,0),
(342,129,59,4,8500,10),
(343,129,53,1,8500,0),
(344,129,64,6,6800,0),
(345,129,50,4,2000,10),
(346,130,68,1,4500,0),
(347,130,33,2,24000,10),
(348,130,59,2,8500,0),
(349,130,31,1,11500,0),
(350,131,32,1,4500,0),
(351,131,45,2,5500,10),
(352,131,23,1,6500,0),
(353,131,27,2,28000,0),
(354,132,11,1,22000,0),
(355,133,63,5,7000,0),
(356,133,53,2,8500,15),
(357,133,50,3,2000,0),
(358,133,27,1,28000,0),
(359,133,56,1,5500,5),
(360,134,20,1,85000,0),
(361,135,33,1,24000,0),
(362,135,26,3,14000,10),
(363,135,17,1,15000,5),
(364,135,32,1,4500,15),
(365,135,57,1,12000,5),
(366,136,61,1,9500,10),
(367,136,45,2,5500,10),
(368,137,18,3,22000,0),
(369,137,68,2,4500,5),
(370,138,35,2,185000,10),
(371,138,13,1,28000,5),
(372,138,49,1,3500,0),
(373,138,64,4,6800,5),
(374,138,46,3,8500,5),
(375,139,32,1,4500,0),
(376,139,18,1,22000,5),
(377,140,64,1,6800,0),
(378,140,56,2,5500,5),
(379,140,22,1,12000,0),
(380,141,52,2,3500,0),
(381,142,56,1,5500,0),
(382,142,40,1,15000,0),
(383,142,4,1,185000,0),
(384,143,29,1,19500,0),
(385,143,16,1,8500,0),
(386,143,23,3,6500,0),
(387,143,61,2,9500,0),
(388,144,54,2,16000,0),
(389,144,3,1,720000,10),
(390,145,52,1,3500,0),
(391,146,66,2,18500,0),
(392,146,49,3,3500,0),
(393,146,42,2,9000,0),
(394,147,47,1,7500,0),
(395,147,50,2,2000,0),
(396,148,44,1,4500,10),
(397,148,58,2,7500,10),
(398,149,18,2,22000,10),
(399,149,59,4,8500,0),
(400,149,17,1,15000,0),
(401,149,48,1,4000,5),
(402,150,52,1,3500,0),
(403,150,63,5,7000,0),
(404,150,12,1,38000,0),
(405,150,19,2,9500,10),
(406,150,60,3,4200,0),
(407,150,2,1,950000,0),
(408,151,61,6,9500,0),
(409,152,48,2,4000,15),
(410,152,56,2,5500,0),
(411,152,7,1,480000,15),
(412,153,64,1,6800,15),
(413,153,41,1,3500,0),
(414,153,26,3,14000,10),
(415,153,12,1,38000,0),
(416,154,44,3,4500,10),
(417,154,61,3,9500,0),
(418,155,56,1,5500,5),
(419,155,40,1,15000,0),
(420,156,63,2,7000,0),
(421,156,59,3,8500,0),
(422,156,47,2,7500,10),
(423,157,44,1,4500,0),
(424,157,11,2,22000,0),
(425,158,27,1,28000,5),
(426,158,4,1,185000,0),
(427,159,55,2,24000,5),
(428,159,45,3,5500,0),
(429,160,45,2,5500,0),
(430,160,15,1,125000,0),
(431,160,47,3,7500,10),
(432,161,62,4,6000,5),
(433,161,12,1,38000,0),
(434,161,14,1,65000,5),
(435,162,51,1,6500,0),
(436,162,47,1,7500,0),
(437,162,15,1,125000,0),
(438,162,62,3,6000,0),
(439,163,35,1,185000,0),
(440,163,63,3,7000,0),
(441,164,61,5,9500,10),
(442,164,25,2,55000,0),
(443,164,44,2,4500,0),
(444,165,62,3,6000,0),
(445,165,64,2,6800,0),
(446,166,63,4,7000,0),
(447,166,32,2,4500,0),
(448,166,44,4,4500,0),
(449,166,64,2,6800,0),
(450,167,18,2,22000,0),
(451,167,44,5,4500,0),
(452,168,18,1,22000,10),
(453,168,49,1,3500,0),
(454,169,37,2,11000,5),
(455,169,52,1,3500,0),
(456,169,62,5,6000,0),
(457,169,13,1,28000,10),
(458,169,45,3,5500,15),
(459,169,67,1,9500,0),
(460,170,23,3,6500,0),
(461,171,36,2,7500,0),
(462,171,23,1,6500,0),
(463,171,2,1,950000,5),
(464,172,59,4,8500,0),
(465,172,67,1,9500,5),
(466,173,61,2,9500,0),
(467,173,17,2,15000,5),
(468,173,50,5,2000,0),
(469,174,59,2,8500,0),
(470,175,32,2,4500,0),
(471,175,36,1,7500,0),
(472,175,50,3,2000,0),
(473,176,62,2,6000,5),
(474,176,60,3,4200,0),
(475,176,32,1,4500,0),
(476,177,50,2,2000,0),
(477,177,5,1,295000,5),
(478,177,55,1,24000,10),
(479,178,49,2,3500,0),
(480,178,60,6,4200,0),
(481,179,63,5,7000,0),
(482,179,51,4,6500,0),
(483,179,32,1,4500,5),
(484,180,22,2,12000,0),
(485,180,13,1,28000,0),
(486,180,43,1,5500,0),
(487,181,50,3,2000,10),
(488,181,54,1,16000,0),
(489,181,45,3,5500,15),
(490,182,50,4,2000,0),
(491,182,23,1,6500,0),
(492,182,18,3,22000,0),
(493,182,16,2,8500,0),
(494,182,40,1,15000,0),
(495,183,17,1,15000,0),
(496,184,52,1,3500,10),
(497,185,63,5,7000,0),
(498,185,17,2,15000,0),
(499,186,43,1,5500,10),
(500,186,36,1,7500,15),
(501,186,45,3,5500,0),
(502,187,59,3,8500,0),
(503,187,58,2,7500,5),
(504,187,53,2,8500,5),
(505,188,23,1,6500,5),
(506,188,54,1,16000,5),
(507,189,21,1,18000,10),
(508,189,33,1,24000,0),
(509,190,43,2,5500,0),
(510,190,34,1,13500,5),
(511,191,16,1,8500,0),
(512,191,56,2,5500,0),
(513,192,48,1,4000,0),
(514,192,4,1,185000,15),
(515,193,45,1,5500,0),
(516,193,23,2,6500,0),
(517,193,51,5,6500,5),
(518,194,58,1,7500,15),
(519,194,1,1,350000,10),
(520,194,29,1,19500,10),
(521,195,64,3,6800,0),
(522,196,44,1,4500,0),
(523,196,33,2,24000,15),
(524,197,36,1,7500,15),
(525,197,34,1,13500,5),
(526,197,59,5,8500,0),
(527,197,2,2,950000,0),
(528,197,43,1,5500,5),
(529,197,49,3,3500,0),
(530,198,37,3,11000,0),
(531,198,56,1,5500,0),
(532,198,62,6,6000,0),
(533,199,63,2,7000,0),
(534,199,58,2,7500,5),
(535,199,24,1,7500,0),
(536,200,59,2,8500,10),
(537,201,56,2,5500,0),
(538,201,16,2,8500,0),
(539,201,53,3,8500,10),
(540,202,61,3,9500,0),
(541,202,44,3,4500,15),
(542,202,8,1,395000,0),
(543,203,63,2,7000,0),
(544,203,44,2,4500,0),
(545,203,42,1,9000,0),
(546,203,53,2,8500,15),
(547,204,59,3,8500,0),
(548,204,44,4,4500,0),
(549,205,8,1,395000,0),
(550,205,26,3,14000,5),
(551,206,6,1,45000,10),
(552,206,62,1,6000,0),
(553,206,45,1,5500,0),
(554,206,44,1,4500,0),
(555,206,52,1,3500,10),
(556,206,43,1,5500,5),
(557,207,36,2,7500,0),
(558,207,5,1,295000,0),
(559,207,22,1,12000,0),
(560,208,63,3,7000,0),
(561,208,17,2,15000,0),
(562,209,17,1,15000,0),
(563,209,36,1,7500,15),
(564,209,50,3,2000,0),
(565,209,9,1,525000,5),
(566,210,10,1,18500,0),
(567,210,62,4,6000,0),
(568,211,6,1,45000,10),
(569,211,59,2,8500,0),
(570,211,23,1,6500,5),
(571,211,34,2,13500,0),
(572,212,15,1,125000,0),
(573,213,28,2,35000,0),
(574,213,52,1,3500,0),
(575,214,14,1,65000,0),
(576,214,46,1,8500,5),
(577,214,60,2,4200,0),
(578,215,21,1,18000,0),
(579,216,55,1,24000,0),
(580,216,17,1,15000,0),
(581,216,30,2,32000,10),
(582,216,54,3,16000,0),
(583,217,59,4,8500,0),
(584,217,50,2,2000,0),
(585,217,41,1,3500,0),
(586,217,49,2,3500,0),
(587,218,32,1,4500,0),
(588,218,18,3,22000,0),
(589,219,6,1,45000,0),
(590,219,44,2,4500,0),
(591,220,10,1,18500,0),
(592,220,49,2,3500,0),
(593,221,61,2,9500,0),
(594,221,29,1,19500,0),
(595,222,43,3,5500,10),
(596,222,67,2,9500,0),
(597,223,50,3,2000,0),
(598,223,48,3,4000,0),
(599,223,11,1,22000,0),
(600,224,16,1,8500,5),
(601,224,49,4,3500,10),
(602,224,36,1,7500,0),
(603,225,18,3,22000,15),
(604,225,53,2,8500,0),
(605,225,57,2,12000,0),
(606,225,41,1,3500,0),
(607,225,51,2,6500,0),
(608,226,6,1,45000,0),
(609,226,5,1,295000,0),
(610,226,41,1,3500,0),
(611,227,43,1,5500,15),
(612,227,16,2,8500,0),
(613,228,63,4,7000,0),
(614,228,53,3,8500,0),
(615,229,57,2,12000,0),
(616,229,53,3,8500,0),
(617,229,6,1,45000,0),
(618,229,46,2,8500,10),
(619,230,58,2,7500,0),
(620,230,60,2,4200,0),
(621,231,61,5,9500,5),
(622,231,63,5,7000,10),
(623,231,43,3,5500,0),
(624,232,27,1,28000,0),
(625,232,5,1,295000,5),
(626,232,66,1,18500,0),
(627,233,61,4,9500,0),
(628,234,18,1,22000,0),
(629,234,13,1,28000,0),
(630,234,64,2,6800,0),
(631,234,68,1,4500,0),
(632,235,62,1,6000,0),
(633,235,50,3,2000,5),
(634,236,68,1,4500,0),
(635,236,26,1,14000,0),
(636,236,5,2,295000,0),
(637,236,22,2,12000,0),
(638,237,52,2,3500,0),
(639,237,51,2,6500,0),
(640,238,42,1,9000,0),
(641,238,60,4,4200,0),
(642,239,13,1,28000,5),
(643,239,53,1,8500,15),
(644,239,56,1,5500,0),
(645,240,61,3,9500,0),
(646,240,57,3,12000,0),
(647,240,50,3,2000,0),
(648,240,55,2,24000,0),
(649,240,4,1,185000,10),
(650,240,32,1,4500,0),
(651,241,59,1,8500,10),
(652,241,56,3,5500,0),
(653,242,43,1,5500,0),
(654,242,5,1,295000,5),
(655,242,36,1,7500,0),
(656,242,60,6,4200,5),
(657,243,10,2,18500,0),
(658,243,17,3,15000,0),
(659,243,20,2,85000,10),
(660,243,23,1,6500,0),
(661,244,31,1,11500,15),
(662,244,23,1,6500,5),
(663,245,45,3,5500,5),
(664,245,48,1,4000,0),
(665,245,11,1,22000,10),
(666,246,31,1,11500,0),
(667,246,10,1,18500,5),
(668,247,49,2,3500,0),
(669,247,42,3,9000,0),
(670,247,32,1,4500,0),
(671,248,45,5,5500,5),
(672,248,66,2,18500,0),
(673,249,48,1,4000,5),
(674,249,59,4,8500,0),
(675,250,54,3,16000,10),
(676,250,3,1,720000,0),
(677,251,44,1,4500,0),
(678,251,62,2,6000,15),
(679,252,12,1,38000,0),
(680,252,36,2,7500,0),
(681,252,23,3,6500,0),
(682,253,44,2,4500,0),
(683,253,64,3,6800,0),
(684,253,21,2,18000,0),
(685,253,49,5,3500,0),
(686,254,43,1,5500,10),
(687,254,14,1,65000,0),
(688,255,48,3,4000,0),
(689,255,10,1,18500,15),
(690,256,68,1,4500,0),
(691,256,67,1,9500,0),
(692,256,41,2,3500,0),
(693,257,34,2,13500,0),
(694,257,62,3,6000,10),
(695,257,17,1,15000,0),
(696,257,50,1,2000,5),
(697,257,26,1,14000,0),
(698,257,60,5,4200,0),
(699,258,38,2,42000,15),
(700,259,44,5,4500,15),
(701,260,53,2,8500,5),
(702,260,6,1,45000,5),
(703,260,32,2,4500,15),
(704,260,47,1,7500,0),
(705,261,62,1,6000,0),
(706,261,63,1,7000,10),
(707,261,34,3,13500,5),
(708,261,24,2,7500,0),
(709,261,61,1,9500,0),
(710,262,56,1,5500,0),
(711,262,63,4,7000,5),
(712,262,60,3,4200,0),
(713,263,55,3,24000,5),
(714,263,15,1,125000,0),
(715,264,41,3,3500,0),
(716,264,40,2,15000,15),
(717,265,47,2,7500,5),
(718,265,32,2,4500,0),
(719,265,46,1,8500,0),
(720,266,62,3,6000,0),
(721,266,23,1,6500,5),
(722,266,41,1,3500,5),
(723,266,18,2,22000,0),
(724,266,64,6,6800,0),
(725,266,8,2,395000,5),
(726,267,52,1,3500,0),
(727,267,48,5,4000,5),
(728,267,42,1,9000,5),
(729,267,31,2,11500,0),
(730,267,13,1,28000,5),
(731,267,54,3,16000,0),
(732,268,17,1,15000,5),
(733,268,22,2,12000,0),
(734,269,61,5,9500,10),
(735,269,13,1,28000,0),
(736,269,8,1,395000,0),
(737,269,36,1,7500,15),
(738,269,59,4,8500,0),
(739,269,16,1,8500,0),
(740,270,12,1,38000,10),
(741,270,60,2,4200,0),
(742,270,45,2,5500,0),
(743,271,53,1,8500,5),
(744,271,12,1,38000,0),
(745,271,48,5,4000,5),
(746,272,43,2,5500,0),
(747,272,52,2,3500,5),
(748,272,50,2,2000,0),
(749,273,60,5,4200,0),
(750,273,56,2,5500,0),
(751,274,27,2,28000,0),
(752,275,1,1,350000,0),
(753,275,50,4,2000,0),
(754,275,51,2,6500,0),
(755,275,62,2,6000,10),
(756,275,37,1,11000,0),
(757,276,16,2,8500,0),
(758,276,38,1,42000,5),
(759,277,11,2,22000,0),
(760,277,62,1,6000,0),
(761,278,60,4,4200,0),
(762,278,44,4,4500,0),
(763,278,45,2,5500,15),
(764,279,59,1,8500,10),
(765,280,24,1,7500,0),
(766,280,16,1,8500,5),
(767,280,32,1,4500,5),
(768,280,13,1,28000,5),
(769,280,31,1,11500,0),
(770,280,7,1,480000,15),
(771,281,43,1,5500,0),
(772,281,3,1,720000,5),
(773,281,60,1,4200,0),
(774,282,57,1,12000,0),
(775,282,45,5,5500,5),
(776,283,24,1,7500,10),
(777,283,32,1,4500,0),
(778,283,12,1,38000,0),
(779,283,26,3,14000,0),
(780,283,9,1,525000,0),
(781,284,49,2,3500,15),
(782,285,44,3,4500,5),
(783,286,68,1,4500,0),
(784,286,10,1,18500,0),
(785,286,37,3,11000,0),
(786,287,68,2,4500,0),
(787,287,48,1,4000,0),
(788,287,64,3,6800,0),
(789,288,9,1,525000,0),
(790,288,34,1,13500,0),
(791,288,37,2,11000,0),
(792,288,3,1,720000,0),
(793,289,60,2,4200,0),
(794,290,45,3,5500,0),
(795,291,21,1,18000,0),
(796,291,44,3,4500,10),
(797,292,49,3,3500,5),
(798,292,34,2,13500,5),
(799,292,43,1,5500,10),
(800,293,4,1,185000,0),
(801,293,61,4,9500,0),
(802,294,58,1,7500,0),
(803,294,26,1,14000,0),
(804,295,62,4,6000,0),
(805,295,21,3,18000,0),
(806,295,59,1,8500,0),
(807,295,43,1,5500,15),
(808,296,32,2,4500,15),
(809,296,24,1,7500,0),
(810,297,63,3,7000,0),
(811,297,7,1,480000,0),
(812,297,60,4,4200,0),
(813,297,48,1,4000,0),
(814,297,44,1,4500,15),
(815,298,16,1,8500,5),
(816,298,38,2,42000,0),
(817,298,57,1,12000,0),
(818,298,23,2,6500,0),
(819,299,60,4,4200,0),
(820,299,45,5,5500,0),
(821,299,52,2,3500,0),
(822,299,48,5,4000,0),
(823,299,63,2,7000,0),
(824,300,36,2,7500,0),
(825,300,63,1,7000,0),
(826,300,48,2,4000,15),
(827,300,49,3,3500,0),
(828,300,29,2,19500,0),
(829,301,50,4,2000,15),
(830,301,19,1,9500,0),
(831,301,52,2,3500,0),
(832,302,50,2,2000,5),
(833,303,24,1,7500,0),
(834,304,59,6,8500,15),
(835,304,23,2,6500,0),
(836,304,36,1,7500,15),
(837,304,34,1,13500,5),
(838,305,59,4,8500,10),
(839,305,24,2,7500,0),
(840,305,27,3,28000,0),
(841,305,54,1,16000,5),
(842,305,41,3,3500,0),
(843,305,57,2,12000,5),
(844,306,45,1,5500,5),
(845,306,40,1,15000,0),
(846,307,64,2,6800,0),
(847,307,32,1,4500,0),
(848,307,42,2,9000,0),
(849,308,50,1,2000,5),
(850,309,7,1,480000,5),
(851,309,29,1,19500,0),
(852,309,4,1,185000,0),
(853,309,13,1,28000,5),
(854,310,34,1,13500,0),
(855,310,52,2,3500,0),
(856,311,43,1,5500,10),
(857,311,5,1,295000,0),
(858,311,37,2,11000,0),
(859,311,61,2,9500,10),
(860,312,10,1,18500,0),
(861,312,11,2,22000,0),
(862,313,62,2,6000,5),
(863,313,36,2,7500,0),
(864,313,49,3,3500,15),
(865,313,63,4,7000,5),
(866,313,17,2,15000,0),
(867,314,44,5,4500,0),
(868,315,48,3,4000,0),
(869,315,59,2,8500,5),
(870,315,60,5,4200,0),
(871,316,54,2,16000,0),
(872,316,62,4,6000,0),
(873,317,16,3,8500,0),
(874,317,37,1,11000,10),
(875,317,17,1,15000,0),
(876,318,62,4,6000,0),
(877,319,56,3,5500,0),
(878,319,40,1,15000,0),
(879,319,3,1,720000,5),
(880,320,43,2,5500,0),
(881,320,59,4,8500,0),
(882,321,43,2,5500,0),
(883,321,46,2,8500,10),
(884,322,50,2,2000,15),
(885,322,64,2,6800,0),
(886,322,24,1,7500,10),
(887,322,52,2,3500,0),
(888,322,62,3,6000,0),
(889,322,59,3,8500,0),
(890,323,36,1,7500,0),
(891,323,51,1,6500,0),
(892,324,53,2,8500,0),
(893,324,48,1,4000,0),
(894,325,66,1,18500,0),
(895,325,16,2,8500,0),
(896,326,48,3,4000,10),
(897,326,31,1,11500,5),
(898,326,11,2,22000,0),
(899,326,63,2,7000,0),
(900,327,57,2,12000,15),
(901,327,36,1,7500,0),
(902,327,31,1,11500,10),
(903,327,44,1,4500,5),
(904,327,61,2,9500,0),
(905,327,10,2,18500,0),
(906,328,11,1,22000,0),
(907,328,19,3,9500,0),
(908,328,30,1,32000,0),
(909,328,10,1,18500,5),
(910,329,16,3,8500,0),
(911,330,50,4,2000,15),
(912,330,41,1,3500,0),
(913,331,64,4,6800,5),
(914,331,52,1,3500,10),
(915,331,31,1,11500,0),
(916,332,51,4,6500,0),
(917,332,11,1,22000,0),
(918,332,43,2,5500,0),
(919,333,15,1,125000,0),
(920,333,18,3,22000,0),
(921,333,23,1,6500,0),
(922,333,56,2,5500,0),
(923,334,61,3,9500,0),
(924,334,21,1,18000,0),
(925,334,43,1,5500,10),
(926,334,45,4,5500,0),
(927,334,28,1,35000,0),
(928,335,48,2,4000,5),
(929,335,62,3,6000,10),
(930,336,61,3,9500,0),
(931,337,14,1,65000,0),
(932,337,28,1,35000,0),
(933,337,45,5,5500,10),
(934,337,59,3,8500,15),
(935,338,56,1,5500,0),
(936,338,22,3,12000,0),
(937,338,4,1,185000,0),
(938,338,32,2,4500,0),
(939,339,44,2,4500,5),
(940,339,14,2,65000,0),
(941,339,41,1,3500,0),
(942,339,52,1,3500,0),
(943,340,12,1,38000,0),
(944,340,60,1,4200,15),
(945,340,13,1,28000,5),
(946,340,52,1,3500,0),
(947,341,41,1,3500,10),
(948,341,16,1,8500,5),
(949,341,47,2,7500,10),
(950,342,28,1,35000,10),
(951,342,43,2,5500,0),
(952,342,6,1,45000,0),
(953,342,41,2,3500,0),
(954,343,22,2,12000,0),
(955,343,8,1,395000,0),
(956,343,16,3,8500,0),
(957,343,64,2,6800,10),
(958,343,50,1,2000,0),
(959,343,63,4,7000,0),
(960,344,34,1,13500,0),
(961,344,45,1,5500,5),
(962,345,64,1,6800,0),
(963,346,26,2,14000,5),
(964,346,41,2,3500,0),
(965,346,30,1,32000,0),
(966,347,21,1,18000,0),
(967,347,38,3,42000,0),
(968,348,62,3,6000,10),
(969,349,59,3,8500,0),
(970,349,36,3,7500,0),
(971,349,58,2,7500,0),
(972,350,68,1,4500,10),
(973,350,15,2,125000,0),
(974,350,17,1,15000,5),
(975,351,32,1,4500,5),
(976,351,45,2,5500,0),
(977,351,22,1,12000,0),
(978,352,63,3,7000,10),
(979,352,44,3,4500,0),
(980,352,33,1,24000,0),
(981,352,22,2,12000,0),
(982,353,32,1,4500,10),
(983,353,50,2,2000,0),
(984,353,21,2,18000,0),
(985,354,16,1,8500,5),
(986,354,63,2,7000,0),
(987,354,34,2,13500,0),
(988,354,41,1,3500,0),
(989,355,53,3,8500,0),
(990,355,67,1,9500,5),
(991,355,22,1,12000,5),
(992,356,55,1,24000,0),
(993,356,31,1,11500,5),
(994,356,53,3,8500,10),
(995,357,36,1,7500,0),
(996,357,13,1,28000,0),
(997,357,32,1,4500,5),
(998,358,46,2,8500,0),
(999,358,16,3,8500,15),
(1000,359,62,4,6000,0),
(1001,359,12,1,38000,10),
(1002,360,6,1,45000,15),
(1003,360,10,1,18500,5),
(1004,360,41,1,3500,0),
(1005,360,17,2,15000,0),
(1006,361,16,2,8500,0),
(1007,361,48,3,4000,15),
(1008,362,26,2,14000,5),
(1009,362,23,2,6500,0),
(1010,363,13,1,28000,5),
(1011,363,68,1,4500,10),
(1012,364,39,1,68000,0),
(1013,364,58,2,7500,5),
(1014,365,13,1,28000,10),
(1015,365,65,1,35000,0),
(1016,365,47,1,7500,0),
(1017,366,23,1,6500,0),
(1018,366,49,2,3500,0),
(1019,367,43,1,5500,0),
(1020,367,57,1,12000,0),
(1021,368,53,1,8500,0),
(1022,368,13,1,28000,10),
(1023,368,62,4,6000,0),
(1024,368,24,2,7500,10),
(1025,368,29,1,19500,0),
(1026,369,49,4,3500,0),
(1027,370,17,3,15000,0),
(1028,370,44,2,4500,0),
(1029,370,28,2,35000,0),
(1030,370,68,2,4500,0),
(1031,370,48,3,4000,0),
(1032,371,24,2,7500,0),
(1033,371,17,2,15000,0),
(1034,372,39,1,68000,10),
(1035,372,32,2,4500,10),
(1036,372,60,5,4200,10),
(1037,373,43,2,5500,0),
(1038,374,23,2,6500,0),
(1039,374,41,1,3500,15),
(1040,375,61,2,9500,0),
(1041,375,55,1,24000,15),
(1042,376,46,2,8500,5),
(1043,377,18,2,22000,0),
(1044,377,52,2,3500,0),
(1045,377,31,1,11500,0),
(1046,378,44,2,4500,10),
(1047,378,8,1,395000,0),
(1048,379,17,3,15000,0),
(1049,379,54,3,16000,0),
(1050,379,6,1,45000,0),
(1051,380,56,1,5500,0),
(1052,380,61,5,9500,5),
(1053,380,17,2,15000,0),
(1054,380,16,1,8500,0),
(1055,380,32,1,4500,0),
(1056,381,50,2,2000,0),
(1057,382,52,1,3500,5),
(1058,383,58,2,7500,0),
(1059,383,32,1,4500,10),
(1060,384,8,1,395000,0),
(1061,384,60,1,4200,0),
(1062,384,31,1,11500,5),
(1063,385,50,1,2000,5),
(1064,385,49,1,3500,10),
(1065,385,59,5,8500,0),
(1066,386,57,3,12000,0),
(1067,387,16,1,8500,0),
(1068,388,60,3,4200,0),
(1069,388,59,1,8500,0),
(1070,389,31,2,11500,15),
(1071,389,49,2,3500,0),
(1072,389,41,2,3500,0),
(1073,390,32,1,4500,0),
(1074,391,46,1,8500,15),
(1075,391,38,1,42000,10),
(1076,391,23,1,6500,5),
(1077,391,42,1,9000,0),
(1078,392,30,2,32000,0),
(1079,392,42,1,9000,10),
(1080,392,48,2,4000,0),
(1081,392,60,2,4200,5),
(1082,393,58,2,7500,0),
(1083,393,6,1,45000,0),
(1084,394,64,4,6800,0),
(1085,394,20,2,85000,0),
(1086,394,44,5,4500,0),
(1087,394,27,1,28000,10),
(1088,394,10,1,18500,0),
(1089,394,59,5,8500,10),
(1090,395,27,1,28000,0),
(1091,395,24,1,7500,0),
(1092,396,17,3,15000,0),
(1093,396,43,1,5500,10),
(1094,397,23,2,6500,0),
(1095,397,37,1,11000,10),
(1096,397,17,2,15000,0),
(1097,398,16,1,8500,0),
(1098,398,51,2,6500,0),
(1099,399,10,1,18500,0),
(1100,399,50,5,2000,0),
(1101,399,43,1,5500,0),
(1102,399,14,1,65000,15),
(1103,399,28,2,35000,0),
(1104,400,64,2,6800,5),
(1105,400,10,1,18500,0),
(1106,400,52,3,3500,5),
(1107,401,52,1,3500,0),
(1108,401,63,1,7000,0),
(1109,401,49,1,3500,0),
(1110,401,48,2,4000,10),
(1111,401,24,1,7500,0),
(1112,402,8,1,395000,0),
(1113,402,16,1,8500,0),
(1114,402,17,1,15000,0),
(1115,403,55,1,24000,0),
(1116,403,66,3,18500,5),
(1117,404,9,1,525000,0),
(1118,405,43,1,5500,0),
(1119,406,24,1,7500,0),
(1120,406,40,2,15000,0),
(1121,406,60,2,4200,10),
(1122,406,33,2,24000,0),
(1123,407,17,3,15000,0),
(1124,408,26,2,14000,0),
(1125,409,11,1,22000,10),
(1126,409,41,1,3500,10),
(1127,410,60,2,4200,0),
(1128,410,36,3,7500,10),
(1129,410,67,3,9500,10),
(1130,411,64,5,6800,5),
(1131,411,14,1,65000,15),
(1132,411,61,2,9500,15),
(1133,411,51,2,6500,0),
(1134,412,16,3,8500,0),
(1135,412,61,6,9500,0),
(1136,412,26,2,14000,0),
(1137,412,53,1,8500,0),
(1138,412,38,1,42000,0),
(1139,413,45,2,5500,0),
(1140,413,47,1,7500,0),
(1141,413,59,5,8500,0),
(1142,413,9,1,525000,0),
(1143,414,28,2,35000,0),
(1144,414,59,2,8500,10),
(1145,414,60,1,4200,0),
(1146,414,6,1,45000,0),
(1147,415,27,1,28000,10),
(1148,415,37,1,11000,0),
(1149,415,26,1,14000,0),
(1150,415,45,1,5500,0),
(1151,415,23,1,6500,0),
(1152,415,61,3,9500,0),
(1153,416,60,2,4200,15),
(1154,416,32,1,4500,0),
(1155,417,32,1,4500,5),
(1156,417,49,3,3500,5),
(1157,418,60,1,4200,0),
(1158,418,24,2,7500,15),
(1159,418,59,3,8500,0),
(1160,418,64,1,6800,10),
(1161,419,32,3,4500,0),
(1162,419,38,1,42000,0),
(1163,419,15,1,125000,0),
(1164,419,43,1,5500,0),
(1165,420,24,2,7500,10),
(1166,420,16,3,8500,0),
(1167,420,43,2,5500,0),
(1168,420,57,1,12000,0),
(1169,421,22,3,12000,10),
(1170,421,4,1,185000,0),
(1171,421,68,1,4500,15),
(1172,422,16,2,8500,0),
(1173,422,41,3,3500,0),
(1174,422,43,2,5500,0),
(1175,422,32,1,4500,10),
(1176,422,36,1,7500,0),
(1177,422,63,1,7000,5),
(1178,423,48,3,4000,5),
(1179,423,63,4,7000,10),
(1180,424,41,1,3500,0),
(1181,424,63,3,7000,15),
(1182,424,13,1,28000,0),
(1183,425,41,1,3500,0),
(1184,425,17,1,15000,15),
(1185,426,19,1,9500,0),
(1186,426,45,1,5500,0),
(1187,427,50,3,2000,0),
(1188,427,6,2,45000,0),
(1189,427,22,1,12000,10),
(1190,428,16,3,8500,0),
(1191,428,14,1,65000,10),
(1192,429,64,4,6800,15),
(1193,429,11,1,22000,0),
(1194,429,10,1,18500,0),
(1195,429,30,1,32000,5),
(1196,429,61,4,9500,5),
(1197,429,32,2,4500,0),
(1198,430,59,3,8500,0),
(1199,430,54,1,16000,15),
(1200,430,61,2,9500,0),
(1201,431,50,4,2000,5),
(1202,432,62,2,6000,0),
(1203,433,25,3,55000,0),
(1204,433,49,3,3500,0),
(1205,433,37,1,11000,0),
(1206,433,24,1,7500,10),
(1207,434,33,2,24000,0),
(1208,434,43,2,5500,5),
(1209,435,43,1,5500,5),
(1210,435,28,2,35000,0),
(1211,435,45,2,5500,0),
(1212,436,43,1,5500,10),
(1213,436,51,1,6500,0),
(1214,437,12,1,38000,0),
(1215,437,37,2,11000,0),
(1216,437,60,1,4200,0),
(1217,437,51,1,6500,0),
(1218,438,43,1,5500,5),
(1219,438,4,1,185000,0),
(1220,439,24,2,7500,5),
(1221,439,6,1,45000,0),
(1222,440,49,3,3500,5),
(1223,441,55,2,24000,0),
(1224,442,23,1,6500,15),
(1225,442,53,1,8500,0),
(1226,443,49,1,3500,0),
(1227,443,64,2,6800,0),
(1228,443,52,2,3500,0),
(1229,444,32,1,4500,5),
(1230,445,43,1,5500,0),
(1231,446,18,1,22000,5),
(1232,446,56,1,5500,0),
(1233,447,48,2,4000,10),
(1234,447,64,1,6800,0),
(1235,447,62,1,6000,0),
(1236,448,6,2,45000,0),
(1237,448,59,4,8500,0),
(1238,448,66,2,18500,0),
(1239,448,3,1,720000,0),
(1240,448,32,2,4500,10),
(1241,448,29,1,19500,0),
(1242,449,41,1,3500,0),
(1243,449,47,1,7500,0),
(1244,449,65,2,35000,10),
(1245,449,16,1,8500,5),
(1246,449,48,1,4000,0),
(1247,450,12,1,38000,0),
(1248,450,10,1,18500,0),
(1249,451,29,1,19500,10),
(1250,451,44,3,4500,0),
(1251,451,59,4,8500,15),
(1252,451,52,2,3500,0),
(1253,451,11,1,22000,0),
(1254,452,68,1,4500,0),
(1255,452,55,2,24000,15),
(1256,452,64,5,6800,0),
(1257,453,17,1,15000,0),
(1258,453,1,1,350000,10),
(1259,453,8,1,395000,5),
(1260,453,44,3,4500,0),
(1261,454,32,2,4500,0),
(1262,454,11,2,22000,10),
(1263,454,19,3,9500,10),
(1264,455,45,3,5500,0),
(1265,456,22,1,12000,0),
(1266,456,65,3,35000,0),
(1267,456,38,1,42000,0),
(1268,457,29,1,19500,0),
(1269,458,53,2,8500,10),
(1270,459,13,1,28000,0),
(1271,459,63,2,7000,5),
(1272,459,16,1,8500,10),
(1273,460,22,2,12000,5),
(1274,460,35,2,185000,10),
(1275,460,33,2,24000,0),
(1276,461,10,1,18500,10),
(1277,461,49,1,3500,0),
(1278,461,20,1,85000,0),
(1279,462,29,1,19500,0),
(1280,463,11,1,22000,0),
(1281,463,4,1,185000,5),
(1282,464,59,6,8500,10),
(1283,464,65,2,35000,0),
(1284,464,8,1,395000,0),
(1285,464,30,1,32000,0),
(1286,465,12,1,38000,0),
(1287,465,36,2,7500,0),
(1288,466,62,3,6000,0),
(1289,466,61,4,9500,0),
(1290,466,49,2,3500,5),
(1291,467,15,1,125000,0),
(1292,468,6,1,45000,0),
(1293,468,38,2,42000,0),
(1294,468,44,2,4500,0),
(1295,469,45,4,5500,0),
(1296,469,53,2,8500,5),
(1297,469,48,4,4000,0),
(1298,469,41,1,3500,0),
(1299,470,49,1,3500,0),
(1300,470,29,3,19500,0),
(1301,470,5,1,295000,0),
(1302,470,32,2,4500,15),
(1303,470,50,1,2000,15),
(1304,471,68,1,4500,0),
(1305,471,42,1,9000,0),
(1306,472,45,1,5500,0),
(1307,472,61,3,9500,5),
(1308,472,2,1,950000,0),
(1309,472,48,2,4000,0),
(1310,473,41,1,3500,5),
(1311,473,16,1,8500,0),
(1312,473,31,2,11500,5),
(1313,473,44,3,4500,0),
(1314,473,36,1,7500,5),
(1315,474,49,4,3500,0),
(1316,474,66,1,18500,0),
(1317,475,60,2,4200,0),
(1318,475,32,1,4500,10),
(1319,476,13,1,28000,0),
(1320,476,61,4,9500,0),
(1321,476,43,2,5500,0),
(1322,477,61,3,9500,5),
(1323,477,32,1,4500,5),
(1324,477,15,1,125000,5),
(1325,478,14,1,65000,15),
(1326,478,50,3,2000,10),
(1327,478,11,1,22000,0),
(1328,478,62,3,6000,0),
(1329,478,58,2,7500,0),
(1330,478,7,1,480000,0),
(1331,479,61,2,9500,5),
(1332,479,52,1,3500,0),
(1333,480,6,1,45000,0),
(1334,480,20,1,85000,0),
(1335,481,64,4,6800,0),
(1336,481,6,1,45000,0),
(1337,482,32,1,4500,0),
(1338,482,65,1,35000,0),
(1339,482,11,1,22000,0),
(1340,483,26,2,14000,0),
(1341,483,53,1,8500,5),
(1342,483,45,1,5500,5),
(1343,483,21,1,18000,0),
(1344,484,43,2,5500,0),
(1345,484,47,3,7500,15),
(1346,485,64,4,6800,10),
(1347,485,55,1,24000,0),
(1348,485,51,2,6500,10),
(1349,486,49,1,3500,5),
(1350,486,61,2,9500,0),
(1351,486,60,5,4200,15),
(1352,486,59,3,8500,15),
(1353,487,61,3,9500,0),
(1354,487,54,1,16000,0),
(1355,488,26,1,14000,0),
(1356,488,41,1,3500,10),
(1357,488,13,1,28000,0),
(1358,489,52,1,3500,5),
(1359,489,44,4,4500,0),
(1360,489,39,1,68000,0),
(1361,489,62,6,6000,5),
(1362,489,33,1,24000,0),
(1363,489,24,3,7500,0),
(1364,490,1,1,350000,0),
(1365,490,47,3,7500,5),
(1366,491,58,1,7500,0),
(1367,491,49,5,3500,0),
(1368,491,64,3,6800,0),
(1369,492,64,3,6800,5),
(1370,492,42,1,9000,10),
(1371,493,22,1,12000,0),
(1372,493,6,1,45000,0),
(1373,493,26,2,14000,0),
(1374,494,18,1,22000,5),
(1375,494,10,1,18500,0),
(1376,494,61,3,9500,0),
(1377,494,48,4,4000,0),
(1378,495,51,3,6500,0),
(1379,495,64,1,6800,5),
(1380,495,63,4,7000,0),
(1381,496,54,2,16000,0),
(1382,496,19,1,9500,0),
(1383,496,17,3,15000,5),
(1384,496,23,1,6500,0),
(1385,497,62,3,6000,5),
(1386,497,27,1,28000,0),
(1387,498,31,1,11500,5),
(1388,498,53,2,8500,0),
(1389,499,41,1,3500,0),
(1390,499,23,2,6500,0),
(1391,500,58,3,7500,15),
(1392,500,59,2,8500,10),
(1393,501,48,1,4000,10),
(1394,501,4,1,185000,0),
(1395,501,24,1,7500,0),
(1396,501,30,1,32000,5),
(1397,502,65,2,35000,5),
(1398,503,34,1,13500,0),
(1399,504,26,1,14000,5),
(1400,504,62,6,6000,10),
(1401,504,24,2,7500,0),
(1402,505,16,2,8500,0),
(1403,505,24,1,7500,5),
(1404,505,48,2,4000,0),
(1405,505,8,1,395000,0),
(1406,505,22,1,12000,0),
(1407,506,54,1,16000,10),
(1408,506,63,5,7000,5),
(1409,506,22,2,12000,0),
(1410,507,49,2,3500,0),
(1411,507,59,2,8500,10),
(1412,508,67,3,9500,0),
(1413,509,12,2,38000,0),
(1414,509,59,4,8500,10),
(1415,509,22,2,12000,5),
(1416,510,57,1,12000,0),
(1417,510,34,1,13500,5),
(1418,510,20,3,85000,0),
(1419,511,64,2,6800,15),
(1420,511,48,5,4000,10),
(1421,512,44,2,4500,5),
(1422,512,2,1,950000,0),
(1423,513,62,2,6000,0),
(1424,514,52,2,3500,5),
(1425,514,58,2,7500,10),
(1426,515,7,1,480000,0),
(1427,515,62,3,6000,0),
(1428,515,57,2,12000,0),
(1429,516,66,1,18500,15),
(1430,516,64,3,6800,0),
(1431,516,18,2,22000,0),
(1432,517,50,4,2000,5),
(1433,517,17,2,15000,0),
(1434,518,24,1,7500,0),
(1435,518,61,6,9500,0),
(1436,519,7,1,480000,0),
(1437,519,50,2,2000,0),
(1438,519,6,2,45000,10),
(1439,520,12,2,38000,5),
(1440,521,60,6,4200,5),
(1441,521,68,2,4500,5),
(1442,521,47,2,7500,10),
(1443,522,64,4,6800,0),
(1444,522,4,1,185000,0),
(1445,522,59,4,8500,0),
(1446,522,24,1,7500,0),
(1447,523,37,2,11000,5),
(1448,523,53,1,8500,5),
(1449,523,23,1,6500,0),
(1450,524,24,2,7500,0),
(1451,524,19,1,9500,0),
(1452,525,41,1,3500,10),
(1453,525,64,2,6800,0),
(1454,525,45,2,5500,0),
(1455,525,55,2,24000,0),
(1456,526,49,3,3500,0),
(1457,526,33,1,24000,0),
(1458,527,41,2,3500,0),
(1459,528,32,1,4500,5),
(1460,528,60,3,4200,0),
(1461,528,48,1,4000,15),
(1462,528,64,3,6800,0),
(1463,529,68,1,4500,0),
(1464,529,23,3,6500,0),
(1465,529,41,1,3500,10),
(1466,530,21,1,18000,10),
(1467,530,19,1,9500,0),
(1468,530,43,1,5500,10),
(1469,530,29,1,19500,0),
(1470,531,7,1,480000,5),
(1471,531,63,3,7000,0),
(1472,531,4,1,185000,0),
(1473,531,44,5,4500,0),
(1474,531,48,2,4000,0),
(1475,532,27,1,28000,0),
(1476,532,40,3,15000,0),
(1477,532,13,1,28000,5),
(1478,533,11,1,22000,5),
(1479,533,31,2,11500,0),
(1480,534,55,2,24000,0),
(1481,534,29,2,19500,0),
(1482,534,44,2,4500,0),
(1483,535,26,1,14000,0),
(1484,535,53,1,8500,10),
(1485,535,21,2,18000,5),
(1486,536,65,1,35000,5),
(1487,536,36,1,7500,10),
(1488,537,36,2,7500,0),
(1489,538,14,1,65000,5),
(1490,538,16,3,8500,0),
(1491,538,45,2,5500,15),
(1492,538,49,1,3500,10),
(1493,538,50,1,2000,10),
(1494,538,24,2,7500,0),
(1495,539,51,2,6500,0),
(1496,540,24,3,7500,5),
(1497,540,18,2,22000,15),
(1498,540,44,4,4500,0),
(1499,540,43,1,5500,10),
(1500,541,62,3,6000,0),
(1501,542,26,1,14000,0),
(1502,542,44,2,4500,0),
(1503,543,64,3,6800,0),
(1504,544,32,1,4500,5),
(1505,545,46,1,8500,10),
(1506,545,67,3,9500,0),
(1507,545,29,3,19500,0),
(1508,545,27,1,28000,0),
(1509,546,50,1,2000,15),
(1510,546,56,3,5500,10),
(1511,547,30,2,32000,5),
(1512,548,13,1,28000,0),
(1513,549,62,3,6000,0),
(1514,549,53,1,8500,0),
(1515,549,61,2,9500,0),
(1516,549,55,3,24000,0),
(1517,550,57,1,12000,0),
(1518,550,65,1,35000,0),
(1519,550,45,4,5500,0),
(1520,551,5,1,295000,0),
(1521,551,59,6,8500,0),
(1522,552,37,3,11000,0),
(1523,552,45,3,5500,0),
(1524,552,62,6,6000,0),
(1525,553,36,2,7500,0),
(1526,553,49,4,3500,0),
(1527,554,63,1,7000,0),
(1528,554,58,1,7500,0),
(1529,555,38,2,42000,15),
(1530,555,34,1,13500,0),
(1531,556,58,2,7500,0),
(1532,556,12,1,38000,10),
(1533,557,41,1,3500,15),
(1534,557,32,1,4500,15),
(1535,558,5,1,295000,10),
(1536,558,24,1,7500,0),
(1537,558,60,4,4200,0),
(1538,558,32,1,4500,0),
(1539,558,57,1,12000,0),
(1540,558,52,2,3500,0),
(1541,559,41,2,3500,5),
(1542,559,39,2,68000,0),
(1543,559,40,1,15000,10),
(1544,559,26,1,14000,0),
(1545,559,62,1,6000,10),
(1546,560,51,2,6500,5),
(1547,560,57,1,12000,0),
(1548,560,62,3,6000,0),
(1549,561,45,1,5500,15),
(1550,561,5,1,295000,0),
(1551,561,9,2,525000,0),
(1552,562,64,1,6800,0),
(1553,562,44,3,4500,15),
(1554,563,53,2,8500,0),
(1555,563,43,1,5500,0),
(1556,564,16,2,8500,0),
(1557,564,10,1,18500,5),
(1558,565,49,3,3500,0),
(1559,566,48,1,4000,0),
(1560,566,13,1,28000,0),
(1561,567,60,3,4200,0),
(1562,567,66,1,18500,0),
(1563,568,50,1,2000,0),
(1564,569,21,2,18000,0),
(1565,569,51,1,6500,0),
(1566,569,61,5,9500,0),
(1567,569,53,1,8500,0),
(1568,569,49,1,3500,5),
(1569,570,32,3,4500,0),
(1570,570,61,2,9500,0),
(1571,570,13,1,28000,0),
(1572,570,58,3,7500,15),
(1573,571,36,1,7500,0),
(1574,571,49,1,3500,0),
(1575,571,38,1,42000,15),
(1576,572,53,2,8500,0),
(1577,572,67,1,9500,0),
(1578,572,34,1,13500,5),
(1579,573,52,1,3500,0),
(1580,574,12,1,38000,0),
(1581,574,53,2,8500,0),
(1582,575,8,1,395000,5),
(1583,575,45,3,5500,0),
(1584,575,21,2,18000,5),
(1585,575,7,2,480000,0),
(1586,575,24,2,7500,0),
(1587,576,62,1,6000,0),
(1588,576,26,2,14000,10),
(1589,577,18,1,22000,0),
(1590,577,61,2,9500,10),
(1591,578,3,1,720000,0),
(1592,578,30,2,32000,0),
(1593,579,16,2,8500,0),
(1594,579,59,1,8500,0),
(1595,579,49,1,3500,0),
(1596,579,19,3,9500,0),
(1597,580,16,1,8500,10),
(1598,581,48,1,4000,0),
(1599,582,45,3,5500,0),
(1600,582,6,1,45000,0),
(1601,582,21,2,18000,5),
(1602,583,47,1,7500,0),
(1603,583,42,1,9000,15),
(1604,584,45,1,5500,0),
(1605,584,50,1,2000,0),
(1606,585,63,2,7000,15),
(1607,586,9,1,525000,5),
(1608,587,48,5,4000,0),
(1609,587,31,2,11500,0),
(1610,587,66,1,18500,0),
(1611,588,51,4,6500,0),
(1612,588,31,1,11500,0),
(1613,589,6,1,45000,5),
(1614,589,51,4,6500,15),
(1615,590,45,5,5500,0),
(1616,590,36,1,7500,0),
(1617,590,63,3,7000,0),
(1618,590,22,2,12000,15),
(1619,591,32,1,4500,0),
(1620,591,14,1,65000,0),
(1621,592,50,2,2000,15),
(1622,592,5,1,295000,0),
(1623,592,61,2,9500,15),
(1624,593,48,1,4000,5),
(1625,593,68,3,4500,0),
(1626,594,4,1,185000,10),
(1627,595,23,1,6500,0),
(1628,595,59,5,8500,0),
(1629,595,45,2,5500,5),
(1630,595,31,1,11500,5),
(1631,596,59,3,8500,15),
(1632,596,62,5,6000,0),
(1633,596,14,1,65000,0),
(1634,597,68,1,4500,5),
(1635,597,38,3,42000,0),
(1636,597,21,1,18000,0),
(1637,598,59,2,8500,0),
(1638,598,17,1,15000,15),
(1639,599,37,1,11000,5),
(1640,599,4,1,185000,0),
(1641,599,19,1,9500,0),
(1642,599,50,1,2000,0),
(1643,600,45,5,5500,0),
(1644,600,29,2,19500,5),
(1645,601,64,3,6800,0),
(1646,601,22,3,12000,0),
(1647,601,6,1,45000,0),
(1648,602,16,3,8500,5),
(1649,602,52,1,3500,0),
(1650,602,11,2,22000,10),
(1651,603,13,1,28000,0),
(1652,603,10,1,18500,5),
(1653,603,11,1,22000,0),
(1654,603,4,1,185000,0),
(1655,604,34,2,13500,0),
(1656,604,16,1,8500,0),
(1657,604,65,3,35000,0),
(1658,605,34,1,13500,0),
(1659,606,10,1,18500,0),
(1660,606,11,1,22000,0),
(1661,606,17,3,15000,0),
(1662,607,24,1,7500,0),
(1663,607,55,1,24000,0),
(1664,607,59,2,8500,0),
(1665,607,36,2,7500,0),
(1666,608,64,1,6800,5),
(1667,608,44,1,4500,5),
(1668,609,38,2,42000,0),
(1669,609,10,1,18500,5),
(1670,609,33,1,24000,5),
(1671,609,48,2,4000,0),
(1672,609,49,2,3500,15),
(1673,610,34,3,13500,10),
(1674,610,43,1,5500,10),
(1675,610,45,1,5500,5),
(1676,610,41,1,3500,0),
(1677,611,60,5,4200,0),
(1678,612,49,2,3500,0),
(1679,612,52,1,3500,0),
(1680,613,37,3,11000,0),
(1681,613,34,2,13500,0),
(1682,613,17,1,15000,15),
(1683,614,61,3,9500,0),
(1684,614,56,1,5500,0),
(1685,614,63,2,7000,5),
(1686,615,23,3,6500,5),
(1687,615,32,1,4500,10),
(1688,616,34,2,13500,0),
(1689,616,24,2,7500,0),
(1690,616,26,1,14000,0),
(1691,616,4,1,185000,10),
(1692,616,41,2,3500,0),
(1693,617,10,1,18500,5),
(1694,617,30,2,32000,0),
(1695,617,9,1,525000,0),
(1696,618,34,1,13500,0),
(1697,618,51,1,6500,5),
(1698,619,31,1,11500,0),
(1699,619,62,4,6000,0),
(1700,619,28,1,35000,0),
(1701,619,6,1,45000,5),
(1702,620,18,2,22000,5),
(1703,620,13,2,28000,0),
(1704,621,34,1,13500,0),
(1705,622,58,3,7500,0),
(1706,622,31,1,11500,5),
(1707,623,17,1,15000,0),
(1708,623,63,2,7000,5),
(1709,623,37,1,11000,0),
(1710,623,66,1,18500,0),
(1711,623,10,1,18500,0),
(1712,624,28,1,35000,0),
(1713,625,67,1,9500,0),
(1714,626,68,1,4500,0),
(1715,627,2,1,950000,0),
(1716,627,40,1,15000,10),
(1717,627,43,1,5500,0),
(1718,628,57,1,12000,0),
(1719,628,28,1,35000,0),
(1720,629,21,1,18000,0),
(1721,629,13,1,28000,10),
(1722,630,47,1,7500,0),
(1723,630,53,3,8500,10),
(1724,631,49,5,3500,0),
(1725,631,34,1,13500,0),
(1726,632,26,1,14000,0),
(1727,632,1,1,350000,0),
(1728,632,3,2,720000,15),
(1729,632,32,1,4500,5),
(1730,633,41,1,3500,0),
(1731,633,5,1,295000,0),
(1732,633,16,1,8500,0),
(1733,633,23,1,6500,0),
(1734,634,26,1,14000,10),
(1735,635,23,1,6500,0),
(1736,635,6,1,45000,0),
(1737,635,47,2,7500,15),
(1738,636,48,1,4000,0),
(1739,636,61,2,9500,10),
(1740,637,45,2,5500,5),
(1741,637,25,2,55000,5),
(1742,637,31,1,11500,0),
(1743,637,46,4,8500,0),
(1744,638,20,2,85000,0),
(1745,638,36,2,7500,0),
(1746,639,17,1,15000,0),
(1747,639,47,2,7500,0),
(1748,639,61,2,9500,0),
(1749,640,53,1,8500,5),
(1750,640,23,2,6500,0),
(1751,640,44,4,4500,15),
(1752,640,52,1,3500,0),
(1753,641,36,1,7500,0),
(1754,641,41,1,3500,0),
(1755,641,60,4,4200,0),
(1756,642,62,5,6000,0),
(1757,642,1,2,350000,15),
(1758,642,13,1,28000,10),
(1759,643,22,1,12000,0),
(1760,644,16,1,8500,0),
(1761,644,43,1,5500,0),
(1762,644,36,1,7500,0),
(1763,645,33,1,24000,0),
(1764,646,37,3,11000,5),
(1765,646,5,1,295000,15),
(1766,646,68,3,4500,0),
(1767,647,41,2,3500,0),
(1768,648,43,1,5500,5),
(1769,648,56,3,5500,5),
(1770,649,51,3,6500,0),
(1771,649,54,1,16000,0),
(1772,650,62,2,6000,10),
(1773,650,22,1,12000,0),
(1774,651,54,3,16000,0),
(1775,651,45,4,5500,15),
(1776,651,15,1,125000,0),
(1777,651,64,6,6800,0),
(1778,652,62,2,6000,0),
(1779,652,44,2,4500,0),
(1780,652,52,2,3500,0),
(1781,653,17,1,15000,0),
(1782,653,53,1,8500,0),
(1783,653,60,6,4200,0),
(1784,653,28,1,35000,15),
(1785,653,21,2,18000,0),
(1786,654,10,1,18500,0),
(1787,655,26,2,14000,5),
(1788,655,21,2,18000,0),
(1789,656,17,2,15000,10),
(1790,656,68,1,4500,0),
(1791,656,10,1,18500,0),
(1792,656,67,1,9500,0),
(1793,657,5,1,295000,5),
(1794,657,41,1,3500,0),
(1795,657,24,2,7500,0),
(1796,657,58,3,7500,0),
(1797,658,6,1,45000,0),
(1798,658,62,5,6000,0),
(1799,659,36,1,7500,0),
(1800,659,34,3,13500,10),
(1801,659,48,2,4000,0),
(1802,659,62,3,6000,0),
(1803,659,61,3,9500,0),
(1804,659,53,1,8500,0),
(1805,660,29,2,19500,0),
(1806,660,24,1,7500,10),
(1807,661,30,1,32000,0),
(1808,661,60,2,4200,0),
(1809,661,17,2,15000,5),
(1810,662,20,1,85000,5),
(1811,662,31,1,11500,0),
(1812,662,59,5,8500,0),
(1813,663,51,2,6500,0),
(1814,663,10,1,18500,15),
(1815,663,52,3,3500,0),
(1816,664,53,1,8500,0),
(1817,664,44,3,4500,0),
(1818,665,8,1,395000,0),
(1819,665,13,1,28000,0),
(1820,666,59,4,8500,0),
(1821,667,26,1,14000,0),
(1822,667,33,2,24000,0),
(1823,667,41,1,3500,0),
(1824,668,26,2,14000,0),
(1825,669,32,1,4500,10),
(1826,669,41,1,3500,0),
(1827,670,66,1,18500,0),
(1828,670,29,1,19500,0),
(1829,670,45,3,5500,0),
(1830,670,34,1,13500,0),
(1831,671,61,2,9500,5),
(1832,671,23,1,6500,0),
(1833,671,29,1,19500,0),
(1834,671,25,1,55000,10),
(1835,672,36,1,7500,0),
(1836,672,45,3,5500,10),
(1837,673,18,1,22000,10),
(1838,673,59,3,8500,0),
(1839,674,18,1,22000,5),
(1840,674,8,1,395000,0),
(1841,674,27,1,28000,0),
(1842,675,25,3,55000,0),
(1843,675,53,2,8500,5),
(1844,675,64,2,6800,0),
(1845,676,13,1,28000,5),
(1846,677,21,1,18000,0),
(1847,677,20,2,85000,0),
(1848,678,16,1,8500,0),
(1849,678,40,1,15000,0),
(1850,678,26,1,14000,5),
(1851,679,31,1,11500,5),
(1852,680,50,2,2000,0),
(1853,680,63,5,7000,0),
(1854,680,27,1,28000,0),
(1855,680,49,4,3500,0),
(1856,680,6,1,45000,0),
(1857,681,32,1,4500,5),
(1858,681,23,1,6500,0),
(1859,682,43,1,5500,0),
(1860,682,24,3,7500,0),
(1861,682,47,3,7500,0),
(1862,682,23,1,6500,0),
(1863,683,37,1,11000,0),
(1864,683,60,5,4200,0),
(1865,684,48,1,4000,0),
(1866,684,32,3,4500,0),
(1867,684,13,1,28000,5),
(1868,684,29,1,19500,0),
(1869,685,58,1,7500,0),
(1870,685,50,3,2000,10),
(1871,685,67,1,9500,5),
(1872,686,41,1,3500,5),
(1873,686,64,4,6800,0),
(1874,687,3,2,720000,0),
(1875,688,23,1,6500,0),
(1876,688,6,1,45000,0),
(1877,688,10,1,18500,10),
(1878,689,41,2,3500,15),
(1879,689,27,1,28000,0),
(1880,689,64,2,6800,0),
(1881,690,56,2,5500,0),
(1882,690,5,1,295000,0),
(1883,691,27,1,28000,0),
(1884,691,24,3,7500,0),
(1885,691,26,1,14000,0),
(1886,692,11,1,22000,0),
(1887,692,60,1,4200,0),
(1888,693,40,1,15000,0),
(1889,694,19,1,9500,0),
(1890,694,56,1,5500,0),
(1891,695,62,3,6000,15),
(1892,695,1,1,350000,0),
(1893,695,31,3,11500,0),
(1894,695,61,5,9500,5),
(1895,695,53,1,8500,0),
(1896,696,22,2,12000,10),
(1897,696,49,1,3500,0),
(1898,696,58,3,7500,0),
(1899,697,62,3,6000,0),
(1900,697,24,2,7500,0),
(1901,697,36,2,7500,5),
(1902,698,26,2,14000,10),
(1903,698,61,2,9500,0),
(1904,699,45,1,5500,5),
(1905,700,59,4,8500,0),
(1906,700,64,3,6800,15),
(1907,701,6,1,45000,5),
(1908,702,34,1,13500,5),
(1909,702,65,3,35000,0),
(1910,702,32,3,4500,5),
(1911,703,36,1,7500,10),
(1912,703,26,1,14000,0),
(1913,703,30,3,32000,5),
(1914,704,36,1,7500,0),
(1915,704,49,1,3500,0),
(1916,704,61,4,9500,5),
(1917,705,45,3,5500,5),
(1918,705,6,1,45000,5),
(1919,705,52,1,3500,15),
(1920,706,48,4,4000,0),
(1921,706,47,4,7500,0),
(1922,706,25,3,55000,10),
(1923,706,24,1,7500,0),
(1924,707,50,1,2000,0),
(1925,707,45,1,5500,0),
(1926,708,4,1,185000,15),
(1927,708,68,2,4500,0),
(1928,708,56,2,5500,0),
(1929,708,54,1,16000,0),
(1930,708,31,2,11500,10),
(1931,709,60,2,4200,0),
(1932,710,43,1,5500,0),
(1933,710,64,2,6800,0),
(1934,710,31,1,11500,0),
(1935,711,26,1,14000,5),
(1936,712,51,2,6500,0),
(1937,712,61,3,9500,5),
(1938,712,37,2,11000,0),
(1939,712,41,2,3500,0),
(1940,713,19,1,9500,0),
(1941,713,62,3,6000,0),
(1942,713,67,2,9500,0),
(1943,713,42,2,9000,0),
(1944,713,50,3,2000,0),
(1945,713,22,2,12000,0),
(1946,714,49,2,3500,0),
(1947,714,34,1,13500,0),
(1948,714,6,1,45000,0),
(1949,714,53,1,8500,15),
(1950,714,41,1,3500,0),
(1951,715,68,1,4500,0),
(1952,715,49,2,3500,0),
(1953,715,36,1,7500,5),
(1954,716,8,2,395000,0),
(1955,716,17,2,15000,5),
(1956,716,18,1,22000,10),
(1957,716,10,2,18500,0),
(1958,717,63,1,7000,0),
(1959,717,50,3,2000,10),
(1960,718,53,1,8500,5),
(1961,719,11,1,22000,0),
(1962,719,54,3,16000,0),
(1963,719,52,2,3500,0),
(1964,719,43,2,5500,0),
(1965,719,44,1,4500,0),
(1966,720,6,1,45000,0),
(1967,720,51,1,6500,0),
(1968,720,52,3,3500,0),
(1969,720,35,1,185000,0),
(1970,720,53,2,8500,0),
(1971,721,61,3,9500,15),
(1972,721,2,1,950000,10),
(1973,721,53,2,8500,5),
(1974,721,21,1,18000,0),
(1975,722,43,3,5500,0),
(1976,722,54,1,16000,0),
(1977,723,22,2,12000,5),
(1978,723,53,1,8500,0),
(1979,724,61,2,9500,15),
(1980,724,30,3,32000,0),
(1981,724,60,2,4200,0),
(1982,724,62,1,6000,0),
(1983,725,43,1,5500,0),
(1984,725,30,1,32000,0),
(1985,726,26,1,14000,15),
(1986,726,45,1,5500,0),
(1987,726,47,1,7500,5),
(1988,726,10,1,18500,0),
(1989,726,23,1,6500,10),
(1990,727,10,1,18500,0),
(1991,727,59,2,8500,0),
(1992,727,30,2,32000,15),
(1993,727,29,1,19500,0),
(1994,728,50,3,2000,0),
(1995,728,29,2,19500,0),
(1996,728,62,1,6000,10),
(1997,728,32,2,4500,0),
(1998,728,53,3,8500,0),
(1999,729,53,2,8500,0),
(2000,729,21,2,18000,15),
(2001,729,1,1,350000,0),
(2002,729,62,4,6000,0),
(2003,730,27,2,28000,0),
(2004,730,22,2,12000,0),
(2005,730,56,2,5500,0),
(2006,730,41,1,3500,0),
(2007,731,49,1,3500,15),
(2008,731,4,1,185000,0),
(2009,731,17,1,15000,10),
(2010,732,52,1,3500,0),
(2011,732,64,2,6800,0),
(2012,732,6,1,45000,10),
(2013,732,43,1,5500,0),
(2014,732,55,3,24000,10),
(2015,732,12,1,38000,0),
(2016,733,26,1,14000,5),
(2017,733,51,1,6500,5),
(2018,733,64,1,6800,10),
(2019,733,23,2,6500,10),
(2020,733,13,1,28000,0),
(2021,734,62,2,6000,5),
(2022,734,59,3,8500,0),
(2023,734,22,1,12000,0),
(2024,735,45,1,5500,0),
(2025,736,18,2,22000,10),
(2026,736,48,2,4000,0),
(2027,736,6,1,45000,5),
(2028,737,24,2,7500,0),
(2029,738,34,2,13500,0),
(2030,738,56,2,5500,0),
(2031,738,45,2,5500,0),
(2032,739,4,1,185000,0),
(2033,739,51,2,6500,0),
(2034,739,54,1,16000,5),
(2035,739,8,1,395000,5),
(2036,740,50,1,2000,10),
(2037,741,51,2,6500,0),
(2038,742,49,4,3500,0),
(2039,743,11,1,22000,0),
(2040,743,19,2,9500,15),
(2041,743,36,1,7500,5),
(2042,744,59,3,8500,0),
(2043,744,22,1,12000,5),
(2044,744,45,3,5500,0),
(2045,744,41,1,3500,0),
(2046,745,49,3,3500,5),
(2047,746,31,1,11500,10),
(2048,746,11,1,22000,10),
(2049,746,49,3,3500,0),
(2050,747,60,2,4200,0),
(2051,748,52,1,3500,0),
(2052,748,29,1,19500,15),
(2053,749,52,2,3500,0),
(2054,749,8,1,395000,0),
(2055,749,56,3,5500,0),
(2056,750,50,1,2000,0),
(2057,750,29,2,19500,10),
(2058,750,42,1,9000,0),
(2059,750,52,3,3500,5),
(2060,750,28,1,35000,0),
(2061,751,41,2,3500,0),
(2062,751,60,1,4200,0),
(2063,751,18,2,22000,0),
(2064,752,43,1,5500,0),
(2065,752,44,3,4500,0),
(2066,752,63,4,7000,0),
(2067,752,23,1,6500,15),
(2068,753,42,1,9000,15),
(2069,753,41,2,3500,10),
(2070,753,6,1,45000,5),
(2071,753,63,4,7000,0),
(2072,753,61,2,9500,0),
(2073,753,64,1,6800,0),
(2074,754,50,2,2000,10),
(2075,754,24,2,7500,0),
(2076,754,52,2,3500,0),
(2077,754,30,1,32000,15),
(2078,754,47,3,7500,5),
(2079,755,23,3,6500,0),
(2080,755,68,2,4500,0),
(2081,756,17,2,15000,0),
(2082,756,63,3,7000,0),
(2083,757,22,1,12000,0),
(2084,757,59,2,8500,0),
(2085,757,43,2,5500,5),
(2086,758,43,2,5500,5),
(2087,758,50,4,2000,0),
(2088,758,21,1,18000,0),
(2089,758,6,1,45000,0),
(2090,758,14,1,65000,10),
(2091,759,64,2,6800,15),
(2092,759,16,3,8500,10),
(2093,759,1,2,350000,5),
(2094,760,10,1,18500,10),
(2095,760,59,4,8500,0),
(2096,761,17,2,15000,0),
(2097,762,30,1,32000,0),
(2098,762,12,1,38000,0),
(2099,763,4,1,185000,0),
(2100,763,49,5,3500,0),
(2101,764,6,2,45000,10),
(2102,764,9,1,525000,0),
(2103,764,42,1,9000,0),
(2104,764,68,1,4500,0),
(2105,765,27,2,28000,0),
(2106,765,44,2,4500,0),
(2107,765,53,1,8500,0),
(2108,765,48,2,4000,0),
(2109,766,26,1,14000,0),
(2110,767,52,2,3500,0),
(2111,767,43,1,5500,0),
(2112,767,41,1,3500,0),
(2113,768,52,2,3500,0),
(2114,768,31,1,11500,0),
(2115,768,4,1,185000,0),
(2116,769,68,2,4500,5),
(2117,769,60,2,4200,0),
(2118,769,57,2,12000,5),
(2119,770,41,1,3500,0),
(2120,770,17,1,15000,0),
(2121,771,20,3,85000,0),
(2122,771,24,1,7500,0),
(2123,772,52,1,3500,0),
(2124,772,16,1,8500,0),
(2125,772,6,1,45000,0),
(2126,773,61,4,9500,10),
(2127,773,60,2,4200,15),
(2128,774,43,2,5500,0),
(2129,774,17,3,15000,0),
(2130,775,38,1,42000,0),
(2131,775,60,2,4200,5),
(2132,775,41,1,3500,0),
(2133,776,61,5,9500,10),
(2134,776,68,1,4500,0),
(2135,777,43,1,5500,0),
(2136,777,32,2,4500,0),
(2137,777,6,1,45000,10),
(2138,777,19,1,9500,0),
(2139,778,16,3,8500,5),
(2140,778,49,1,3500,0),
(2141,778,22,2,12000,0),
(2142,778,5,1,295000,0),
(2143,778,50,1,2000,0),
(2144,778,11,1,22000,0),
(2145,779,54,3,16000,0),
(2146,779,59,1,8500,5),
(2147,780,19,1,9500,15),
(2148,780,17,2,15000,5),
(2149,781,49,3,3500,10),
(2150,781,41,3,3500,15),
(2151,781,53,2,8500,0),
(2152,781,28,1,35000,15),
(2153,782,16,3,8500,0),
(2154,782,63,6,7000,0),
(2155,783,19,2,9500,0),
(2156,783,1,1,350000,0),
(2157,783,44,1,4500,0),
(2158,783,61,2,9500,0),
(2159,784,32,1,4500,0),
(2160,784,64,6,6800,10),
(2161,784,34,1,13500,10),
(2162,785,26,1,14000,5),
(2163,785,13,1,28000,0),
(2164,785,17,3,15000,5),
(2165,785,49,3,3500,0),
(2166,785,21,1,18000,10),
(2167,785,59,1,8500,0),
(2168,786,44,1,4500,0),
(2169,786,64,4,6800,5),
(2170,786,62,3,6000,0),
(2171,786,25,3,55000,0),
(2172,786,15,1,125000,0),
(2173,787,5,1,295000,5),
(2174,787,52,2,3500,0),
(2175,787,61,5,9500,0),
(2176,787,48,3,4000,0),
(2177,787,49,1,3500,0),
(2178,788,19,1,9500,0),
(2179,788,34,2,13500,0),
(2180,788,42,2,9000,0),
(2181,789,18,2,22000,0),
(2182,789,20,1,85000,0),
(2183,790,61,2,9500,0),
(2184,790,57,2,12000,5),
(2185,790,4,2,185000,0),
(2186,791,51,2,6500,5),
(2187,791,63,4,7000,0),
(2188,791,31,1,11500,0),
(2189,792,31,1,11500,0),
(2190,792,49,2,3500,5),
(2191,792,6,1,45000,0),
(2192,793,60,2,4200,15),
(2193,793,45,1,5500,5),
(2194,794,41,1,3500,10),
(2195,794,53,3,8500,0),
(2196,794,63,5,7000,10),
(2197,795,33,2,24000,0),
(2198,795,59,2,8500,0),
(2199,795,26,1,14000,5),
(2200,796,53,1,8500,0),
(2201,796,19,1,9500,0),
(2202,796,65,1,35000,0),
(2203,797,57,1,12000,0),
(2204,798,24,3,7500,0),
(2205,798,53,3,8500,0),
(2206,799,63,6,7000,0),
(2207,799,36,1,7500,15),
(2208,799,20,1,85000,0),
(2209,799,62,2,6000,0),
(2210,800,40,1,15000,15),
(2211,800,49,2,3500,15),
(2212,800,52,1,3500,0),
(2213,801,61,5,9500,10),
(2214,801,10,2,18500,0),
(2215,801,48,3,4000,0),
(2216,802,39,1,68000,0),
(2217,803,20,1,85000,10),
(2218,803,44,2,4500,10),
(2219,804,58,1,7500,10),
(2220,805,46,2,8500,0),
(2221,805,16,2,8500,0),
(2222,806,16,1,8500,0),
(2223,806,52,3,3500,0),
(2224,807,9,2,525000,10),
(2225,807,54,2,16000,5),
(2226,808,50,2,2000,5),
(2227,808,61,2,9500,0),
(2228,808,64,3,6800,15),
(2229,809,11,1,22000,0),
(2230,810,32,1,4500,0),
(2231,810,60,5,4200,0),
(2232,811,33,1,24000,0),
(2233,811,36,1,7500,0),
(2234,812,50,2,2000,0),
(2235,812,54,2,16000,5),
(2236,813,59,4,8500,5),
(2237,813,31,1,11500,0),
(2238,814,31,1,11500,15),
(2239,814,50,1,2000,5),
(2240,814,62,3,6000,5),
(2241,814,64,1,6800,10),
(2242,814,16,1,8500,0),
(2243,815,12,1,38000,0),
(2244,816,48,2,4000,5),
(2245,816,60,3,4200,5),
(2246,817,16,1,8500,10),
(2247,817,6,1,45000,0),
(2248,818,52,3,3500,5),
(2249,818,16,2,8500,0),
(2250,819,54,3,16000,15),
(2251,819,6,1,45000,0),
(2252,819,53,3,8500,10),
(2253,820,54,1,16000,0),
(2254,820,52,2,3500,0),
(2255,821,51,1,6500,0),
(2256,821,32,1,4500,0),
(2257,821,63,3,7000,5),
(2258,821,49,1,3500,5),
(2259,822,49,3,3500,5),
(2260,822,21,3,18000,0),
(2261,822,54,1,16000,0),
(2262,823,68,1,4500,0),
(2263,823,14,1,65000,5),
(2264,823,34,1,13500,15),
(2265,824,39,1,68000,5),
(2266,825,57,2,12000,5),
(2267,825,47,2,7500,0),
(2268,825,53,1,8500,5),
(2269,826,66,2,18500,5),
(2270,827,53,3,8500,0),
(2271,827,14,1,65000,0),
(2272,827,19,3,9500,10),
(2273,828,55,2,24000,0),
(2274,828,12,1,38000,0),
(2275,828,60,5,4200,0),
(2276,828,9,1,525000,0),
(2277,828,2,1,950000,15),
(2278,829,7,1,480000,5),
(2279,830,47,3,7500,0),
(2280,830,15,1,125000,5),
(2281,830,12,1,38000,0),
(2282,831,63,2,7000,5),
(2283,831,50,3,2000,15),
(2284,832,4,1,185000,0),
(2285,832,60,4,4200,5),
(2286,833,52,2,3500,0),
(2287,834,31,1,11500,0),
(2288,834,55,1,24000,10),
(2289,835,23,2,6500,0),
(2290,836,46,1,8500,0),
(2291,837,23,3,6500,0),
(2292,837,10,2,18500,5),
(2293,837,5,1,295000,0),
(2294,837,8,1,395000,0),
(2295,837,19,1,9500,0),
(2296,838,44,2,4500,0),
(2297,838,43,1,5500,0),
(2298,838,30,1,32000,15),
(2299,838,13,1,28000,0),
(2300,838,18,2,22000,5),
(2301,839,4,1,185000,10),
(2302,840,32,1,4500,0),
(2303,840,55,2,24000,15),
(2304,840,41,1,3500,10),
(2305,840,26,1,14000,10),
(2306,840,17,3,15000,0),
(2307,841,16,1,8500,0),
(2308,841,64,4,6800,0),
(2309,841,13,1,28000,0),
(2310,841,12,1,38000,0),
(2311,842,17,2,15000,10),
(2312,842,14,2,65000,5),
(2313,843,63,2,7000,0),
(2314,844,43,1,5500,5),
(2315,844,5,1,295000,0),
(2316,845,27,1,28000,0),
(2317,845,52,1,3500,0),
(2318,846,27,2,28000,10),
(2319,846,45,4,5500,0),
(2320,847,9,2,525000,0),
(2321,848,15,1,125000,0),
(2322,849,26,1,14000,15),
(2323,849,10,1,18500,0),
(2324,850,20,1,85000,0),
(2325,851,42,2,9000,0),
(2326,851,49,3,3500,0),
(2327,851,22,1,12000,0),
(2328,852,13,1,28000,0),
(2329,852,7,1,480000,0),
(2330,852,26,1,14000,0),
(2331,852,34,1,13500,0),
(2332,852,62,6,6000,0),
(2333,853,63,4,7000,0),
(2334,854,19,1,9500,0),
(2335,854,18,2,22000,0),
(2336,854,59,4,8500,0),
(2337,854,13,1,28000,10),
(2338,854,52,3,3500,5),
(2339,855,54,1,16000,0),
(2340,855,14,1,65000,0),
(2341,855,5,1,295000,0),
(2342,856,52,3,3500,10),
(2343,857,50,2,2000,10),
(2344,857,53,3,8500,15),
(2345,857,41,1,3500,0),
(2346,857,20,1,85000,0),
(2347,858,21,1,18000,0),
(2348,858,56,1,5500,5),
(2349,858,61,1,9500,0),
(2350,858,49,3,3500,0),
(2351,859,61,6,9500,0),
(2352,859,59,1,8500,0),
(2353,860,14,1,65000,0),
(2354,860,52,2,3500,0),
(2355,860,31,2,11500,5),
(2356,861,60,4,4200,0),
(2357,861,31,1,11500,10),
(2358,861,44,3,4500,0),
(2359,862,29,1,19500,0),
(2360,862,10,1,18500,0),
(2361,863,59,3,8500,0),
(2362,863,16,1,8500,15),
(2363,863,24,1,7500,0),
(2364,863,62,3,6000,0),
(2365,864,45,3,5500,0),
(2366,864,5,1,295000,0),
(2367,864,32,1,4500,15),
(2368,864,14,1,65000,5),
(2369,865,23,2,6500,0),
(2370,865,48,3,4000,10),
(2371,865,36,1,7500,0),
(2372,865,27,1,28000,0),
(2373,865,43,1,5500,10),
(2374,865,5,2,295000,0),
(2375,866,6,1,45000,5),
(2376,866,29,1,19500,0),
(2377,867,50,1,2000,0),
(2378,867,51,2,6500,0),
(2379,867,6,1,45000,15),
(2380,867,64,1,6800,0),
(2381,868,13,1,28000,10),
(2382,868,59,2,8500,0),
(2383,868,41,3,3500,0),
(2384,868,58,2,7500,0),
(2385,869,32,2,4500,10),
(2386,869,34,1,13500,0),
(2387,870,62,4,6000,15),
(2388,870,26,2,14000,0),
(2389,871,56,2,5500,5),
(2390,872,54,1,16000,0),
(2391,873,16,1,8500,15),
(2392,873,26,1,14000,0),
(2393,873,41,3,3500,5),
(2394,874,4,1,185000,15),
(2395,874,32,1,4500,0),
(2396,875,33,3,24000,0),
(2397,875,49,4,3500,0),
(2398,876,16,3,8500,0),
(2399,876,44,2,4500,0),
(2400,877,62,6,6000,0),
(2401,878,48,3,4000,0),
(2402,878,43,1,5500,0),
(2403,878,10,1,18500,0),
(2404,879,27,1,28000,0),
(2405,879,41,3,3500,0),
(2406,879,51,1,6500,0),
(2407,879,50,5,2000,0),
(2408,880,45,5,5500,10),
(2409,880,29,1,19500,15),
(2410,880,43,2,5500,10),
(2411,880,59,4,8500,0),
(2412,880,64,1,6800,0),
(2413,881,36,2,7500,5),
(2414,881,66,1,18500,0),
(2415,882,61,3,9500,5),
(2416,883,6,1,45000,0),
(2417,883,32,2,4500,0),
(2418,884,22,1,12000,5),
(2419,885,58,2,7500,15),
(2420,885,45,2,5500,5),
(2421,885,68,1,4500,0),
(2422,886,61,2,9500,0),
(2423,886,48,2,4000,0),
(2424,886,52,1,3500,10),
(2425,887,6,1,45000,15),
(2426,887,24,1,7500,0),
(2427,887,17,1,15000,10),
(2428,888,59,4,8500,0),
(2429,888,63,5,7000,0),
(2430,888,49,1,3500,10),
(2431,889,28,1,35000,0),
(2432,889,50,1,2000,0),
(2433,889,38,2,42000,0),
(2434,889,58,1,7500,5),
(2435,889,52,1,3500,0),
(2436,890,50,3,2000,10),
(2437,890,64,2,6800,0),
(2438,890,54,1,16000,0),
(2439,890,18,3,22000,5),
(2440,890,56,1,5500,15),
(2441,891,61,1,9500,0),
(2442,891,6,1,45000,10),
(2443,891,56,2,5500,15),
(2444,891,63,2,7000,0),
(2445,892,18,3,22000,15),
(2446,892,60,3,4200,0),
(2447,892,53,1,8500,0),
(2448,892,50,5,2000,5),
(2449,893,21,3,18000,0),
(2450,893,62,3,6000,0),
(2451,894,52,3,3500,0),
(2452,894,63,2,7000,0),
(2453,894,11,1,22000,0),
(2454,895,33,1,24000,0),
(2455,895,11,1,22000,5),
(2456,896,32,1,4500,10),
(2457,897,4,1,185000,5),
(2458,897,21,1,18000,5),
(2459,897,30,3,32000,15),
(2460,897,55,1,24000,10),
(2461,898,44,1,4500,0),
(2462,898,60,2,4200,0),
(2463,898,11,1,22000,5),
(2464,899,55,1,24000,0),
(2465,899,6,1,45000,0),
(2466,899,52,2,3500,0),
(2467,900,43,1,5500,0),
(2468,900,4,1,185000,0),
(2469,900,52,2,3500,10),
(2470,901,10,1,18500,0),
(2471,901,55,1,24000,0),
(2472,901,11,1,22000,10),
(2473,901,5,1,295000,0),
(2474,902,59,3,8500,0),
(2475,902,21,1,18000,0),
(2476,902,11,1,22000,0),
(2477,903,32,3,4500,0),
(2478,903,49,2,3500,5),
(2479,904,61,4,9500,0),
(2480,905,21,1,18000,0),
(2481,905,48,2,4000,0),
(2482,906,40,1,15000,0),
(2483,906,52,1,3500,0),
(2484,906,48,4,4000,0),
(2485,907,49,4,3500,5),
(2486,907,4,2,185000,0),
(2487,907,59,2,8500,10),
(2488,907,36,1,7500,15),
(2489,908,49,1,3500,0),
(2490,908,34,2,13500,10),
(2491,908,30,1,32000,0),
(2492,908,50,3,2000,10),
(2493,908,21,1,18000,0),
(2494,908,46,1,8500,0),
(2495,909,2,1,950000,0),
(2496,909,37,3,11000,0),
(2497,909,67,3,9500,0),
(2498,909,53,1,8500,0),
(2499,910,44,1,4500,10),
(2500,910,64,2,6800,15),
(2501,911,44,3,4500,5),
(2502,912,32,1,4500,0),
(2503,912,24,2,7500,0),
(2504,912,53,2,8500,0),
(2505,913,48,3,4000,0),
(2506,913,64,1,6800,0),
(2507,914,63,4,7000,0),
(2508,915,21,1,18000,10),
(2509,915,23,3,6500,5),
(2510,916,18,1,22000,0),
(2511,916,29,3,19500,0),
(2512,916,65,1,35000,0),
(2513,916,52,1,3500,5),
(2514,917,24,1,7500,15),
(2515,917,59,6,8500,0),
(2516,918,62,1,6000,0),
(2517,918,58,1,7500,0),
(2518,918,43,1,5500,0),
(2519,918,64,4,6800,0),
(2520,918,51,5,6500,10),
(2521,919,56,1,5500,0),
(2522,919,11,2,22000,0),
(2523,919,49,5,3500,0),
(2524,920,61,4,9500,0),
(2525,920,5,1,295000,0),
(2526,921,1,2,350000,0),
(2527,921,21,1,18000,0),
(2528,921,53,1,8500,15),
(2529,922,14,1,65000,10),
(2530,923,58,1,7500,0),
(2531,923,7,2,480000,0),
(2532,924,64,3,6800,0),
(2533,924,5,2,295000,0),
(2534,925,63,1,7000,5),
(2535,925,54,1,16000,0),
(2536,925,16,3,8500,10),
(2537,925,44,1,4500,0),
(2538,925,68,1,4500,0),
(2539,926,20,3,85000,0),
(2540,926,68,2,4500,10),
(2541,926,61,3,9500,0),
(2542,927,4,1,185000,0),
(2543,927,44,5,4500,10),
(2544,927,52,1,3500,0),
(2545,927,63,3,7000,0),
(2546,927,62,5,6000,15),
(2547,928,53,3,8500,0),
(2548,928,62,6,6000,0),
(2549,928,24,1,7500,0),
(2550,929,59,2,8500,0),
(2551,929,49,1,3500,0),
(2552,930,54,1,16000,0),
(2553,930,53,2,8500,0),
(2554,931,6,1,45000,10),
(2555,932,43,1,5500,0),
(2556,932,18,3,22000,0),
(2557,932,41,1,3500,0),
(2558,933,35,2,185000,15),
(2559,933,52,2,3500,0),
(2560,933,34,2,13500,10),
(2561,933,12,1,38000,5),
(2562,933,44,2,4500,0),
(2563,934,17,1,15000,0),
(2564,934,21,1,18000,0),
(2565,934,47,4,7500,5),
(2566,934,16,1,8500,0),
(2567,935,44,3,4500,0),
(2568,935,60,4,4200,5),
(2569,936,49,3,3500,5),
(2570,936,53,1,8500,0),
(2571,936,14,1,65000,0),
(2572,937,47,3,7500,0),
(2573,937,62,4,6000,0),
(2574,937,50,1,2000,0),
(2575,938,52,3,3500,0),
(2576,938,18,2,22000,0),
(2577,939,50,1,2000,5),
(2578,939,48,1,4000,0),
(2579,939,52,1,3500,0),
(2580,940,49,5,3500,0),
(2581,940,64,1,6800,5),
(2582,941,22,2,12000,0),
(2583,941,64,3,6800,0),
(2584,941,6,1,45000,15),
(2585,942,16,2,8500,0),
(2586,942,41,2,3500,0),
(2587,943,1,1,350000,10),
(2588,943,36,2,7500,0),
(2589,944,16,2,8500,5),
(2590,944,60,2,4200,0),
(2591,944,43,2,5500,5),
(2592,945,66,3,18500,0),
(2593,945,6,1,45000,10),
(2594,946,23,3,6500,0),
(2595,947,42,1,9000,5),
(2596,947,6,1,45000,5),
(2597,947,18,1,22000,0),
(2598,947,38,1,42000,0),
(2599,948,61,2,9500,5),
(2600,948,63,2,7000,0),
(2601,948,2,1,950000,0),
(2602,948,19,1,9500,0),
(2603,948,41,1,3500,10),
(2604,948,16,1,8500,15),
(2605,949,60,3,4200,0),
(2606,949,61,2,9500,0),
(2607,950,64,3,6800,0),
(2608,950,59,2,8500,0),
(2609,950,63,1,7000,0),
(2610,951,63,6,7000,15),
(2611,951,47,5,7500,0),
(2612,951,40,2,15000,0),
(2613,951,26,1,14000,0),
(2614,952,61,3,9500,0),
(2615,952,41,3,3500,0),
(2616,953,43,1,5500,10),
(2617,953,29,2,19500,15),
(2618,953,59,2,8500,0),
(2619,953,26,1,14000,0),
(2620,954,10,1,18500,10),
(2621,954,16,1,8500,0),
(2622,954,40,1,15000,5),
(2623,954,2,1,950000,10),
(2624,954,58,3,7500,0),
(2625,955,53,1,8500,0),
(2626,955,45,1,5500,10),
(2627,955,26,1,14000,10),
(2628,955,30,1,32000,0),
(2629,955,63,3,7000,0),
(2630,956,60,3,4200,0),
(2631,956,18,3,22000,5),
(2632,956,32,2,4500,10),
(2633,956,23,2,6500,0),
(2634,956,53,1,8500,0),
(2635,957,61,4,9500,0),
(2636,957,50,4,2000,10),
(2637,957,17,3,15000,0),
(2638,958,60,2,4200,10),
(2639,958,45,4,5500,0),
(2640,959,49,1,3500,15),
(2641,960,24,3,7500,0),
(2642,960,16,2,8500,0),
(2643,960,34,1,13500,0),
(2644,960,1,1,350000,10),
(2645,961,51,1,6500,10),
(2646,961,40,1,15000,0),
(2647,961,7,1,480000,10),
(2648,961,48,4,4000,0),
(2649,962,44,1,4500,0),
(2650,962,53,2,8500,0),
(2651,963,6,1,45000,0),
(2652,963,59,2,8500,5),
(2653,964,59,5,8500,5),
(2654,964,36,1,7500,0),
(2655,964,58,1,7500,10),
(2656,965,45,1,5500,0),
(2657,965,50,3,2000,0),
(2658,965,31,1,11500,0),
(2659,965,62,4,6000,5),
(2660,966,6,1,45000,0),
(2661,966,7,1,480000,0),
(2662,967,18,2,22000,0),
(2663,967,6,1,45000,0),
(2664,967,43,1,5500,0),
(2665,968,12,2,38000,0),
(2666,968,59,3,8500,5),
(2667,969,28,1,35000,0),
(2668,969,23,3,6500,15),
(2669,970,27,3,28000,0),
(2670,970,61,5,9500,0),
(2671,970,63,4,7000,15),
(2672,971,58,3,7500,0),
(2673,971,41,2,3500,10),
(2674,972,29,1,19500,5),
(2675,972,30,1,32000,0),
(2676,972,48,3,4000,0),
(2677,973,10,1,18500,0),
(2678,973,43,2,5500,0),
(2679,973,31,2,11500,0),
(2680,973,63,3,7000,0),
(2681,974,10,1,18500,15),
(2682,974,60,1,4200,0),
(2683,975,4,1,185000,0),
(2684,975,53,2,8500,0),
(2685,976,1,1,350000,0),
(2686,976,19,1,9500,0),
(2687,976,4,1,185000,10),
(2688,977,53,1,8500,5),
(2689,977,58,1,7500,0),
(2690,977,60,3,4200,0),
(2691,977,50,2,2000,0),
(2692,977,44,2,4500,0),
(2693,978,36,2,7500,15),
(2694,978,51,3,6500,0),
(2695,978,44,2,4500,10),
(2696,979,21,1,18000,0),
(2697,979,63,4,7000,0),
(2698,980,5,1,295000,0),
(2699,980,41,1,3500,0),
(2700,981,44,5,4500,0),
(2701,982,56,1,5500,0),
(2702,982,12,1,38000,0),
(2703,982,36,1,7500,15),
(2704,983,22,1,12000,5),
(2705,983,29,1,19500,0),
(2706,984,62,2,6000,0),
(2707,985,50,1,2000,0),
(2708,986,50,3,2000,0),
(2709,986,53,2,8500,0),
(2710,987,31,2,11500,0),
(2711,987,27,2,28000,5),
(2712,987,32,1,4500,0),
(2713,987,56,2,5500,5),
(2714,988,43,1,5500,0),
(2715,988,61,5,9500,5),
(2716,989,48,3,4000,0),
(2717,989,53,2,8500,0),
(2718,989,50,3,2000,15),
(2719,990,10,1,18500,0),
(2720,990,48,3,4000,0),
(2721,991,48,4,4000,0),
(2722,991,16,1,8500,0),
(2723,992,57,1,12000,0),
(2724,993,64,5,6800,0),
(2725,994,61,5,9500,15),
(2726,994,52,3,3500,15),
(2727,995,62,2,6000,0),
(2728,995,11,1,22000,15),
(2729,996,18,3,22000,5),
(2730,996,6,1,45000,0),
(2731,996,46,1,8500,0),
(2732,996,23,2,6500,0),
(2733,997,43,2,5500,0),
(2734,997,5,1,295000,5),
(2735,997,60,2,4200,5),
(2736,997,17,2,15000,0),
(2737,998,45,4,5500,0),
(2738,998,28,1,35000,0),
(2739,998,23,3,6500,0),
(2740,998,24,2,7500,5),
(2741,998,40,3,15000,0),
(2742,998,52,2,3500,0),
(2743,999,18,1,22000,0),
(2744,999,59,4,8500,0),
(2745,999,4,1,185000,0),
(2746,999,13,1,28000,10),
(2747,999,24,1,7500,0),
(2748,1000,46,2,8500,5),
(2749,1000,45,4,5500,0),
(2750,1001,59,2,8500,0),
(2751,1001,20,3,85000,5),
(2752,1002,16,1,8500,0),
(2753,1002,46,1,8500,15),
(2754,1002,54,2,16000,5),
(2755,1003,8,2,395000,0),
(2756,1004,48,3,4000,5),
(2757,1005,28,1,35000,0),
(2758,1005,51,1,6500,10),
(2759,1005,45,1,5500,0),
(2760,1005,59,1,8500,0),
(2761,1006,36,1,7500,5),
(2762,1006,30,2,32000,10),
(2763,1006,63,4,7000,15),
(2764,1006,48,1,4000,0),
(2765,1007,50,2,2000,0),
(2766,1008,61,5,9500,15),
(2767,1008,10,1,18500,0),
(2768,1008,48,1,4000,0),
(2769,1009,62,2,6000,0),
(2770,1009,64,5,6800,5),
(2771,1009,49,1,3500,0),
(2772,1010,38,2,42000,0),
(2773,1010,14,1,65000,0),
(2774,1011,64,4,6800,5),
(2775,1011,22,1,12000,0),
(2776,1011,32,1,4500,10),
(2777,1011,4,1,185000,10),
(2778,1011,49,2,3500,0),
(2779,1012,61,2,9500,0),
(2780,1012,37,1,11000,5),
(2781,1013,43,1,5500,0),
(2782,1013,18,3,22000,0),
(2783,1013,33,1,24000,0),
(2784,1013,45,5,5500,0),
(2785,1013,19,1,9500,0),
(2786,1014,57,1,12000,0),
(2787,1015,43,1,5500,0),
(2788,1015,33,1,24000,0),
(2789,1015,54,1,16000,0),
(2790,1015,47,3,7500,5),
(2791,1016,6,1,45000,0),
(2792,1016,60,2,4200,0),
(2793,1016,59,4,8500,0),
(2794,1016,22,1,12000,0),
(2795,1016,51,3,6500,0),
(2796,1017,11,1,22000,0),
(2797,1017,20,2,85000,0),
(2798,1017,32,1,4500,10),
(2799,1017,14,1,65000,0),
(2800,1018,68,1,4500,0),
(2801,1019,61,1,9500,5),
(2802,1019,21,2,18000,0),
(2803,1019,49,2,3500,0),
(2804,1019,26,2,14000,0),
(2805,1020,56,1,5500,0),
(2806,1020,32,2,4500,0),
(2807,1020,17,2,15000,0),
(2808,1020,21,1,18000,0),
(2809,1021,14,1,65000,0),
(2810,1021,50,4,2000,0),
(2811,1021,62,5,6000,0),
(2812,1021,58,1,7500,10),
(2813,1022,14,1,65000,0),
(2814,1022,24,3,7500,0),
(2815,1022,4,1,185000,5),
(2816,1023,52,1,3500,10),
(2817,1023,2,1,950000,0),
(2818,1024,37,1,11000,0),
(2819,1025,51,3,6500,0),
(2820,1025,46,3,8500,15),
(2821,1025,24,1,7500,0),
(2822,1026,48,2,4000,5),
(2823,1026,49,2,3500,0),
(2824,1027,13,1,28000,0),
(2825,1027,14,1,65000,0),
(2826,1028,61,3,9500,0),
(2827,1028,24,1,7500,0),
(2828,1029,4,1,185000,10),
(2829,1029,49,2,3500,0),
(2830,1029,44,3,4500,5),
(2831,1029,54,1,16000,0),
(2832,1029,51,2,6500,10),
(2833,1030,16,1,8500,0),
(2834,1030,14,1,65000,0),
(2835,1030,54,3,16000,0),
(2836,1030,51,3,6500,0),
(2837,1030,49,1,3500,0),
(2838,1031,19,2,9500,0),
(2839,1031,12,1,38000,0),
(2840,1032,29,2,19500,0),
(2841,1032,3,1,720000,5),
(2842,1033,55,3,24000,0),
(2843,1033,68,1,4500,0),
(2844,1034,49,1,3500,0),
(2845,1034,58,3,7500,0),
(2846,1034,30,1,32000,0),
(2847,1035,50,5,2000,0),
(2848,1035,43,2,5500,0),
(2849,1035,51,1,6500,0),
(2850,1035,54,2,16000,0),
(2851,1036,3,1,720000,0),
(2852,1036,6,1,45000,0),
(2853,1037,52,1,3500,0),
(2854,1038,52,1,3500,0),
(2855,1038,6,1,45000,0),
(2856,1038,51,2,6500,0),
(2857,1039,26,1,14000,10),
(2858,1039,45,3,5500,10),
(2859,1040,13,1,28000,10),
(2860,1040,56,1,5500,0),
(2861,1040,37,1,11000,0),
(2862,1041,44,2,4500,0),
(2863,1041,68,1,4500,5),
(2864,1041,4,1,185000,0),
(2865,1041,19,1,9500,0),
(2866,1041,6,1,45000,0),
(2867,1041,23,1,6500,10),
(2868,1042,56,2,5500,0),
(2869,1042,48,1,4000,0),
(2870,1043,16,1,8500,10),
(2871,1043,57,2,12000,10),
(2872,1044,57,1,12000,0),
(2873,1044,59,3,8500,0),
(2874,1045,34,1,13500,0),
(2875,1045,45,2,5500,0),
(2876,1046,35,2,185000,0),
(2877,1047,10,2,18500,5),
(2878,1047,26,3,14000,0),
(2879,1047,59,6,8500,0),
(2880,1047,44,3,4500,0),
(2881,1047,52,2,3500,0),
(2882,1048,32,1,4500,10),
(2883,1048,17,2,15000,0),
(2884,1048,43,1,5500,0),
(2885,1049,59,1,8500,0),
(2886,1050,23,1,6500,0),
(2887,1050,45,4,5500,5),
(2888,1051,53,1,8500,0),
(2889,1051,56,1,5500,0),
(2890,1052,10,1,18500,0),
(2891,1052,59,3,8500,0),
(2892,1053,52,1,3500,5),
(2893,1053,48,2,4000,0),
(2894,1054,32,1,4500,10),
(2895,1054,23,3,6500,5),
(2896,1055,48,1,4000,0),
(2897,1055,41,1,3500,5),
(2898,1056,32,1,4500,5),
(2899,1057,8,1,395000,0),
(2900,1057,6,1,45000,0),
(2901,1057,50,3,2000,0),
(2902,1057,24,2,7500,0),
(2903,1057,26,2,14000,5),
(2904,1058,31,1,11500,0),
(2905,1058,30,2,32000,0),
(2906,1058,50,1,2000,5),
(2907,1059,49,2,3500,5),
(2908,1059,36,2,7500,0),
(2909,1060,47,3,7500,0),
(2910,1060,60,5,4200,10),
(2911,1060,17,1,15000,0),
(2912,1060,59,3,8500,10),
(2913,1061,28,3,35000,5),
(2914,1061,29,2,19500,0),
(2915,1061,49,3,3500,0),
(2916,1061,42,3,9000,0),
(2917,1061,21,2,18000,0),
(2918,1062,54,1,16000,15),
(2919,1062,49,4,3500,0),
(2920,1062,36,1,7500,10),
(2921,1062,5,1,295000,0),
(2922,1063,52,3,3500,10),
(2923,1063,54,1,16000,10),
(2924,1064,67,2,9500,15),
(2925,1064,3,1,720000,0),
(2926,1064,22,1,12000,0),
(2927,1064,65,2,35000,0),
(2928,1065,48,2,4000,0),
(2929,1065,33,1,24000,0),
(2930,1065,44,1,4500,0),
(2931,1066,31,1,11500,10),
(2932,1067,50,2,2000,0),
(2933,1067,43,1,5500,0),
(2934,1067,24,2,7500,0),
(2935,1067,56,1,5500,0),
(2936,1067,37,1,11000,0),
(2937,1068,40,1,15000,0),
(2938,1068,60,2,4200,0),
(2939,1069,15,1,125000,0),
(2940,1069,42,3,9000,0),
(2941,1069,60,1,4200,0),
(2942,1069,26,1,14000,0),
(2943,1070,36,3,7500,0),
(2944,1070,50,1,2000,5),
(2945,1071,62,3,6000,15),
(2946,1072,29,1,19500,0),
(2947,1072,16,1,8500,0),
(2948,1073,23,1,6500,15),
(2949,1073,50,4,2000,0),
(2950,1073,28,2,35000,0),
(2951,1074,7,1,480000,0),
(2952,1074,62,4,6000,10),
(2953,1075,58,2,7500,5),
(2954,1075,34,2,13500,0),
(2955,1076,29,2,19500,0),
(2956,1077,29,2,19500,5),
(2957,1077,6,1,45000,15),
(2958,1078,45,3,5500,0),
(2959,1078,50,1,2000,0),
(2960,1078,43,1,5500,0),
(2961,1079,36,1,7500,10),
(2962,1079,44,5,4500,0),
(2963,1079,16,1,8500,0),
(2964,1079,19,3,9500,10),
(2965,1079,10,1,18500,0),
(2966,1080,29,2,19500,0),
(2967,1081,29,1,19500,5),
(2968,1081,52,2,3500,0),
(2969,1082,47,1,7500,5),
(2970,1082,52,1,3500,5),
(2971,1083,17,1,15000,0),
(2972,1083,62,3,6000,0),
(2973,1083,44,1,4500,0),
(2974,1083,58,1,7500,0),
(2975,1084,52,1,3500,5),
(2976,1085,26,1,14000,5),
(2977,1085,63,1,7000,0),
(2978,1086,32,1,4500,0),
(2979,1086,26,1,14000,15),
(2980,1086,52,3,3500,0),
(2981,1087,20,1,85000,0),
(2982,1087,51,4,6500,0),
(2983,1087,64,3,6800,10),
(2984,1088,63,4,7000,5),
(2985,1088,14,2,65000,0),
(2986,1089,32,1,4500,0),
(2987,1089,17,2,15000,5),
(2988,1089,16,1,8500,0),
(2989,1090,11,1,22000,5),
(2990,1090,60,4,4200,0),
(2991,1091,61,2,9500,0),
(2992,1092,56,2,5500,5),
(2993,1092,5,2,295000,0),
(2994,1092,29,3,19500,10),
(2995,1093,14,1,65000,15),
(2996,1093,54,3,16000,0),
(2997,1093,44,2,4500,0),
(2998,1094,50,3,2000,0),
(2999,1094,47,2,7500,0),
(3000,1094,3,1,720000,0),
(3001,1094,46,1,8500,0),
(3002,1095,6,1,45000,0),
(3003,1096,68,1,4500,10),
(3004,1096,23,1,6500,15),
(3005,1096,59,1,8500,0),
(3006,1096,34,3,13500,0),
(3007,1097,24,2,7500,0),
(3008,1097,33,1,24000,0),
(3009,1098,64,1,6800,0),
(3010,1098,34,1,13500,0),
(3011,1098,24,1,7500,0),
(3012,1099,26,1,14000,0),
(3013,1099,1,1,350000,0),
(3014,1100,12,1,38000,5),
(3015,1100,59,2,8500,0),
(3016,1100,61,3,9500,15),
(3017,1101,41,1,3500,5),
(3018,1101,36,1,7500,15),
(3019,1101,11,2,22000,10),
(3020,1102,56,2,5500,15),
(3021,1103,26,3,14000,0),
(3022,1103,13,1,28000,0),
(3023,1103,12,1,38000,0),
(3024,1104,4,1,185000,0),
(3025,1104,60,1,4200,0),
(3026,1105,57,2,12000,0),
(3027,1105,62,2,6000,0),
(3028,1105,45,1,5500,0),
(3029,1105,9,1,525000,0),
(3030,1105,59,4,8500,5),
(3031,1106,56,3,5500,0),
(3032,1106,1,1,350000,10),
(3033,1106,17,1,15000,0),
(3034,1107,38,1,42000,0),
(3035,1107,32,1,4500,15),
(3036,1107,36,3,7500,0),
(3037,1107,11,1,22000,0),
(3038,1108,10,1,18500,5),
(3039,1108,34,1,13500,0),
(3040,1109,28,1,35000,0),
(3041,1109,11,1,22000,0),
(3042,1110,16,2,8500,15),
(3043,1110,59,3,8500,0),
(3044,1111,64,3,6800,5),
(3045,1112,17,3,15000,0),
(3046,1112,24,3,7500,0),
(3047,1113,59,6,8500,15),
(3048,1113,32,1,4500,0),
(3049,1113,26,1,14000,15),
(3050,1114,66,2,18500,10),
(3051,1114,61,6,9500,0),
(3052,1114,2,1,950000,10),
(3053,1114,62,4,6000,15),
(3054,1115,45,4,5500,0),
(3055,1115,52,1,3500,10),
(3056,1115,29,2,19500,0),
(3057,1116,43,3,5500,0),
(3058,1117,32,2,4500,5),
(3059,1118,14,1,65000,0),
(3060,1118,59,3,8500,0),
(3061,1118,64,4,6800,0),
(3062,1119,12,1,38000,0),
(3063,1119,63,3,7000,5),
(3064,1120,26,1,14000,0),
(3065,1120,55,2,24000,0),
(3066,1120,49,4,3500,5),
(3067,1121,28,2,35000,0),
(3068,1121,13,1,28000,15),
(3069,1122,11,1,22000,0),
(3070,1122,6,1,45000,0),
(3071,1122,32,1,4500,15),
(3072,1122,44,1,4500,15),
(3073,1123,9,1,525000,0),
(3074,1124,7,1,480000,5),
(3075,1124,6,2,45000,0),
(3076,1124,48,4,4000,0),
(3077,1124,66,2,18500,5),
(3078,1124,55,2,24000,5),
(3079,1125,18,2,22000,15),
(3080,1125,61,4,9500,15),
(3081,1126,50,2,2000,0),
(3082,1126,3,1,720000,0),
(3083,1126,45,2,5500,0),
(3084,1127,45,2,5500,0),
(3085,1127,17,2,15000,0),
(3086,1127,9,1,525000,0),
(3087,1127,43,1,5500,0),
(3088,1128,61,3,9500,5),
(3089,1128,59,6,8500,0),
(3090,1128,49,3,3500,0),
(3091,1128,48,2,4000,0),
(3092,1128,45,4,5500,0),
(3093,1129,40,2,15000,0),
(3094,1129,49,1,3500,0),
(3095,1129,27,2,28000,0),
(3096,1130,54,1,16000,15),
(3097,1131,42,2,9000,5),
(3098,1131,37,1,11000,0),
(3099,1131,16,1,8500,10),
(3100,1132,17,1,15000,0),
(3101,1132,3,1,720000,0),
(3102,1132,60,3,4200,0),
(3103,1132,18,1,22000,0),
(3104,1132,66,2,18500,0),
(3105,1133,32,3,4500,5),
(3106,1134,10,1,18500,5),
(3107,1135,58,3,7500,0),
(3108,1135,52,1,3500,0),
(3109,1135,4,1,185000,10),
(3110,1136,54,2,16000,10),
(3111,1136,16,1,8500,0),
(3112,1136,36,1,7500,5),
(3113,1136,14,1,65000,5),
(3114,1137,49,2,3500,0),
(3115,1137,28,1,35000,10),
(3116,1137,59,1,8500,0),
(3117,1137,56,1,5500,0),
(3118,1138,40,2,15000,0),
(3119,1138,47,2,7500,0),
(3120,1138,10,1,18500,0),
(3121,1138,23,1,6500,0),
(3122,1139,66,1,18500,0),
(3123,1139,10,1,18500,0),
(3124,1139,32,3,4500,0),
(3125,1139,21,3,18000,0),
(3126,1139,49,4,3500,5),
(3127,1139,61,2,9500,0),
(3128,1140,17,3,15000,0),
(3129,1140,50,4,2000,15),
(3130,1141,23,1,6500,15),
(3131,1141,62,2,6000,0),
(3132,1142,50,2,2000,0),
(3133,1142,48,3,4000,0),
(3134,1143,61,2,9500,0),
(3135,1143,36,2,7500,5),
(3136,1144,17,1,15000,0),
(3137,1144,64,1,6800,10),
(3138,1144,56,3,5500,0),
(3139,1145,64,3,6800,0),
(3140,1145,47,2,7500,0),
(3141,1145,27,1,28000,10),
(3142,1146,23,3,6500,5),
(3143,1146,16,1,8500,0),
(3144,1147,47,4,7500,0),
(3145,1147,49,2,3500,0),
(3146,1147,13,1,28000,0),
(3147,1147,32,1,4500,10),
(3148,1148,41,1,3500,0),
(3149,1148,44,5,4500,0),
(3150,1149,53,2,8500,0),
(3151,1149,29,1,19500,0),
(3152,1149,49,4,3500,0),
(3153,1149,52,1,3500,0),
(3154,1149,47,4,7500,5),
(3155,1150,61,1,9500,0),
(3156,1150,54,1,16000,0),
(3157,1150,46,1,8500,10),
(3158,1150,41,1,3500,10),
(3159,1151,2,1,950000,15),
(3160,1151,6,1,45000,5),
(3161,1151,34,1,13500,0),
(3162,1151,37,1,11000,0),
(3163,1151,52,1,3500,5),
(3164,1152,11,1,22000,0),
(3165,1152,41,1,3500,0),
(3166,1152,32,3,4500,0),
(3167,1153,20,1,85000,0),
(3168,1153,59,2,8500,15),
(3169,1153,55,1,24000,0),
(3170,1154,1,1,350000,0),
(3171,1154,39,2,68000,10),
(3172,1155,20,2,85000,0),
(3173,1155,11,2,22000,5),
(3174,1155,32,2,4500,0),
(3175,1156,18,1,22000,0),
(3176,1156,23,1,6500,15),
(3177,1157,36,2,7500,0),
(3178,1157,58,3,7500,0),
(3179,1157,31,1,11500,5),
(3180,1157,6,1,45000,0),
(3181,1158,19,1,9500,0),
(3182,1158,55,1,24000,0),
(3183,1159,16,3,8500,5),
(3184,1159,66,1,18500,0),
(3185,1160,57,2,12000,0),
(3186,1160,9,1,525000,0),
(3187,1160,49,2,3500,0),
(3188,1160,47,2,7500,0),
(3189,1160,18,1,22000,0),
(3190,1161,13,1,28000,0),
(3191,1161,45,1,5500,0),
(3192,1161,48,2,4000,5),
(3193,1162,59,5,8500,0),
(3194,1162,13,2,28000,0),
(3195,1162,5,2,295000,0),
(3196,1162,45,4,5500,0),
(3197,1163,29,1,19500,0),
(3198,1163,13,1,28000,5),
(3199,1163,34,1,13500,0),
(3200,1163,23,2,6500,0),
(3201,1164,55,1,24000,0),
(3202,1164,47,3,7500,0),
(3203,1165,59,4,8500,0),
(3204,1165,51,3,6500,0),
(3205,1165,64,5,6800,0),
(3206,1165,52,1,3500,0),
(3207,1166,55,2,24000,0),
(3208,1166,37,1,11000,10),
(3209,1166,9,1,525000,0),
(3210,1166,52,2,3500,15),
(3211,1167,50,2,2000,10),
(3212,1167,51,1,6500,5),
(3213,1168,48,1,4000,0),
(3214,1168,19,1,9500,10),
(3215,1169,20,1,85000,0),
(3216,1169,67,1,9500,0),
(3217,1169,64,4,6800,15),
(3218,1170,55,2,24000,10),
(3219,1170,59,1,8500,10),
(3220,1171,3,1,720000,0),
(3221,1171,60,3,4200,0),
(3222,1172,8,2,395000,0),
(3223,1172,22,1,12000,0),
(3224,1172,31,1,11500,0),
(3225,1172,25,2,55000,0),
(3226,1172,68,1,4500,0),
(3227,1173,11,2,22000,0),
(3228,1173,2,1,950000,0),
(3229,1173,4,2,185000,0),
(3230,1174,8,1,395000,0),
(3231,1174,16,1,8500,0),
(3232,1174,50,3,2000,0),
(3233,1174,4,1,185000,0),
(3234,1175,24,2,7500,0),
(3235,1176,12,2,38000,0),
(3236,1176,22,2,12000,0),
(3237,1177,41,1,3500,0),
(3238,1177,44,4,4500,5),
(3239,1177,62,2,6000,0),
(3240,1178,48,2,4000,0),
(3241,1178,50,2,2000,0),
(3242,1178,11,1,22000,0),
(3243,1178,58,2,7500,0),
(3244,1179,29,1,19500,0),
(3245,1179,24,1,7500,0),
(3246,1180,3,1,720000,10),
(3247,1180,51,2,6500,0),
(3248,1180,68,1,4500,0),
(3249,1180,6,1,45000,0),
(3250,1181,1,1,350000,0),
(3251,1181,36,1,7500,0),
(3252,1181,64,6,6800,0),
(3253,1181,42,2,9000,0),
(3254,1181,55,2,24000,10),
(3255,1181,6,1,45000,0),
(3256,1182,43,2,5500,0),
(3257,1182,46,2,8500,10),
(3258,1182,28,1,35000,0),
(3259,1183,43,1,5500,0),
(3260,1183,47,1,7500,10),
(3261,1183,67,1,9500,0),
(3262,1183,10,1,18500,0),
(3263,1184,17,1,15000,10),
(3264,1184,19,2,9500,0),
(3265,1184,50,2,2000,0),
(3266,1184,46,3,8500,10),
(3267,1184,41,1,3500,15),
(3268,1185,26,1,14000,10),
(3269,1185,55,2,24000,0),
(3270,1186,16,2,8500,0),
(3271,1186,64,2,6800,0),
(3272,1186,48,4,4000,0),
(3273,1187,49,3,3500,0),
(3274,1187,7,1,480000,5),
(3275,1188,49,3,3500,15),
(3276,1188,5,1,295000,0),
(3277,1188,59,2,8500,0),
(3278,1189,60,5,4200,0),
(3279,1190,21,3,18000,5),
(3280,1190,43,2,5500,0),
(3281,1191,50,4,2000,0),
(3282,1191,53,2,8500,15),
(3283,1191,49,1,3500,0),
(3284,1191,62,2,6000,10),
(3285,1192,32,1,4500,0),
(3286,1192,55,1,24000,0),
(3287,1192,63,4,7000,0),
(3288,1193,62,6,6000,0),
(3289,1193,4,1,185000,0),
(3290,1194,51,2,6500,0),
(3291,1194,27,3,28000,0),
(3292,1194,29,1,19500,10),
(3293,1195,64,1,6800,5),
(3294,1195,14,1,65000,0),
(3295,1195,2,1,950000,0),
(3296,1196,67,2,9500,10),
(3297,1196,13,1,28000,10),
(3298,1196,54,3,16000,0),
(3299,1197,48,1,4000,0),
(3300,1198,59,3,8500,0),
(3301,1199,20,2,85000,5),
(3302,1199,32,2,4500,0),
(3303,1200,53,1,8500,0),
(3304,1200,59,2,8500,0),
(3305,1201,41,2,3500,0),
(3306,1201,48,2,4000,0),
(3307,1201,52,1,3500,0),
(3308,1201,4,1,185000,0),
(3309,1202,29,1,19500,5),
(3310,1202,41,1,3500,0),
(3311,1203,21,1,18000,5),
(3312,1204,54,1,16000,10),
(3313,1204,24,1,7500,0),
(3314,1204,21,2,18000,0),
(3315,1205,68,1,4500,0),
(3316,1205,67,1,9500,0),
(3317,1206,67,1,9500,0),
(3318,1206,45,3,5500,5),
(3319,1207,50,2,2000,0),
(3320,1207,63,3,7000,15),
(3321,1207,26,1,14000,0),
(3322,1207,43,1,5500,15),
(3323,1208,50,2,2000,0),
(3324,1208,16,1,8500,0),
(3325,1208,48,5,4000,10),
(3326,1208,61,5,9500,0),
(3327,1209,58,1,7500,0),
(3328,1209,43,1,5500,0),
(3329,1210,56,2,5500,0),
(3330,1210,64,3,6800,15),
(3331,1210,52,1,3500,0),
(3332,1211,57,1,12000,10),
(3333,1211,45,1,5500,0),
(3334,1211,27,1,28000,0),
(3335,1212,56,1,5500,15),
(3336,1212,43,1,5500,0),
(3337,1212,10,1,18500,0),
(3338,1212,60,4,4200,10),
(3339,1212,17,3,15000,5),
(3340,1212,32,2,4500,0),
(3341,1213,50,4,2000,0),
(3342,1214,61,2,9500,0),
(3343,1214,62,1,6000,10),
(3344,1214,34,1,13500,5),
(3345,1215,48,5,4000,0),
(3346,1215,13,1,28000,0),
(3347,1215,58,1,7500,10),
(3348,1216,43,1,5500,10),
(3349,1216,11,1,22000,0),
(3350,1216,59,6,8500,0),
(3351,1216,13,2,28000,0),
(3352,1217,31,2,11500,0),
(3353,1217,26,2,14000,0),
(3354,1217,27,1,28000,0),
(3355,1217,24,3,7500,0),
(3356,1217,48,3,4000,0),
(3357,1218,49,5,3500,0),
(3358,1218,24,1,7500,5),
(3359,1219,54,2,16000,0),
(3360,1219,22,2,12000,0),
(3361,1219,46,1,8500,0),
(3362,1219,21,2,18000,10),
(3363,1220,44,1,4500,5),
(3364,1220,51,2,6500,0),
(3365,1221,43,1,5500,5),
(3366,1221,57,1,12000,0),
(3367,1221,6,2,45000,5),
(3368,1221,37,1,11000,5),
(3369,1222,27,1,28000,5),
(3370,1222,52,2,3500,0),
(3371,1223,45,1,5500,5),
(3372,1223,58,1,7500,0),
(3373,1224,31,1,11500,0),
(3374,1225,68,1,4500,10),
(3375,1226,42,2,9000,5),
(3376,1226,64,4,6800,0),
(3377,1226,41,3,3500,0),
(3378,1227,3,1,720000,0),
(3379,1227,57,2,12000,0),
(3380,1227,41,1,3500,0),
(3381,1228,9,2,525000,0),
(3382,1229,44,2,4500,0),
(3383,1230,16,2,8500,0),
(3384,1230,51,4,6500,10),
(3385,1230,59,5,8500,0),
(3386,1231,13,1,28000,0),
(3387,1231,52,1,3500,0),
(3388,1232,32,3,4500,5),
(3389,1232,61,6,9500,0),
(3390,1233,39,2,68000,0),
(3391,1233,64,4,6800,5),
(3392,1233,50,3,2000,0),
(3393,1233,17,3,15000,10),
(3394,1233,11,1,22000,0),
(3395,1234,48,4,4000,15),
(3396,1234,16,3,8500,0),
(3397,1235,64,3,6800,0),
(3398,1235,41,1,3500,0),
(3399,1236,8,1,395000,0),
(3400,1236,42,1,9000,10),
(3401,1236,41,1,3500,5),
(3402,1236,59,1,8500,0),
(3403,1236,29,2,19500,0),
(3404,1237,9,1,525000,0),
(3405,1237,6,1,45000,0),
(3406,1237,57,1,12000,0),
(3407,1237,22,2,12000,0),
(3408,1237,41,1,3500,5),
(3409,1237,40,1,15000,0),
(3410,1238,16,3,8500,0),
(3411,1238,49,5,3500,0),
(3412,1239,52,3,3500,0),
(3413,1239,31,3,11500,0),
(3414,1240,36,1,7500,0),
(3415,1240,31,2,11500,10),
(3416,1240,68,1,4500,15),
(3417,1241,8,1,395000,0),
(3418,1241,3,1,720000,5),
(3419,1241,13,1,28000,10),
(3420,1242,67,1,9500,10),
(3421,1242,4,1,185000,0),
(3422,1242,10,1,18500,0),
(3423,1243,59,6,8500,0),
(3424,1243,12,1,38000,0),
(3425,1243,50,2,2000,0),
(3426,1244,53,1,8500,5),
(3427,1244,28,2,35000,0),
(3428,1245,47,1,7500,15),
(3429,1245,11,1,22000,15),
(3430,1246,54,1,16000,0),
(3431,1246,16,2,8500,0),
(3432,1246,34,2,13500,0),
(3433,1247,21,3,18000,15),
(3434,1248,59,1,8500,0),
(3435,1249,62,3,6000,0),
(3436,1250,52,3,3500,0),
(3437,1251,60,2,4200,0),
(3438,1251,48,4,4000,0),
(3439,1251,63,2,7000,5),
(3440,1251,36,2,7500,0),
(3441,1252,58,1,7500,5),
(3442,1253,57,2,12000,0),
(3443,1253,3,1,720000,0),
(3444,1253,34,2,13500,0),
(3445,1254,53,2,8500,0),
(3446,1254,23,2,6500,0),
(3447,1255,18,1,22000,5),
(3448,1255,59,4,8500,0),
(3449,1256,64,3,6800,15),
(3450,1256,43,1,5500,0),
(3451,1257,41,2,3500,0),
(3452,1258,6,1,45000,5),
(3453,1259,48,3,4000,0),
(3454,1259,19,1,9500,0),
(3455,1259,41,1,3500,0),
(3456,1259,44,4,4500,0),
(3457,1260,43,2,5500,5),
(3458,1260,64,1,6800,0),
(3459,1261,55,2,24000,0),
(3460,1261,48,3,4000,10),
(3461,1261,62,2,6000,15),
(3462,1261,11,1,22000,10),
(3463,1261,49,2,3500,0),
(3464,1262,23,1,6500,0),
(3465,1262,45,1,5500,0),
(3466,1262,65,1,35000,0),
(3467,1262,41,1,3500,0),
(3468,1263,31,1,11500,0),
(3469,1263,27,1,28000,5),
(3470,1264,22,2,12000,15),
(3471,1265,63,3,7000,0),
(3472,1265,49,1,3500,0),
(3473,1266,60,3,4200,0),
(3474,1266,52,3,3500,0),
(3475,1266,41,1,3500,0),
(3476,1267,65,3,35000,0),
(3477,1267,29,1,19500,5),
(3478,1268,22,3,12000,0),
(3479,1268,2,1,950000,10),
(3480,1268,45,1,5500,0),
(3481,1268,16,1,8500,0),
(3482,1269,37,3,11000,5),
(3483,1269,61,3,9500,15),
(3484,1270,38,2,42000,0),
(3485,1270,20,1,85000,0),
(3486,1270,2,1,950000,0),
(3487,1270,45,2,5500,5),
(3488,1271,37,1,11000,0),
(3489,1271,20,3,85000,10),
(3490,1272,23,1,6500,0),
(3491,1273,6,1,45000,0),
(3492,1273,26,1,14000,0),
(3493,1273,59,2,8500,15),
(3494,1274,64,1,6800,0),
(3495,1274,51,1,6500,15),
(3496,1274,30,2,32000,0),
(3497,1275,48,4,4000,10),
(3498,1275,53,3,8500,0),
(3499,1275,29,1,19500,0),
(3500,1276,6,1,45000,0),
(3501,1276,41,2,3500,0),
(3502,1277,61,1,9500,0),
(3503,1277,59,4,8500,0),
(3504,1277,60,6,4200,0),
(3505,1278,12,1,38000,0),
(3506,1278,68,1,4500,0),
(3507,1278,57,3,12000,0),
(3508,1278,22,3,12000,0),
(3509,1279,47,2,7500,0),
(3510,1279,14,1,65000,0),
(3511,1279,44,3,4500,15),
(3512,1280,34,2,13500,0),
(3513,1280,43,2,5500,5),
(3514,1280,30,1,32000,0),
(3515,1280,26,1,14000,0),
(3516,1281,30,1,32000,0),
(3517,1281,48,1,4000,0),
(3518,1281,13,1,28000,0),
(3519,1282,61,1,9500,0),
(3520,1282,50,5,2000,5),
(3521,1282,12,1,38000,0),
(3522,1283,59,3,8500,10),
(3523,1283,44,5,4500,0),
(3524,1284,5,2,295000,10),
(3525,1284,24,1,7500,10),
(3526,1284,9,1,525000,5),
(3527,1284,68,3,4500,0),
(3528,1284,29,2,19500,5),
(3529,1285,54,1,16000,0),
(3530,1285,59,4,8500,0),
(3531,1285,32,1,4500,0),
(3532,1285,11,2,22000,10),
(3533,1285,52,2,3500,5),
(3534,1285,46,3,8500,0),
(3535,1286,40,1,15000,0),
(3536,1286,63,3,7000,0),
(3537,1286,52,1,3500,0),
(3538,1287,48,2,4000,0),
(3539,1288,5,1,295000,0),
(3540,1288,12,1,38000,5),
(3541,1288,13,1,28000,0),
(3542,1289,16,2,8500,0),
(3543,1289,49,1,3500,0),
(3544,1289,63,4,7000,15),
(3545,1290,52,1,3500,0),
(3546,1291,32,1,4500,0),
(3547,1291,7,1,480000,0),
(3548,1292,24,3,7500,0),
(3549,1292,37,2,11000,0),
(3550,1292,49,2,3500,5),
(3551,1292,68,1,4500,5),
(3552,1293,45,3,5500,0),
(3553,1293,16,2,8500,0),
(3554,1293,58,2,7500,10),
(3555,1293,24,2,7500,5),
(3556,1294,10,1,18500,0),
(3557,1295,60,4,4200,10),
(3558,1295,22,1,12000,15),
(3559,1296,64,1,6800,0),
(3560,1296,45,3,5500,0),
(3561,1296,17,1,15000,15),
(3562,1297,32,1,4500,5),
(3563,1297,25,2,55000,0),
(3564,1297,44,5,4500,5),
(3565,1298,49,3,3500,10),
(3566,1298,37,1,11000,0),
(3567,1298,46,3,8500,0),
(3568,1298,62,4,6000,0),
(3569,1299,17,2,15000,0),
(3570,1299,52,1,3500,5),
(3571,1299,32,1,4500,15),
(3572,1300,52,1,3500,5),
(3573,1300,51,1,6500,0),
(3574,1301,48,3,4000,0),
(3575,1301,64,1,6800,5),
(3576,1302,57,1,12000,0),
(3577,1302,1,1,350000,15),
(3578,1303,31,2,11500,0),
(3579,1303,68,1,4500,0),
(3580,1303,48,2,4000,10),
(3581,1304,64,6,6800,0),
(3582,1304,63,5,7000,0),
(3583,1305,59,2,8500,15),
(3584,1305,6,1,45000,0),
(3585,1306,56,2,5500,15),
(3586,1306,43,1,5500,0),
(3587,1306,17,3,15000,5),
(3588,1307,16,1,8500,5),
(3589,1307,24,1,7500,0),
(3590,1307,6,1,45000,15),
(3591,1307,63,3,7000,0),
(3592,1308,58,1,7500,0),
(3593,1308,32,1,4500,0),
(3594,1308,29,1,19500,0),
(3595,1308,23,1,6500,10),
(3596,1309,41,2,3500,0),
(3597,1309,26,1,14000,0),
(3598,1310,58,2,7500,0),
(3599,1310,67,1,9500,0),
(3600,1310,61,3,9500,10),
(3601,1311,52,1,3500,15),
(3602,1311,64,4,6800,0),
(3603,1311,63,6,7000,10),
(3604,1311,29,2,19500,10),
(3605,1311,27,2,28000,0),
(3606,1312,26,3,14000,0),
(3607,1312,38,1,42000,5),
(3608,1312,62,1,6000,5),
(3609,1313,50,2,2000,0),
(3610,1313,33,1,24000,0),
(3611,1313,62,1,6000,0),
(3612,1314,8,1,395000,5),
(3613,1314,49,1,3500,0),
(3614,1314,62,3,6000,15),
(3615,1315,45,2,5500,0),
(3616,1315,59,1,8500,5),
(3617,1316,50,2,2000,0),
(3618,1316,34,2,13500,10),
(3619,1317,22,1,12000,5),
(3620,1317,10,1,18500,0),
(3621,1317,62,4,6000,0),
(3622,1318,60,4,4200,0),
(3623,1318,62,1,6000,0),
(3624,1318,17,1,15000,5),
(3625,1318,13,1,28000,0),
(3626,1319,53,1,8500,0),
(3627,1319,43,1,5500,0),
(3628,1319,64,3,6800,0),
(3629,1319,17,1,15000,0),
(3630,1320,41,1,3500,0),
(3631,1321,24,2,7500,0),
(3632,1321,59,2,8500,0),
(3633,1322,43,2,5500,0),
(3634,1322,23,1,6500,0),
(3635,1323,44,2,4500,0),
(3636,1323,65,1,35000,5),
(3637,1323,37,1,11000,5),
(3638,1324,59,3,8500,0),
(3639,1324,48,4,4000,0),
(3640,1324,12,1,38000,0),
(3641,1325,42,3,9000,0),
(3642,1325,26,2,14000,0),
(3643,1325,58,3,7500,0),
(3644,1326,62,2,6000,0),
(3645,1326,45,3,5500,15),
(3646,1326,68,1,4500,5),
(3647,1326,61,2,9500,0),
(3648,1327,66,1,18500,0),
(3649,1327,62,4,6000,0),
(3650,1327,55,1,24000,0),
(3651,1327,48,1,4000,0),
(3652,1328,23,3,6500,0),
(3653,1328,52,1,3500,5),
(3654,1329,48,3,4000,0),
(3655,1329,57,2,12000,5),
(3656,1330,13,1,28000,5),
(3657,1330,60,2,4200,0),
(3658,1330,6,1,45000,0),
(3659,1331,2,2,950000,0),
(3660,1331,58,1,7500,0),
(3661,1331,52,3,3500,0),
(3662,1331,17,1,15000,0),
(3663,1332,32,2,4500,0),
(3664,1332,21,1,18000,0),
(3665,1333,22,2,12000,0),
(3666,1333,66,3,18500,10),
(3667,1334,11,2,22000,0),
(3668,1334,59,3,8500,10),
(3669,1334,63,2,7000,0),
(3670,1334,58,1,7500,15),
(3671,1335,6,1,45000,0),
(3672,1335,19,1,9500,5),
(3673,1335,5,1,295000,5),
(3674,1336,29,3,19500,0),
(3675,1336,60,3,4200,0),
(3676,1337,62,2,6000,5),
(3677,1337,10,1,18500,0),
(3678,1337,23,1,6500,15),
(3679,1338,60,4,4200,5),
(3680,1338,7,1,480000,0),
(3681,1338,18,3,22000,0),
(3682,1339,66,3,18500,10),
(3683,1339,56,1,5500,0),
(3684,1339,16,3,8500,5),
(3685,1339,27,1,28000,5),
(3686,1339,34,1,13500,0),
(3687,1339,18,3,22000,0),
(3688,1340,55,1,24000,10),
(3689,1341,49,1,3500,10),
(3690,1341,62,1,6000,5),
(3691,1341,4,2,185000,0),
(3692,1341,47,3,7500,0),
(3693,1342,32,1,4500,10),
(3694,1342,62,1,6000,10),
(3695,1342,23,3,6500,0),
(3696,1342,50,2,2000,0),
(3697,1343,59,3,8500,0),
(3698,1344,16,1,8500,10),
(3699,1344,10,1,18500,0),
(3700,1344,36,1,7500,0),
(3701,1345,36,1,7500,15),
(3702,1345,21,2,18000,0),
(3703,1346,62,3,6000,0),
(3704,1346,58,1,7500,0),
(3705,1346,38,1,42000,0),
(3706,1346,49,2,3500,15),
(3707,1347,45,2,5500,0),
(3708,1347,43,1,5500,0),
(3709,1348,46,1,8500,0),
(3710,1348,68,2,4500,0),
(3711,1348,5,1,295000,10),
(3712,1349,14,1,65000,0),
(3713,1349,41,1,3500,15),
(3714,1349,44,4,4500,0),
(3715,1349,62,3,6000,5),
(3716,1349,13,1,28000,0),
(3717,1350,68,1,4500,0),
(3718,1350,17,1,15000,0),
(3719,1350,22,2,12000,0),
(3720,1350,37,2,11000,0),
(3721,1350,24,1,7500,0),
(3722,1350,20,2,85000,0),
(3723,1351,55,2,24000,0),
(3724,1351,29,1,19500,5),
(3725,1351,52,1,3500,0),
(3726,1351,15,1,125000,10),
(3727,1351,13,1,28000,15),
(3728,1351,36,2,7500,10),
(3729,1352,59,3,8500,0),
(3730,1352,2,1,950000,0),
(3731,1353,26,1,14000,10),
(3732,1353,4,1,185000,0),
(3733,1353,32,1,4500,0),
(3734,1354,50,3,2000,0),
(3735,1354,60,2,4200,0),
(3736,1354,43,2,5500,0),
(3737,1354,59,1,8500,0),
(3738,1355,36,1,7500,10),
(3739,1355,59,4,8500,0),
(3740,1356,60,3,4200,10),
(3741,1356,45,1,5500,10),
(3742,1357,36,3,7500,5),
(3743,1357,55,2,24000,5),
(3744,1358,56,3,5500,0),
(3745,1358,7,1,480000,0),
(3746,1358,18,2,22000,5),
(3747,1358,44,1,4500,0),
(3748,1359,45,4,5500,0),
(3749,1359,33,1,24000,0),
(3750,1360,38,1,42000,0),
(3751,1361,43,1,5500,0),
(3752,1361,49,4,3500,0),
(3753,1361,3,1,720000,0),
(3754,1362,29,1,19500,5),
(3755,1362,32,1,4500,0),
(3756,1362,26,3,14000,0),
(3757,1362,13,1,28000,0),
(3758,1363,52,2,3500,0),
(3759,1363,30,1,32000,0),
(3760,1363,26,3,14000,0),
(3761,1363,60,1,4200,5),
(3762,1364,17,2,15000,0),
(3763,1364,30,1,32000,10),
(3764,1364,57,1,12000,0),
(3765,1365,16,1,8500,0),
(3766,1365,47,2,7500,5),
(3767,1365,38,2,42000,0),
(3768,1366,16,2,8500,5),
(3769,1366,23,1,6500,0),
(3770,1367,18,1,22000,0),
(3771,1368,49,3,3500,0),
(3772,1368,10,1,18500,0),
(3773,1368,21,2,18000,0),
(3774,1369,30,2,32000,0),
(3775,1369,64,2,6800,15),
(3776,1369,32,1,4500,0),
(3777,1370,24,1,7500,0),
(3778,1370,41,2,3500,0),
(3779,1370,51,3,6500,0),
(3780,1370,31,1,11500,0),
(3781,1371,22,2,12000,5),
(3782,1371,13,2,28000,0),
(3783,1371,49,2,3500,0),
(3784,1371,44,2,4500,0),
(3785,1372,18,2,22000,10),
(3786,1372,60,2,4200,0),
(3787,1372,43,2,5500,5),
(3788,1372,59,1,8500,0),
(3789,1373,59,4,8500,0),
(3790,1374,54,1,16000,10),
(3791,1374,41,2,3500,0),
(3792,1374,31,1,11500,0),
(3793,1375,6,1,45000,5),
(3794,1375,46,4,8500,5),
(3795,1376,23,1,6500,0),
(3796,1376,56,2,5500,0),
(3797,1376,41,1,3500,0),
(3798,1377,49,2,3500,0),
(3799,1377,36,2,7500,10),
(3800,1377,17,1,15000,0),
(3801,1377,30,2,32000,0),
(3802,1378,24,3,7500,0),
(3803,1378,17,1,15000,15),
(3804,1379,61,2,9500,15),
(3805,1379,41,1,3500,15),
(3806,1379,28,1,35000,0),
(3807,1379,55,1,24000,0),
(3808,1380,32,1,4500,0),
(3809,1380,16,3,8500,0),
(3810,1380,41,1,3500,0),
(3811,1381,44,3,4500,0),
(3812,1381,25,2,55000,5),
(3813,1381,58,1,7500,5),
(3814,1381,27,2,28000,0),
(3815,1382,2,1,950000,5),
(3816,1382,31,2,11500,0),
(3817,1382,62,6,6000,5),
(3818,1383,17,1,15000,10),
(3819,1383,31,2,11500,0),
(3820,1383,5,1,295000,0),
(3821,1383,50,1,2000,0),
(3822,1384,9,2,525000,5),
(3823,1384,29,1,19500,5),
(3824,1385,24,2,7500,10),
(3825,1385,50,2,2000,0),
(3826,1386,63,4,7000,0),
(3827,1386,29,1,19500,5),
(3828,1386,52,1,3500,15),
(3829,1386,23,1,6500,0),
(3830,1387,57,1,12000,5),
(3831,1387,59,1,8500,0),
(3832,1387,3,1,720000,0),
(3833,1388,40,3,15000,0),
(3834,1388,63,5,7000,0),
(3835,1388,21,1,18000,0),
(3836,1389,34,1,13500,0),
(3837,1390,23,3,6500,5),
(3838,1390,54,2,16000,5),
(3839,1390,6,1,45000,0),
(3840,1390,10,1,18500,0),
(3841,1391,34,1,13500,0),
(3842,1391,13,1,28000,0),
(3843,1392,3,1,720000,0),
(3844,1392,33,1,24000,0),
(3845,1392,49,4,3500,0),
(3846,1393,60,1,4200,10),
(3847,1393,50,3,2000,0),
(3848,1393,23,1,6500,0),
(3849,1394,44,1,4500,0),
(3850,1394,48,4,4000,0),
(3851,1394,37,1,11000,5),
(3852,1395,5,1,295000,15),
(3853,1395,23,1,6500,0),
(3854,1396,40,1,15000,15),
(3855,1397,62,3,6000,0),
(3856,1398,23,1,6500,10),
(3857,1398,2,1,950000,0),
(3858,1398,18,3,22000,0),
(3859,1399,59,2,8500,5),
(3860,1399,10,1,18500,0),
(3861,1400,47,4,7500,15),
(3862,1400,2,1,950000,0),
(3863,1400,48,1,4000,5),
(3864,1400,59,3,8500,10),
(3865,1401,67,1,9500,10),
(3866,1401,49,1,3500,0),
(3867,1401,62,4,6000,0),
(3868,1401,42,1,9000,5),
(3869,1402,30,1,32000,0),
(3870,1403,62,4,6000,15),
(3871,1403,12,1,38000,10),
(3872,1403,63,5,7000,15),
(3873,1404,43,2,5500,0),
(3874,1404,6,1,45000,5),
(3875,1404,41,1,3500,0),
(3876,1404,31,2,11500,0),
(3877,1405,61,2,9500,5),
(3878,1406,10,1,18500,0),
(3879,1407,8,1,395000,0),
(3880,1407,59,3,8500,0),
(3881,1408,18,1,22000,0),
(3882,1408,6,1,45000,0),
(3883,1408,53,2,8500,0),
(3884,1408,48,4,4000,0),
(3885,1409,12,1,38000,0),
(3886,1409,53,1,8500,0),
(3887,1410,41,2,3500,0),
(3888,1410,26,2,14000,0),
(3889,1410,23,1,6500,15),
(3890,1410,49,3,3500,5),
(3891,1410,43,1,5500,0),
(3892,1410,50,1,2000,0),
(3893,1411,16,1,8500,0),
(3894,1411,6,1,45000,5),
(3895,1411,60,1,4200,0),
(3896,1412,55,1,24000,5),
(3897,1412,30,1,32000,0),
(3898,1413,22,3,12000,0),
(3899,1413,44,4,4500,10),
(3900,1413,41,1,3500,5),
(3901,1414,56,2,5500,0),
(3902,1415,7,1,480000,0),
(3903,1415,25,1,55000,15),
(3904,1415,10,1,18500,10),
(3905,1415,56,2,5500,0),
(3906,1416,12,1,38000,0),
(3907,1416,19,2,9500,0),
(3908,1417,68,1,4500,5),
(3909,1418,12,1,38000,0),
(3910,1419,23,2,6500,0),
(3911,1419,31,3,11500,0),
(3912,1420,43,2,5500,0),
(3913,1420,5,1,295000,0),
(3914,1420,48,2,4000,5),
(3915,1421,23,1,6500,0),
(3916,1421,52,2,3500,0),
(3917,1421,37,1,11000,5),
(3918,1422,45,2,5500,10),
(3919,1422,50,1,2000,5),
(3920,1423,21,2,18000,0),
(3921,1423,61,5,9500,0),
(3922,1424,13,1,28000,0),
(3923,1424,48,2,4000,0),
(3924,1424,34,3,13500,10),
(3925,1425,50,1,2000,0),
(3926,1425,10,2,18500,15),
(3927,1425,31,1,11500,0),
(3928,1425,41,1,3500,0),
(3929,1425,21,2,18000,15),
(3930,1426,60,1,4200,15),
(3931,1426,50,2,2000,0),
(3932,1427,62,3,6000,0),
(3933,1427,45,2,5500,10),
(3934,1428,22,1,12000,0),
(3935,1429,49,1,3500,0),
(3936,1429,5,1,295000,0),
(3937,1429,36,1,7500,0),
(3938,1430,19,3,9500,0),
(3939,1431,60,4,4200,0),
(3940,1431,62,4,6000,0),
(3941,1431,26,1,14000,5),
(3942,1431,59,2,8500,0),
(3943,1431,34,1,13500,5),
(3944,1432,61,4,9500,0),
(3945,1432,8,1,395000,0),
(3946,1432,49,3,3500,0),
(3947,1432,32,1,4500,0),
(3948,1432,27,1,28000,0),
(3949,1433,50,1,2000,5),
(3950,1433,29,1,19500,5),
(3951,1434,18,3,22000,10),
(3952,1434,23,1,6500,0),
(3953,1435,40,1,15000,0),
(3954,1435,49,4,3500,0),
(3955,1435,18,2,22000,0),
(3956,1436,44,5,4500,5),
(3957,1436,51,1,6500,0),
(3958,1436,63,4,7000,0),
(3959,1436,10,1,18500,5),
(3960,1436,56,1,5500,0),
(3961,1436,47,1,7500,10),
(3962,1437,7,1,480000,0),
(3963,1437,64,3,6800,0),
(3964,1438,2,1,950000,10),
(3965,1438,10,1,18500,0),
(3966,1438,37,1,11000,0),
(3967,1438,16,2,8500,0),
(3968,1438,32,3,4500,0),
(3969,1439,56,1,5500,5),
(3970,1439,61,4,9500,10),
(3971,1439,66,1,18500,10),
(3972,1439,67,1,9500,0),
(3973,1439,63,4,7000,0),
(3974,1440,38,1,42000,0),
(3975,1440,28,1,35000,0),
(3976,1441,39,1,68000,0),
(3977,1442,6,1,45000,10),
(3978,1442,59,1,8500,0),
(3979,1442,12,1,38000,0),
(3980,1442,32,1,4500,0),
(3981,1443,13,1,28000,0),
(3982,1443,45,1,5500,0),
(3983,1444,68,2,4500,0),
(3984,1444,44,1,4500,0),
(3985,1444,67,1,9500,0),
(3986,1445,58,3,7500,0),
(3987,1446,58,2,7500,15),
(3988,1446,45,3,5500,15),
(3989,1447,16,3,8500,5),
(3990,1447,44,2,4500,0),
(3991,1447,13,2,28000,15),
(3992,1448,6,1,45000,0),
(3993,1448,12,1,38000,0),
(3994,1448,9,1,525000,0),
(3995,1449,63,2,7000,0),
(3996,1449,16,1,8500,5),
(3997,1450,55,1,24000,0),
(3998,1450,27,1,28000,0),
(3999,1451,6,1,45000,10),
(4000,1451,60,6,4200,0),
(4001,1451,16,2,8500,0),
(4002,1451,4,1,185000,5),
(4003,1452,45,1,5500,0),
(4004,1452,14,1,65000,0),
(4005,1452,58,1,7500,0),
(4006,1452,49,2,3500,10),
(4007,1453,34,1,13500,0),
(4008,1454,49,1,3500,0),
(4009,1454,36,2,7500,5),
(4010,1454,64,1,6800,10),
(4011,1455,59,2,8500,5),
(4012,1456,36,2,7500,0),
(4013,1456,33,1,24000,0),
(4014,1457,23,1,6500,5),
(4015,1457,46,3,8500,0),
(4016,1457,10,1,18500,5),
(4017,1457,26,2,14000,0),
(4018,1458,10,1,18500,5),
(4019,1458,13,1,28000,0),
(4020,1459,52,1,3500,5),
(4021,1459,20,1,85000,0),
(4022,1459,22,2,12000,0),
(4023,1460,3,1,720000,0),
(4024,1460,61,4,9500,0),
(4025,1461,32,1,4500,0),
(4026,1461,21,1,18000,0),
(4027,1461,16,1,8500,5),
(4028,1462,52,1,3500,5),
(4029,1462,60,4,4200,10),
(4030,1463,54,2,16000,0),
(4031,1463,59,2,8500,0),
(4032,1463,39,1,68000,0),
(4033,1463,58,1,7500,0),
(4034,1464,15,1,125000,0),
(4035,1464,49,2,3500,0),
(4036,1464,44,1,4500,0),
(4037,1464,13,1,28000,0),
(4038,1465,13,1,28000,10),
(4039,1465,50,2,2000,0),
(4040,1466,31,2,11500,15),
(4041,1466,32,1,4500,0),
(4042,1466,41,1,3500,0),
(4043,1466,64,2,6800,0),
(4044,1467,59,4,8500,0),
(4045,1467,32,1,4500,0),
(4046,1468,27,1,28000,0),
(4047,1468,53,1,8500,0),
(4048,1468,48,5,4000,0),
(4049,1469,59,2,8500,5),
(4050,1469,62,5,6000,5),
(4051,1469,53,3,8500,5),
(4052,1470,24,1,7500,0),
(4053,1470,28,1,35000,5),
(4054,1471,16,2,8500,0),
(4055,1471,51,1,6500,5),
(4056,1472,64,3,6800,0),
(4057,1472,53,1,8500,0),
(4058,1472,58,1,7500,0),
(4059,1473,43,2,5500,15),
(4060,1473,37,1,11000,0),
(4061,1474,49,1,3500,5),
(4062,1474,62,2,6000,10),
(4063,1475,37,1,11000,0),
(4064,1475,67,1,9500,0),
(4065,1475,32,1,4500,0),
(4066,1475,52,2,3500,0),
(4067,1475,23,2,6500,5),
(4068,1476,23,2,6500,0),
(4069,1477,42,1,9000,15),
(4070,1477,22,1,12000,0),
(4071,1478,7,1,480000,0),
(4072,1479,35,1,185000,0),
(4073,1479,44,4,4500,10),
(4074,1480,24,2,7500,0),
(4075,1480,34,2,13500,10),
(4076,1480,13,1,28000,0),
(4077,1480,56,2,5500,0),
(4078,1480,52,3,3500,0),
(4079,1480,64,5,6800,10),
(4080,1481,21,2,18000,0),
(4081,1481,6,1,45000,0),
(4082,1481,26,1,14000,0),
(4083,1481,27,1,28000,0),
(4084,1482,26,1,14000,5),
(4085,1483,55,1,24000,0),
(4086,1484,66,2,18500,10),
(4087,1484,62,1,6000,0),
(4088,1484,21,1,18000,15),
(4089,1485,48,1,4000,0),
(4090,1485,5,1,295000,0),
(4091,1485,60,2,4200,0),
(4092,1485,3,1,720000,0),
(4093,1485,16,2,8500,0),
(4094,1486,10,1,18500,10),
(4095,1486,21,2,18000,0),
(4096,1487,19,1,9500,15),
(4097,1487,29,1,19500,15),
(4098,1488,56,1,5500,0),
(4099,1489,29,1,19500,5),
(4100,1489,31,1,11500,0),
(4101,1490,59,1,8500,10),
(4102,1490,12,1,38000,0),
(4103,1491,22,1,12000,0),
(4104,1492,26,1,14000,5),
(4105,1492,44,3,4500,15),
(4106,1492,56,1,5500,0),
(4107,1492,36,1,7500,0),
(4108,1492,12,1,38000,0),
(4109,1493,25,2,55000,0),
(4110,1493,30,2,32000,10),
(4111,1493,32,1,4500,0),
(4112,1494,50,2,2000,0),
(4113,1494,26,1,14000,0),
(4114,1495,38,2,42000,0),
(4115,1495,26,2,14000,0),
(4116,1495,58,3,7500,0),
(4117,1496,36,1,7500,5),
(4118,1496,52,2,3500,15),
(4119,1496,58,3,7500,0),
(4120,1497,31,1,11500,0),
(4121,1497,13,1,28000,0),
(4122,1497,34,1,13500,0),
(4123,1497,52,2,3500,0),
(4124,1497,68,1,4500,0),
(4125,1498,64,4,6800,0),
(4126,1498,61,2,9500,15),
(4127,1498,44,2,4500,0),
(4128,1498,54,1,16000,0),
(4129,1498,62,1,6000,5),
(4130,1498,59,1,8500,10),
(4131,1499,67,1,9500,0),
(4132,1500,1,1,350000,0),
(4133,1500,64,3,6800,15),
(4134,1500,61,1,9500,0),
(4135,1501,40,1,15000,0),
(4136,1501,45,2,5500,0),
(4137,1501,30,1,32000,10),
(4138,1502,48,2,4000,0),
(4139,1502,63,4,7000,0),
(4140,1502,21,2,18000,0),
(4141,1502,62,3,6000,0),
(4142,1502,34,2,13500,0),
(4143,1503,62,6,6000,0),
(4144,1503,20,2,85000,10),
(4145,1503,32,1,4500,5),
(4146,1504,66,1,18500,0),
(4147,1504,8,1,395000,0),
(4148,1505,68,1,4500,0),
(4149,1506,59,5,8500,10),
(4150,1506,17,3,15000,10),
(4151,1506,49,2,3500,0),
(4152,1506,68,1,4500,10),
(4153,1507,32,2,4500,0),
(4154,1507,56,1,5500,0),
(4155,1508,18,1,22000,0),
(4156,1509,24,3,7500,10),
(4157,1509,32,1,4500,0),
(4158,1510,45,2,5500,5),
(4159,1510,50,3,2000,10),
(4160,1510,57,1,12000,0),
(4161,1510,49,5,3500,10),
(4162,1510,58,1,7500,0),
(4163,1511,45,3,5500,5),
(4164,1511,5,2,295000,5),
(4165,1511,48,2,4000,0),
(4166,1511,30,1,32000,10),
(4167,1512,32,1,4500,0),
(4168,1512,48,3,4000,0),
(4169,1513,30,2,32000,5),
(4170,1514,36,1,7500,15),
(4171,1514,35,2,185000,0),
(4172,1514,26,1,14000,0),
(4173,1515,61,4,9500,10),
(4174,1515,6,1,45000,0),
(4175,1515,53,2,8500,0),
(4176,1515,64,2,6800,0),
(4177,1515,67,2,9500,10),
(4178,1516,32,3,4500,0),
(4179,1516,13,1,28000,0),
(4180,1516,23,2,6500,0),
(4181,1516,30,1,32000,0),
(4182,1517,50,2,2000,0),
(4183,1517,63,3,7000,0),
(4184,1517,43,2,5500,10),
(4185,1518,40,1,15000,15),
(4186,1518,54,1,16000,0),
(4187,1518,58,1,7500,5),
(4188,1519,31,2,11500,0),
(4189,1519,48,3,4000,0),
(4190,1520,12,1,38000,0),
(4191,1520,32,1,4500,0),
(4192,1521,36,1,7500,0),
(4193,1521,32,2,4500,0),
(4194,1521,34,1,13500,0),
(4195,1521,4,2,185000,5),
(4196,1522,37,3,11000,0),
(4197,1522,65,2,35000,5),
(4198,1523,12,2,38000,10),
(4199,1524,44,3,4500,0),
(4200,1524,11,1,22000,15),
(4201,1525,36,2,7500,5),
(4202,1525,9,1,525000,0),
(4203,1525,62,5,6000,5),
(4204,1526,14,1,65000,0),
(4205,1526,58,1,7500,0),
(4206,1526,13,1,28000,0),
(4207,1526,68,3,4500,0),
(4208,1527,21,1,18000,5),
(4209,1527,20,1,85000,0),
(4210,1527,62,3,6000,0),
(4211,1527,47,3,7500,0),
(4212,1528,12,2,38000,0),
(4213,1528,43,1,5500,0),
(4214,1529,21,1,18000,0),
(4215,1529,3,1,720000,0),
(4216,1530,52,1,3500,5),
(4217,1530,33,1,24000,5),
(4218,1531,64,6,6800,0),
(4219,1531,13,1,28000,15),
(4220,1531,56,1,5500,0),
(4221,1531,44,2,4500,0),
(4222,1532,59,2,8500,0),
(4223,1532,4,1,185000,5),
(4224,1533,17,1,15000,0),
(4225,1533,16,1,8500,0),
(4226,1534,53,2,8500,15),
(4227,1534,6,1,45000,0),
(4228,1534,49,2,3500,15),
(4229,1534,11,1,22000,0),
(4230,1535,37,1,11000,5),
(4231,1535,52,2,3500,0),
(4232,1535,23,1,6500,0),
(4233,1535,59,4,8500,10),
(4234,1535,29,1,19500,0),
(4235,1536,32,1,4500,10),
(4236,1536,7,1,480000,15),
(4237,1537,41,1,3500,0),
(4238,1537,20,2,85000,10),
(4239,1538,43,2,5500,0),
(4240,1538,36,1,7500,0),
(4241,1539,62,2,6000,0),
(4242,1539,42,1,9000,10),
(4243,1540,64,5,6800,0),
(4244,1540,62,6,6000,15),
(4245,1540,59,4,8500,0),
(4246,1541,12,2,38000,5),
(4247,1541,22,2,12000,0),
(4248,1541,30,1,32000,0),
(4249,1542,4,1,185000,0),
(4250,1542,63,4,7000,10),
(4251,1543,55,2,24000,0),
(4252,1543,46,4,8500,5),
(4253,1544,64,3,6800,0),
(4254,1544,9,1,525000,0),
(4255,1544,24,1,7500,5),
(4256,1544,49,1,3500,0),
(4257,1545,34,1,13500,0),
(4258,1545,56,3,5500,0),
(4259,1545,60,6,4200,0),
(4260,1545,21,3,18000,0),
(4261,1546,41,1,3500,0),
(4262,1546,50,2,2000,0),
(4263,1547,43,1,5500,5),
(4264,1547,24,1,7500,0),
(4265,1547,30,1,32000,10),
(4266,1548,34,2,13500,5),
(4267,1548,63,2,7000,0),
(4268,1548,49,3,3500,0),
(4269,1548,51,3,6500,15),
(4270,1548,11,2,22000,0),
(4271,1549,45,2,5500,0),
(4272,1549,66,2,18500,5),
(4273,1550,33,1,24000,0),
(4274,1550,59,3,8500,10),
(4275,1551,8,1,395000,0),
(4276,1552,67,2,9500,0),
(4277,1553,65,1,35000,5),
(4278,1553,56,1,5500,0),
(4279,1553,52,1,3500,0),
(4280,1553,68,1,4500,0),
(4281,1554,22,3,12000,0),
(4282,1554,10,1,18500,0),
(4283,1554,24,1,7500,0),
(4284,1554,50,2,2000,15),
(4285,1555,26,1,14000,10),
(4286,1556,62,1,6000,0),
(4287,1556,59,2,8500,0),
(4288,1557,43,1,5500,0),
(4289,1557,61,2,9500,0),
(4290,1557,64,1,6800,15),
(4291,1557,37,3,11000,5),
(4292,1557,60,5,4200,0),
(4293,1557,26,2,14000,0),
(4294,1558,44,1,4500,15),
(4295,1558,41,1,3500,0),
(4296,1559,48,4,4000,0),
(4297,1559,52,2,3500,15),
(4298,1559,57,2,12000,0),
(4299,1559,41,1,3500,0),
(4300,1560,61,1,9500,10),
(4301,1560,58,2,7500,0),
(4302,1561,45,2,5500,0),
(4303,1561,33,1,24000,0),
(4304,1562,59,5,8500,0),
(4305,1562,68,1,4500,0),
(4306,1562,49,1,3500,10),
(4307,1563,8,1,395000,15),
(4308,1563,62,2,6000,10),
(4309,1563,36,1,7500,0),
(4310,1563,47,1,7500,0),
(4311,1564,68,1,4500,15),
(4312,1564,26,2,14000,5),
(4313,1564,60,2,4200,0),
(4314,1564,16,1,8500,15),
(4315,1565,64,3,6800,0),
(4316,1565,42,1,9000,10),
(4317,1565,41,1,3500,0),
(4318,1566,4,1,185000,0),
(4319,1566,54,2,16000,10),
(4320,1567,7,1,480000,10),
(4321,1567,50,3,2000,0),
(4322,1568,59,2,8500,0),
(4323,1568,4,1,185000,0),
(4324,1568,56,3,5500,0),
(4325,1568,63,1,7000,5),
(4326,1569,52,1,3500,0),
(4327,1569,36,3,7500,0),
(4328,1570,5,1,295000,10),
(4329,1571,67,1,9500,5),
(4330,1571,41,1,3500,5),
(4331,1571,29,1,19500,0),
(4332,1571,44,3,4500,0),
(4333,1572,40,1,15000,5),
(4334,1572,60,3,4200,5),
(4335,1572,54,1,16000,0),
(4336,1572,26,1,14000,0),
(4337,1573,56,1,5500,0),
(4338,1573,46,1,8500,0),
(4339,1573,23,1,6500,0),
(4340,1574,29,1,19500,0),
(4341,1575,61,5,9500,0),
(4342,1575,63,4,7000,0),
(4343,1576,61,1,9500,0),
(4344,1576,46,3,8500,0),
(4345,1576,39,2,68000,0),
(4346,1576,40,1,15000,0),
(4347,1577,26,2,14000,0),
(4348,1577,55,3,24000,5),
(4349,1577,10,1,18500,0),
(4350,1578,22,2,12000,0),
(4351,1578,28,1,35000,0),
(4352,1578,18,2,22000,0),
(4353,1579,58,3,7500,0),
(4354,1579,67,2,9500,0),
(4355,1579,28,1,35000,0),
(4356,1579,41,2,3500,0),
(4357,1580,50,3,2000,5),
(4358,1580,62,2,6000,0),
(4359,1580,45,1,5500,15),
(4360,1580,36,1,7500,0),
(4361,1581,50,2,2000,0),
(4362,1581,30,2,32000,15),
(4363,1581,28,1,35000,0),
(4364,1582,10,2,18500,0),
(4365,1582,45,1,5500,0),
(4366,1583,48,4,4000,0),
(4367,1583,53,1,8500,0),
(4368,1583,60,3,4200,0),
(4369,1583,52,1,3500,0),
(4370,1583,17,2,15000,0),
(4371,1584,12,1,38000,0),
(4372,1584,52,2,3500,0),
(4373,1585,24,3,7500,0),
(4374,1585,41,2,3500,0),
(4375,1586,6,1,45000,10),
(4376,1587,52,2,3500,5),
(4377,1588,56,1,5500,0),
(4378,1589,52,1,3500,0),
(4379,1589,3,1,720000,0),
(4380,1590,36,3,7500,0),
(4381,1591,62,3,6000,0),
(4382,1592,40,1,15000,5),
(4383,1592,32,1,4500,10),
(4384,1593,11,1,22000,0),
(4385,1593,27,1,28000,0),
(4386,1594,68,1,4500,10),
(4387,1594,26,1,14000,0),
(4388,1594,40,1,15000,0),
(4389,1594,62,3,6000,0),
(4390,1594,24,1,7500,5),
(4391,1595,22,1,12000,0),
(4392,1595,45,4,5500,10),
(4393,1595,32,1,4500,0),
(4394,1596,59,3,8500,0),
(4395,1596,23,1,6500,0),
(4396,1597,61,3,9500,0),
(4397,1597,41,1,3500,0),
(4398,1597,60,5,4200,15),
(4399,1598,24,1,7500,0),
(4400,1599,36,1,7500,0),
(4401,1599,52,1,3500,0),
(4402,1600,51,1,6500,0),
(4403,1600,4,1,185000,10),
(4404,1600,19,1,9500,0),
(4405,1600,54,3,16000,0),
(4406,1601,53,1,8500,0),
(4407,1602,53,2,8500,0),
(4408,1603,23,2,6500,0),
(4409,1604,63,3,7000,0),
(4410,1604,60,4,4200,0),
(4411,1605,45,4,5500,10),
(4412,1605,56,1,5500,0),
(4413,1605,60,2,4200,0),
(4414,1606,68,3,4500,0),
(4415,1606,11,1,22000,0),
(4416,1606,26,3,14000,0),
(4417,1606,52,2,3500,0),
(4418,1607,19,1,9500,5),
(4419,1607,26,1,14000,0),
(4420,1608,5,1,295000,15),
(4421,1608,41,1,3500,15),
(4422,1608,62,2,6000,10),
(4423,1609,17,2,15000,0),
(4424,1609,49,2,3500,0),
(4425,1610,52,1,3500,0),
(4426,1610,36,1,7500,0),
(4427,1610,54,2,16000,5),
(4428,1610,50,3,2000,0),
(4429,1611,45,2,5500,15),
(4430,1611,16,1,8500,5),
(4431,1612,21,1,18000,5),
(4432,1613,12,1,38000,5),
(4433,1613,34,1,13500,15),
(4434,1613,23,3,6500,5),
(4435,1613,60,1,4200,5),
(4436,1613,53,2,8500,0),
(4437,1614,32,1,4500,5),
(4438,1614,20,2,85000,0),
(4439,1615,51,2,6500,0),
(4440,1615,2,1,950000,0),
(4441,1615,6,1,45000,0),
(4442,1615,36,2,7500,0),
(4443,1616,49,2,3500,0),
(4444,1617,10,1,18500,10),
(4445,1617,43,1,5500,10),
(4446,1617,33,2,24000,0),
(4447,1617,13,1,28000,0),
(4448,1618,9,1,525000,10),
(4449,1618,36,1,7500,0),
(4450,1618,21,1,18000,0),
(4451,1619,51,3,6500,0),
(4452,1619,7,1,480000,10),
(4453,1620,64,4,6800,0),
(4454,1621,57,3,12000,15),
(4455,1621,61,1,9500,0),
(4456,1622,63,2,7000,0),
(4457,1622,62,1,6000,0),
(4458,1622,2,1,950000,0),
(4459,1623,59,5,8500,10),
(4460,1623,16,1,8500,10),
(4461,1624,46,2,8500,10),
(4462,1624,32,3,4500,0),
(4463,1624,47,4,7500,0),
(4464,1625,10,1,18500,0),
(4465,1625,48,3,4000,0),
(4466,1626,22,2,12000,0),
(4467,1626,36,2,7500,0),
(4468,1627,36,3,7500,5),
(4469,1627,32,1,4500,0),
(4470,1627,61,3,9500,10),
(4471,1628,16,1,8500,0),
(4472,1628,44,5,4500,0),
(4473,1628,63,1,7000,0),
(4474,1629,19,1,9500,5),
(4475,1630,56,1,5500,0),
(4476,1630,11,1,22000,0),
(4477,1631,63,1,7000,0),
(4478,1632,53,3,8500,0),
(4479,1632,3,1,720000,0),
(4480,1633,32,1,4500,0),
(4481,1633,59,2,8500,5),
(4482,1634,11,2,22000,0),
(4483,1634,56,1,5500,0),
(4484,1634,44,3,4500,0),
(4485,1634,32,1,4500,5),
(4486,1635,6,1,45000,0),
(4487,1636,17,1,15000,0),
(4488,1636,64,4,6800,0),
(4489,1637,49,3,3500,5),
(4490,1637,66,1,18500,0),
(4491,1638,53,1,8500,0),
(4492,1638,33,2,24000,5),
(4493,1639,24,1,7500,0),
(4494,1639,50,1,2000,0),
(4495,1639,4,2,185000,0),
(4496,1640,44,2,4500,10),
(4497,1640,18,1,22000,0),
(4498,1640,27,1,28000,0),
(4499,1640,41,1,3500,5),
(4500,1640,9,1,525000,0),
(4501,1640,34,3,13500,0),
(4502,1641,40,3,15000,0),
(4503,1641,49,1,3500,0),
(4504,1641,29,1,19500,5),
(4505,1642,42,1,9000,0),
(4506,1642,58,1,7500,5),
(4507,1642,12,1,38000,0),
(4508,1642,6,2,45000,5),
(4509,1642,10,1,18500,10),
(4510,1643,27,3,28000,15),
(4511,1643,58,2,7500,0),
(4512,1643,35,2,185000,10),
(4513,1644,50,3,2000,0),
(4514,1644,30,1,32000,0),
(4515,1645,51,3,6500,10),
(4516,1645,63,3,7000,0),
(4517,1645,3,1,720000,0),
(4518,1646,41,1,3500,0),
(4519,1646,60,3,4200,0),
(4520,1646,11,1,22000,5),
(4521,1647,7,1,480000,0),
(4522,1648,50,2,2000,0),
(4523,1648,56,1,5500,0),
(4524,1648,42,2,9000,0),
(4525,1648,26,1,14000,0),
(4526,1649,44,5,4500,0),
(4527,1649,37,1,11000,0),
(4528,1649,41,1,3500,0),
(4529,1650,18,2,22000,0),
(4530,1651,46,1,8500,0),
(4531,1651,4,1,185000,0),
(4532,1651,63,4,7000,0),
(4533,1652,56,2,5500,15),
(4534,1652,41,1,3500,0),
(4535,1652,31,1,11500,0),
(4536,1653,50,2,2000,0),
(4537,1653,41,1,3500,0),
(4538,1654,40,2,15000,0),
(4539,1654,32,1,4500,5),
(4540,1654,49,1,3500,0),
(4541,1655,36,1,7500,5),
(4542,1655,23,1,6500,0),
(4543,1656,52,1,3500,0),
(4544,1656,18,3,22000,0),
(4545,1656,31,1,11500,0),
(4546,1657,31,1,11500,0),
(4547,1657,9,2,525000,0),
(4548,1657,6,1,45000,5),
(4549,1657,60,3,4200,10),
(4550,1657,23,2,6500,0),
(4551,1658,23,1,6500,5),
(4552,1659,31,1,11500,0),
(4553,1659,32,1,4500,0),
(4554,1659,4,1,185000,15),
(4555,1660,43,2,5500,0),
(4556,1660,58,1,7500,0),
(4557,1660,13,1,28000,5),
(4558,1660,18,1,22000,0),
(4559,1660,34,1,13500,0),
(4560,1660,19,1,9500,0),
(4561,1661,13,1,28000,0),
(4562,1661,40,1,15000,5),
(4563,1661,28,1,35000,0),
(4564,1661,59,2,8500,10),
(4565,1662,21,1,18000,0),
(4566,1662,50,2,2000,5),
(4567,1662,48,3,4000,0),
(4568,1662,52,1,3500,0),
(4569,1663,30,1,32000,0),
(4570,1663,17,1,15000,15),
(4571,1663,62,3,6000,0),
(4572,1663,52,3,3500,0),
(4573,1664,10,1,18500,10),
(4574,1665,28,2,35000,0),
(4575,1665,26,2,14000,0),
(4576,1665,41,1,3500,0),
(4577,1665,12,1,38000,0),
(4578,1666,41,3,3500,0),
(4579,1666,17,3,15000,5),
(4580,1667,11,1,22000,0),
(4581,1667,10,1,18500,0),
(4582,1668,25,1,55000,0),
(4583,1668,45,4,5500,0),
(4584,1668,32,1,4500,0),
(4585,1669,41,1,3500,0),
(4586,1669,49,2,3500,0),
(4587,1669,5,1,295000,0),
(4588,1669,37,2,11000,0),
(4589,1669,32,1,4500,15),
(4590,1669,18,1,22000,0),
(4591,1670,45,1,5500,0),
(4592,1670,54,2,16000,15),
(4593,1671,65,3,35000,0),
(4594,1671,12,1,38000,0),
(4595,1672,45,2,5500,15),
(4596,1672,62,3,6000,0),
(4597,1672,49,5,3500,0),
(4598,1672,12,1,38000,0),
(4599,1673,34,1,13500,0),
(4600,1674,32,2,4500,0),
(4601,1674,59,3,8500,5),
(4602,1674,55,1,24000,0),
(4603,1675,8,2,395000,0),
(4604,1676,60,3,4200,0),
(4605,1676,32,1,4500,5),
(4606,1676,6,1,45000,0),
(4607,1676,10,1,18500,0),
(4608,1677,31,1,11500,15),
(4609,1678,60,3,4200,0),
(4610,1678,64,3,6800,5),
(4611,1679,23,2,6500,0),
(4612,1679,1,1,350000,5),
(4613,1679,32,1,4500,5),
(4614,1680,14,2,65000,0),
(4615,1680,60,5,4200,0),
(4616,1681,29,1,19500,5),
(4617,1681,18,3,22000,0),
(4618,1681,65,2,35000,10),
(4619,1681,50,2,2000,0),
(4620,1681,60,2,4200,0),
(4621,1682,26,1,14000,0),
(4622,1682,16,3,8500,0),
(4623,1682,57,1,12000,15),
(4624,1682,44,1,4500,0),
(4625,1682,59,1,8500,10),
(4626,1682,33,1,24000,0),
(4627,1683,21,3,18000,0),
(4628,1683,28,1,35000,0),
(4629,1683,55,2,24000,0),
(4630,1684,2,1,950000,0),
(4631,1684,63,2,7000,0),
(4632,1685,18,1,22000,0),
(4633,1685,60,1,4200,0),
(4634,1685,20,1,85000,0),
(4635,1686,11,1,22000,0),
(4636,1686,43,1,5500,0),
(4637,1686,22,2,12000,5),
(4638,1686,65,2,35000,0),
(4639,1687,60,4,4200,0),
(4640,1687,32,2,4500,0),
(4641,1687,53,2,8500,5),
(4642,1688,60,2,4200,0),
(4643,1689,33,2,24000,0),
(4644,1689,17,1,15000,0),
(4645,1689,50,2,2000,10),
(4646,1689,4,1,185000,5),
(4647,1689,64,6,6800,10),
(4648,1690,6,1,45000,0),
(4649,1690,68,1,4500,0),
(4650,1691,43,2,5500,0),
(4651,1691,4,1,185000,0),
(4652,1691,54,2,16000,5),
(4653,1692,59,4,8500,5),
(4654,1692,13,1,28000,10),
(4655,1692,26,1,14000,0),
(4656,1692,53,1,8500,10),
(4657,1693,50,1,2000,15),
(4658,1693,65,2,35000,5),
(4659,1694,24,1,7500,0),
(4660,1694,5,1,295000,0),
(4661,1695,60,4,4200,0),
(4662,1695,59,5,8500,5),
(4663,1695,19,2,9500,0),
(4664,1696,64,2,6800,0),
(4665,1697,63,1,7000,0),
(4666,1697,34,1,13500,0),
(4667,1698,48,3,4000,5),
(4668,1698,53,1,8500,10),
(4669,1698,49,4,3500,0),
(4670,1698,36,1,7500,15),
(4671,1698,17,1,15000,0),
(4672,1699,46,1,8500,5),
(4673,1699,44,1,4500,0),
(4674,1699,60,3,4200,0),
(4675,1699,13,1,28000,15),
(4676,1699,31,2,11500,0),
(4677,1700,64,6,6800,5),
(4678,1700,54,3,16000,0),
(4679,1701,14,1,65000,0),
(4680,1701,63,3,7000,0),
(4681,1702,36,1,7500,0),
(4682,1702,16,1,8500,0),
(4683,1703,61,4,9500,0),
(4684,1704,37,1,11000,5),
(4685,1704,4,1,185000,0),
(4686,1704,11,1,22000,0),
(4687,1704,32,2,4500,5),
(4688,1705,3,2,720000,0),
(4689,1705,26,1,14000,0),
(4690,1706,59,2,8500,15),
(4691,1706,34,2,13500,0),
(4692,1706,45,3,5500,0),
(4693,1707,44,4,4500,5),
(4694,1707,57,1,12000,0),
(4695,1708,27,1,28000,0),
(4696,1708,13,1,28000,0),
(4697,1709,5,1,295000,5),
(4698,1709,13,1,28000,0),
(4699,1710,16,1,8500,0),
(4700,1710,4,1,185000,15),
(4701,1711,62,2,6000,0),
(4702,1711,26,2,14000,0),
(4703,1711,52,3,3500,0),
(4704,1711,22,3,12000,0),
(4705,1712,63,2,7000,15),
(4706,1712,20,3,85000,5),
(4707,1712,61,2,9500,0),
(4708,1713,61,3,9500,0),
(4709,1713,45,3,5500,0),
(4710,1714,26,1,14000,10),
(4711,1714,38,2,42000,0),
(4712,1714,49,1,3500,5),
(4713,1715,16,1,8500,15),
(4714,1715,24,1,7500,5),
(4715,1715,62,4,6000,0),
(4716,1715,39,1,68000,0),
(4717,1716,12,1,38000,0),
(4718,1716,45,5,5500,5),
(4719,1716,24,1,7500,0),
(4720,1717,61,1,9500,15),
(4721,1717,1,1,350000,15),
(4722,1717,37,3,11000,0),
(4723,1717,6,1,45000,0),
(4724,1718,41,1,3500,10),
(4725,1718,22,1,12000,0),
(4726,1718,66,1,18500,0),
(4727,1719,30,1,32000,0),
(4728,1719,16,2,8500,5),
(4729,1719,53,2,8500,0),
(4730,1719,54,3,16000,10),
(4731,1719,47,1,7500,10),
(4732,1720,61,3,9500,0),
(4733,1720,50,3,2000,10),
(4734,1721,43,1,5500,0),
(4735,1721,68,1,4500,0),
(4736,1721,53,1,8500,5),
(4737,1722,57,3,12000,15),
(4738,1722,60,4,4200,5),
(4739,1722,32,1,4500,10),
(4740,1723,43,1,5500,10),
(4741,1724,45,4,5500,15),
(4742,1724,14,1,65000,0),
(4743,1725,34,3,13500,0),
(4744,1725,53,2,8500,0),
(4745,1725,57,2,12000,0),
(4746,1726,49,2,3500,0),
(4747,1726,52,1,3500,0),
(4748,1726,32,3,4500,0),
(4749,1726,61,1,9500,10),
(4750,1726,62,2,6000,15),
(4751,1727,61,3,9500,0),
(4752,1728,18,1,22000,0),
(4753,1728,63,3,7000,0),
(4754,1729,61,4,9500,5),
(4755,1729,24,1,7500,15),
(4756,1729,17,3,15000,5),
(4757,1730,16,1,8500,0),
(4758,1730,28,1,35000,0),
(4759,1730,17,3,15000,0),
(4760,1731,26,2,14000,0),
(4761,1732,48,1,4000,0),
(4762,1732,32,1,4500,15),
(4763,1733,52,1,3500,0),
(4764,1734,6,1,45000,0),
(4765,1734,18,1,22000,0),
(4766,1735,52,2,3500,0),
(4767,1735,2,2,950000,0),
(4768,1736,2,1,950000,0),
(4769,1736,51,3,6500,0),
(4770,1737,56,1,5500,0),
(4771,1737,43,1,5500,0),
(4772,1737,62,4,6000,0),
(4773,1738,52,1,3500,15),
(4774,1738,21,1,18000,0),
(4775,1738,41,3,3500,0),
(4776,1738,43,1,5500,5),
(4777,1738,6,1,45000,15),
(4778,1739,9,1,525000,10),
(4779,1739,27,1,28000,0),
(4780,1740,60,2,4200,0),
(4781,1741,17,1,15000,10),
(4782,1741,24,1,7500,0),
(4783,1741,20,3,85000,0),
(4784,1742,21,1,18000,0),
(4785,1742,31,1,11500,0),
(4786,1742,64,3,6800,10),
(4787,1742,19,3,9500,15),
(4788,1743,64,1,6800,0),
(4789,1743,19,1,9500,0),
(4790,1743,8,2,395000,0),
(4791,1744,4,1,185000,0),
(4792,1744,62,4,6000,0),
(4793,1744,29,1,19500,5),
(4794,1745,48,2,4000,10),
(4795,1745,28,1,35000,0),
(4796,1745,62,4,6000,0),
(4797,1746,58,2,7500,0),
(4798,1747,17,3,15000,5),
(4799,1748,10,1,18500,15),
(4800,1748,6,1,45000,5),
(4801,1748,43,1,5500,0),
(4802,1748,23,1,6500,10),
(4803,1749,10,1,18500,0),
(4804,1749,22,3,12000,10),
(4805,1750,43,2,5500,0),
(4806,1750,57,1,12000,0),
(4807,1751,1,1,350000,5),
(4808,1752,13,1,28000,0),
(4809,1752,31,1,11500,0),
(4810,1752,44,5,4500,0),
(4811,1753,8,1,395000,0),
(4812,1754,38,1,42000,0),
(4813,1754,41,1,3500,0),
(4814,1754,31,1,11500,0),
(4815,1755,20,2,85000,10),
(4816,1755,39,3,68000,5),
(4817,1755,48,1,4000,0),
(4818,1755,62,4,6000,10),
(4819,1755,35,1,185000,10),
(4820,1755,44,2,4500,10),
(4821,1756,61,3,9500,5),
(4822,1756,60,2,4200,0),
(4823,1756,43,1,5500,0),
(4824,1757,21,1,18000,15),
(4825,1757,58,2,7500,10),
(4826,1758,15,1,125000,10),
(4827,1758,68,3,4500,10),
(4828,1759,7,1,480000,0),
(4829,1759,58,2,7500,0),
(4830,1759,11,1,22000,0),
(4831,1760,31,2,11500,0),
(4832,1760,45,1,5500,0),
(4833,1761,45,3,5500,0),
(4834,1762,10,2,18500,0),
(4835,1762,61,3,9500,0),
(4836,1762,52,2,3500,5),
(4837,1762,56,1,5500,0),
(4838,1763,60,3,4200,5),
(4839,1764,18,1,22000,10),
(4840,1765,36,2,7500,0),
(4841,1766,63,3,7000,15),
(4842,1766,67,2,9500,0),
(4843,1766,61,2,9500,5),
(4844,1766,30,1,32000,0),
(4845,1767,27,2,28000,15),
(4846,1767,21,1,18000,0),
(4847,1767,46,1,8500,0),
(4848,1768,44,3,4500,0),
(4849,1768,60,3,4200,0),
(4850,1769,45,3,5500,15),
(4851,1769,26,1,14000,0),
(4852,1769,57,3,12000,0),
(4853,1770,45,1,5500,0),
(4854,1770,60,6,4200,15),
(4855,1770,54,1,16000,0),
(4856,1770,26,1,14000,0),
(4857,1770,18,3,22000,10),
(4858,1771,37,1,11000,10),
(4859,1771,10,2,18500,0),
(4860,1771,43,1,5500,0),
(4861,1771,26,2,14000,0),
(4862,1772,25,1,55000,0),
(4863,1772,62,1,6000,0),
(4864,1772,32,1,4500,0),
(4865,1772,45,5,5500,0),
(4866,1773,37,1,11000,10),
(4867,1773,13,1,28000,0),
(4868,1774,7,2,480000,0),
(4869,1774,33,2,24000,0),
(4870,1774,59,5,8500,0),
(4871,1775,5,1,295000,10),
(4872,1776,62,3,6000,0),
(4873,1776,6,2,45000,0),
(4874,1776,58,1,7500,0),
(4875,1777,50,5,2000,0),
(4876,1777,6,1,45000,0),
(4877,1777,11,1,22000,10),
(4878,1777,19,2,9500,0),
(4879,1777,47,1,7500,5),
(4880,1777,23,2,6500,10),
(4881,1778,66,1,18500,0),
(4882,1778,44,5,4500,5),
(4883,1779,26,1,14000,0),
(4884,1780,2,1,950000,0),
(4885,1780,24,2,7500,0),
(4886,1780,59,2,8500,10),
(4887,1780,67,3,9500,0),
(4888,1780,40,1,15000,0),
(4889,1781,49,3,3500,5),
(4890,1781,9,1,525000,0),
(4891,1781,50,2,2000,0),
(4892,1781,24,1,7500,0),
(4893,1782,45,5,5500,0),
(4894,1782,63,2,7000,0),
(4895,1783,62,4,6000,15),
(4896,1783,45,4,5500,15),
(4897,1783,60,1,4200,0),
(4898,1784,59,4,8500,0),
(4899,1784,47,1,7500,0),
(4900,1784,36,1,7500,0),
(4901,1785,24,1,7500,5),
(4902,1785,59,5,8500,15),
(4903,1785,19,1,9500,0),
(4904,1786,18,1,22000,0),
(4905,1786,32,1,4500,0),
(4906,1786,30,3,32000,0),
(4907,1786,6,1,45000,0),
(4908,1787,26,1,14000,0),
(4909,1787,16,1,8500,15),
(4910,1787,49,1,3500,5),
(4911,1787,17,2,15000,0),
(4912,1788,6,1,45000,0),
(4913,1788,16,1,8500,0),
(4914,1788,46,1,8500,5),
(4915,1788,34,1,13500,0),
(4916,1788,59,4,8500,0),
(4917,1788,50,3,2000,0),
(4918,1789,54,2,16000,0),
(4919,1789,49,2,3500,0),
(4920,1789,53,1,8500,0),
(4921,1790,59,1,8500,0),
(4922,1790,50,2,2000,10),
(4923,1790,31,2,11500,0),
(4924,1791,40,1,15000,15),
(4925,1791,46,4,8500,5),
(4926,1791,59,6,8500,0),
(4927,1792,12,1,38000,10),
(4928,1792,49,1,3500,0),
(4929,1792,17,1,15000,0),
(4930,1793,5,1,295000,5),
(4931,1793,17,1,15000,0),
(4932,1793,64,2,6800,10),
(4933,1794,64,4,6800,0),
(4934,1794,45,1,5500,0),
(4935,1795,38,2,42000,0),
(4936,1795,37,1,11000,0),
(4937,1795,53,1,8500,0),
(4938,1795,48,3,4000,0),
(4939,1795,17,2,15000,0),
(4940,1796,14,1,65000,0),
(4941,1797,68,2,4500,0),
(4942,1797,21,3,18000,0),
(4943,1798,18,1,22000,0),
(4944,1798,11,2,22000,5),
(4945,1798,49,1,3500,0),
(4946,1798,12,1,38000,10),
(4947,1799,50,3,2000,0),
(4948,1799,61,3,9500,5),
(4949,1799,18,1,22000,10),
(4950,1800,52,2,3500,5),
(4951,1800,12,1,38000,0),
(4952,1801,10,2,18500,0),
(4953,1801,60,2,4200,0),
(4954,1801,52,1,3500,0),
(4955,1802,23,2,6500,0),
(4956,1802,26,1,14000,5),
(4957,1803,42,1,9000,10),
(4958,1803,49,2,3500,5),
(4959,1803,18,1,22000,10),
(4960,1804,5,1,295000,0),
(4961,1805,8,1,395000,10),
(4962,1805,67,1,9500,10),
(4963,1805,6,2,45000,5),
(4964,1805,53,2,8500,10),
(4965,1805,23,1,6500,0),
(4966,1805,47,1,7500,0),
(4967,1806,57,1,12000,5),
(4968,1806,68,1,4500,5),
(4969,1807,5,1,295000,10),
(4970,1808,23,3,6500,5),
(4971,1808,43,1,5500,0),
(4972,1809,60,2,4200,0),
(4973,1809,56,2,5500,10),
(4974,1810,17,2,15000,0),
(4975,1810,36,2,7500,0),
(4976,1810,14,1,65000,5),
(4977,1810,53,3,8500,5),
(4978,1811,52,3,3500,0),
(4979,1811,49,1,3500,10),
(4980,1811,59,2,8500,15),
(4981,1812,32,1,4500,10),
(4982,1812,29,1,19500,5),
(4983,1813,13,1,28000,0),
(4984,1813,19,2,9500,0),
(4985,1814,29,1,19500,0),
(4986,1815,10,1,18500,0),
(4987,1815,16,1,8500,0),
(4988,1816,66,1,18500,0),
(4989,1816,36,2,7500,0),
(4990,1817,25,1,55000,0),
(4991,1817,29,2,19500,0),
(4992,1817,61,2,9500,5),
(4993,1817,30,3,32000,10),
(4994,1818,12,1,38000,0),
(4995,1818,17,1,15000,5),
(4996,1818,24,3,7500,0),
(4997,1818,55,1,24000,0),
(4998,1819,23,1,6500,0),
(4999,1819,51,2,6500,5),
(5000,1819,9,2,525000,0),
(5001,1819,61,3,9500,0),
(5002,1820,38,1,42000,0),
(5003,1820,21,1,18000,5),
(5004,1821,65,3,35000,5),
(5005,1821,6,1,45000,0),
(5006,1822,21,2,18000,0),
(5007,1822,31,1,11500,0),
(5008,1823,62,4,6000,0),
(5009,1823,45,1,5500,0),
(5010,1823,49,1,3500,0),
(5011,1824,31,2,11500,0),
(5012,1824,21,1,18000,0),
(5013,1824,43,2,5500,0),
(5014,1825,61,5,9500,0),
(5015,1826,31,1,11500,0),
(5016,1826,43,3,5500,5),
(5017,1826,26,1,14000,0),
(5018,1827,59,5,8500,5),
(5019,1827,32,2,4500,5),
(5020,1827,51,1,6500,0),
(5021,1828,52,1,3500,0),
(5022,1828,17,1,15000,0),
(5023,1828,29,1,19500,15),
(5024,1829,10,1,18500,10),
(5025,1829,48,5,4000,0),
(5026,1829,50,3,2000,0),
(5027,1830,43,1,5500,0),
(5028,1830,60,1,4200,0),
(5029,1831,64,4,6800,10),
(5030,1831,49,1,3500,5),
(5031,1832,26,1,14000,5),
(5032,1832,48,5,4000,0),
(5033,1832,64,3,6800,0),
(5034,1833,11,1,22000,5),
(5035,1834,54,1,16000,0),
(5036,1834,43,1,5500,0),
(5037,1834,51,2,6500,10),
(5038,1835,43,1,5500,5),
(5039,1835,61,3,9500,15),
(5040,1835,63,1,7000,0),
(5041,1836,7,1,480000,0),
(5042,1837,45,3,5500,15),
(5043,1837,24,1,7500,0),
(5044,1837,66,2,18500,0),
(5045,1838,49,3,3500,0),
(5046,1838,43,3,5500,0),
(5047,1838,36,1,7500,0),
(5048,1839,38,2,42000,0),
(5049,1839,56,2,5500,0),
(5050,1839,45,5,5500,0),
(5051,1840,16,2,8500,0),
(5052,1840,45,5,5500,0),
(5053,1841,36,1,7500,10),
(5054,1841,45,1,5500,0),
(5055,1841,63,4,7000,15),
(5056,1841,47,3,7500,10),
(5057,1841,68,1,4500,0),
(5058,1842,65,1,35000,0),
(5059,1842,36,2,7500,0),
(5060,1842,68,2,4500,0),
(5061,1843,68,1,4500,15),
(5062,1843,22,1,12000,0),
(5063,1844,50,1,2000,0),
(5064,1844,24,1,7500,0),
(5065,1845,64,4,6800,10),
(5066,1845,2,1,950000,0),
(5067,1845,17,2,15000,0),
(5068,1845,6,1,45000,0),
(5069,1846,51,4,6500,0),
(5070,1846,30,1,32000,0),
(5071,1846,11,1,22000,0),
(5072,1847,59,3,8500,5),
(5073,1847,62,4,6000,0),
(5074,1847,44,2,4500,0),
(5075,1847,4,2,185000,0),
(5076,1848,17,1,15000,0),
(5077,1848,62,3,6000,0),
(5078,1848,58,2,7500,0),
(5079,1848,6,1,45000,5),
(5080,1849,39,1,68000,0),
(5081,1849,16,2,8500,0),
(5082,1849,59,4,8500,0),
(5083,1850,24,2,7500,0),
(5084,1850,41,1,3500,0),
(5085,1850,56,2,5500,5),
(5086,1851,6,1,45000,0),
(5087,1851,45,2,5500,10),
(5088,1851,60,3,4200,0),
(5089,1852,32,2,4500,0),
(5090,1852,50,2,2000,0),
(5091,1852,54,1,16000,0),
(5092,1853,18,1,22000,0),
(5093,1853,68,1,4500,10),
(5094,1854,58,1,7500,0),
(5095,1854,2,1,950000,0),
(5096,1854,34,2,13500,0),
(5097,1855,49,1,3500,0),
(5098,1856,41,1,3500,5),
(5099,1856,19,1,9500,0),
(5100,1857,49,2,3500,0),
(5101,1857,56,3,5500,0),
(5102,1858,50,2,2000,5),
(5103,1858,64,1,6800,0),
(5104,1859,53,2,8500,0),
(5105,1859,48,2,4000,0),
(5106,1859,59,6,8500,0),
(5107,1860,43,1,5500,15),
(5108,1860,62,4,6000,0),
(5109,1860,52,1,3500,0),
(5110,1861,49,3,3500,5),
(5111,1861,26,1,14000,5),
(5112,1862,36,3,7500,0),
(5113,1862,22,1,12000,5),
(5114,1863,45,1,5500,5),
(5115,1863,37,1,11000,5),
(5116,1863,49,2,3500,0),
(5117,1864,53,2,8500,10),
(5118,1864,42,1,9000,5),
(5119,1864,59,2,8500,15),
(5120,1865,21,2,18000,5),
(5121,1865,41,1,3500,0),
(5122,1865,45,1,5500,0),
(5123,1865,7,1,480000,10),
(5124,1865,44,3,4500,0),
(5125,1865,1,2,350000,0),
(5126,1866,54,1,16000,5),
(5127,1866,11,1,22000,0),
(5128,1866,15,1,125000,0),
(5129,1866,67,1,9500,0),
(5130,1867,63,5,7000,0),
(5131,1867,52,3,3500,0),
(5132,1867,32,1,4500,0),
(5133,1868,43,1,5500,5),
(5134,1868,50,2,2000,5),
(5135,1868,68,2,4500,0),
(5136,1869,10,1,18500,0),
(5137,1869,37,2,11000,0),
(5138,1869,51,1,6500,0),
(5139,1869,8,1,395000,10),
(5140,1870,63,2,7000,10),
(5141,1870,36,1,7500,0),
(5142,1871,60,3,4200,0),
(5143,1871,51,1,6500,0),
(5144,1871,17,2,15000,0),
(5145,1872,18,3,22000,0),
(5146,1872,17,1,15000,0),
(5147,1873,29,1,19500,0),
(5148,1873,23,1,6500,0),
(5149,1873,48,2,4000,0),
(5150,1873,36,1,7500,5),
(5151,1874,21,3,18000,5),
(5152,1874,64,1,6800,0),
(5153,1874,24,3,7500,15),
(5154,1874,55,3,24000,0),
(5155,1874,10,1,18500,0),
(5156,1875,11,2,22000,0),
(5157,1876,21,1,18000,0),
(5158,1876,65,1,35000,0),
(5159,1877,36,1,7500,0),
(5160,1877,62,3,6000,0),
(5161,1877,13,1,28000,10),
(5162,1877,41,1,3500,0),
(5163,1878,17,2,15000,10),
(5164,1879,52,2,3500,0),
(5165,1879,65,2,35000,0),
(5166,1879,6,1,45000,5),
(5167,1879,62,3,6000,10),
(5168,1879,27,1,28000,5),
(5169,1880,43,1,5500,5),
(5170,1880,64,2,6800,10),
(5171,1881,44,3,4500,0),
(5172,1881,58,2,7500,10),
(5173,1882,58,2,7500,0),
(5174,1883,22,2,12000,0),
(5175,1883,31,1,11500,5),
(5176,1884,31,1,11500,0),
(5177,1884,59,3,8500,0),
(5178,1885,61,2,9500,0),
(5179,1885,45,5,5500,0),
(5180,1885,67,1,9500,0),
(5181,1885,63,3,7000,0),
(5182,1885,21,1,18000,0),
(5183,1886,48,3,4000,0),
(5184,1886,40,1,15000,10),
(5185,1886,65,1,35000,5),
(5186,1887,11,1,22000,0),
(5187,1888,6,1,45000,0),
(5188,1888,50,4,2000,0),
(5189,1888,42,2,9000,0),
(5190,1888,13,1,28000,10),
(5191,1889,12,1,38000,0),
(5192,1889,29,1,19500,0),
(5193,1890,16,1,8500,0),
(5194,1890,17,3,15000,0),
(5195,1890,27,2,28000,0),
(5196,1891,51,5,6500,0),
(5197,1892,48,3,4000,0),
(5198,1892,62,5,6000,0),
(5199,1892,17,1,15000,0),
(5200,1893,65,1,35000,0),
(5201,1893,60,1,4200,0),
(5202,1893,61,3,9500,0),
(5203,1893,32,1,4500,0),
(5204,1894,38,1,42000,0),
(5205,1894,31,2,11500,10),
(5206,1894,16,1,8500,5),
(5207,1895,59,1,8500,0),
(5208,1895,66,1,18500,0),
(5209,1895,23,1,6500,0),
(5210,1895,47,5,7500,0),
(5211,1895,67,1,9500,0),
(5212,1895,7,2,480000,0),
(5213,1896,28,1,35000,0),
(5214,1896,41,3,3500,5),
(5215,1897,49,2,3500,5),
(5216,1897,16,1,8500,0),
(5217,1897,23,1,6500,10),
(5218,1898,17,1,15000,0),
(5219,1898,60,1,4200,10),
(5220,1898,63,5,7000,0),
(5221,1898,28,1,35000,0),
(5222,1899,56,1,5500,0),
(5223,1900,48,1,4000,0),
(5224,1900,38,1,42000,5),
(5225,1900,30,2,32000,15),
(5226,1901,23,2,6500,0),
(5227,1902,52,2,3500,0),
(5228,1902,64,3,6800,0),
(5229,1902,48,2,4000,0),
(5230,1903,45,5,5500,0),
(5231,1903,16,1,8500,0),
(5232,1904,28,1,35000,10),
(5233,1904,45,1,5500,0),
(5234,1904,61,1,9500,0),
(5235,1905,49,1,3500,0),
(5236,1905,24,1,7500,0),
(5237,1905,68,1,4500,0),
(5238,1906,18,1,22000,15),
(5239,1906,62,3,6000,0),
(5240,1906,54,2,16000,0),
(5241,1907,45,1,5500,0),
(5242,1907,23,2,6500,0),
(5243,1908,19,2,9500,0),
(5244,1908,43,1,5500,15),
(5245,1909,28,1,35000,0),
(5246,1909,64,2,6800,10),
(5247,1910,37,1,11000,15),
(5248,1910,21,1,18000,10),
(5249,1910,66,1,18500,0),
(5250,1910,12,1,38000,5),
(5251,1911,64,2,6800,0),
(5252,1911,38,2,42000,10),
(5253,1911,59,4,8500,0),
(5254,1912,23,2,6500,0),
(5255,1912,62,2,6000,0),
(5256,1912,21,1,18000,0),
(5257,1912,50,2,2000,0),
(5258,1912,53,1,8500,5),
(5259,1913,10,1,18500,0),
(5260,1913,52,1,3500,0),
(5261,1913,32,1,4500,5),
(5262,1913,16,1,8500,0),
(5263,1913,4,1,185000,0),
(5264,1913,43,1,5500,10),
(5265,1914,1,1,350000,0),
(5266,1914,22,1,12000,0),
(5267,1914,58,1,7500,0),
(5268,1915,41,2,3500,10),
(5269,1916,56,2,5500,0),
(5270,1916,48,1,4000,0),
(5271,1916,5,1,295000,0),
(5272,1916,53,1,8500,0),
(5273,1917,21,2,18000,0),
(5274,1918,53,1,8500,0),
(5275,1918,29,3,19500,0),
(5276,1919,58,1,7500,5),
(5277,1919,49,2,3500,0),
(5278,1919,61,2,9500,0),
(5279,1920,43,1,5500,15),
(5280,1920,44,2,4500,0),
(5281,1920,52,2,3500,10),
(5282,1920,61,3,9500,5),
(5283,1921,48,4,4000,5),
(5284,1921,55,1,24000,0),
(5285,1921,62,5,6000,15),
(5286,1922,42,2,9000,0),
(5287,1922,68,2,4500,0),
(5288,1923,54,2,16000,15),
(5289,1923,65,1,35000,0),
(5290,1924,63,3,7000,0),
(5291,1924,40,1,15000,0),
(5292,1924,56,2,5500,0),
(5293,1925,5,1,295000,5),
(5294,1925,37,1,11000,10),
(5295,1926,41,3,3500,0),
(5296,1926,21,2,18000,0),
(5297,1926,43,1,5500,0),
(5298,1927,23,1,6500,5),
(5299,1927,30,1,32000,0),
(5300,1928,7,1,480000,10),
(5301,1928,43,1,5500,0),
(5302,1929,47,1,7500,0),
(5303,1929,62,6,6000,5),
(5304,1929,42,2,9000,5),
(5305,1929,26,1,14000,10),
(5306,1929,17,3,15000,0),
(5307,1930,67,1,9500,5),
(5308,1930,10,1,18500,0),
(5309,1930,21,2,18000,0),
(5310,1931,50,1,2000,10),
(5311,1931,48,2,4000,0),
(5312,1932,23,3,6500,0),
(5313,1932,60,2,4200,5),
(5314,1933,61,4,9500,0),
(5315,1933,21,1,18000,0),
(5316,1933,47,1,7500,0),
(5317,1933,50,2,2000,0),
(5318,1933,48,1,4000,0),
(5319,1934,13,1,28000,0),
(5320,1934,16,1,8500,0),
(5321,1935,26,1,14000,15),
(5322,1935,45,1,5500,10),
(5323,1935,49,3,3500,0),
(5324,1935,54,1,16000,0),
(5325,1935,67,1,9500,0),
(5326,1936,23,2,6500,5),
(5327,1936,32,1,4500,5),
(5328,1936,50,5,2000,5),
(5329,1937,34,2,13500,5),
(5330,1937,2,1,950000,10),
(5331,1937,58,1,7500,0),
(5332,1937,9,1,525000,0),
(5333,1937,45,2,5500,5),
(5334,1938,65,1,35000,5),
(5335,1938,49,4,3500,15),
(5336,1939,23,1,6500,15),
(5337,1939,59,1,8500,0),
(5338,1939,41,1,3500,10),
(5339,1939,36,1,7500,0),
(5340,1940,16,2,8500,0),
(5341,1941,26,1,14000,15),
(5342,1941,37,1,11000,0),
(5343,1942,10,1,18500,5),
(5344,1942,23,3,6500,0),
(5345,1943,16,1,8500,0),
(5346,1944,16,2,8500,0),
(5347,1944,50,4,2000,5),
(5348,1944,6,1,45000,10),
(5349,1944,9,2,525000,0),
(5350,1944,31,2,11500,0),
(5351,1945,50,5,2000,0),
(5352,1945,63,2,7000,0),
(5353,1946,61,2,9500,0),
(5354,1946,17,1,15000,0),
(5355,1946,16,2,8500,10),
(5356,1947,50,3,2000,0),
(5357,1947,11,1,22000,0),
(5358,1947,6,1,45000,15),
(5359,1948,64,3,6800,0),
(5360,1948,61,4,9500,0),
(5361,1949,64,1,6800,0),
(5362,1949,60,2,4200,0),
(5363,1949,31,1,11500,10),
(5364,1949,5,1,295000,10),
(5365,1950,40,2,15000,0),
(5366,1950,11,1,22000,0),
(5367,1950,63,1,7000,0),
(5368,1950,45,3,5500,0),
(5369,1950,59,3,8500,0),
(5370,1951,17,3,15000,5),
(5371,1951,26,1,14000,0),
(5372,1951,6,1,45000,0),
(5373,1952,62,4,6000,0),
(5374,1952,29,3,19500,10),
(5375,1953,49,1,3500,0),
(5376,1953,54,1,16000,10),
(5377,1954,16,2,8500,10),
(5378,1954,18,1,22000,0),
(5379,1955,62,3,6000,0),
(5380,1955,49,4,3500,0),
(5381,1955,7,1,480000,0),
(5382,1955,40,1,15000,0),
(5383,1955,31,1,11500,0),
(5384,1956,60,2,4200,0),
(5385,1956,48,3,4000,10),
(5386,1956,43,1,5500,0),
(5387,1956,58,1,7500,0),
(5388,1956,64,3,6800,0),
(5389,1956,44,3,4500,0),
(5390,1957,68,1,4500,0),
(5391,1957,54,1,16000,0),
(5392,1957,42,1,9000,10),
(5393,1958,50,5,2000,0),
(5394,1958,59,4,8500,15),
(5395,1958,6,1,45000,5),
(5396,1959,18,1,22000,0),
(5397,1959,57,2,12000,5),
(5398,1960,1,1,350000,10),
(5399,1960,52,2,3500,0),
(5400,1961,45,2,5500,5),
(5401,1961,43,2,5500,0),
(5402,1961,26,2,14000,0),
(5403,1961,16,2,8500,0),
(5404,1961,32,1,4500,0),
(5405,1962,43,1,5500,10),
(5406,1963,56,2,5500,0),
(5407,1963,45,3,5500,0),
(5408,1963,50,1,2000,5),
(5409,1963,48,2,4000,10),
(5410,1964,27,1,28000,0),
(5411,1964,53,2,8500,0),
(5412,1964,12,1,38000,0),
(5413,1964,45,2,5500,0),
(5414,1964,22,2,12000,0),
(5415,1965,41,1,3500,15),
(5416,1965,42,1,9000,15),
(5417,1965,50,1,2000,10),
(5418,1965,60,6,4200,0),
(5419,1965,17,2,15000,5),
(5420,1966,47,1,7500,0),
(5421,1967,49,4,3500,5),
(5422,1967,50,5,2000,0),
(5423,1967,26,1,14000,0),
(5424,1968,45,3,5500,0),
(5425,1968,61,5,9500,15),
(5426,1968,47,2,7500,0),
(5427,1969,59,4,8500,0),
(5428,1969,28,1,35000,15),
(5429,1969,23,3,6500,10),
(5430,1969,19,1,9500,0),
(5431,1969,13,1,28000,0),
(5432,1970,61,3,9500,0),
(5433,1971,12,1,38000,0),
(5434,1971,61,6,9500,0),
(5435,1971,36,1,7500,0),
(5436,1972,28,3,35000,10),
(5437,1973,21,3,18000,0),
(5438,1973,62,4,6000,5),
(5439,1973,16,1,8500,0),
(5440,1973,1,1,350000,10),
(5441,1973,64,4,6800,0),
(5442,1973,11,1,22000,0),
(5443,1974,60,4,4200,10),
(5444,1974,54,3,16000,0),
(5445,1974,58,2,7500,0),
(5446,1975,14,1,65000,0),
(5447,1976,64,4,6800,0),
(5448,1976,6,1,45000,0),
(5449,1976,66,1,18500,10),
(5450,1977,47,1,7500,15),
(5451,1977,26,3,14000,0),
(5452,1977,31,1,11500,0),
(5453,1977,45,1,5500,5),
(5454,1977,21,1,18000,0),
(5455,1978,36,1,7500,0),
(5456,1978,17,1,15000,0),
(5457,1978,18,1,22000,15),
(5458,1978,8,1,395000,0),
(5459,1978,48,3,4000,0),
(5460,1979,61,5,9500,0),
(5461,1979,6,1,45000,0),
(5462,1979,47,5,7500,5),
(5463,1979,21,1,18000,0),
(5464,1980,21,2,18000,0),
(5465,1980,62,5,6000,0),
(5466,1981,44,2,4500,5),
(5467,1982,29,1,19500,5),
(5468,1983,5,1,295000,0),
(5469,1984,8,1,395000,0),
(5470,1984,42,2,9000,5),
(5471,1985,62,2,6000,0),
(5472,1985,8,1,395000,5),
(5473,1985,30,1,32000,5),
(5474,1985,28,1,35000,10),
(5475,1986,10,1,18500,0),
(5476,1986,62,4,6000,0),
(5477,1987,12,1,38000,10),
(5478,1987,51,2,6500,0),
(5479,1987,46,2,8500,0),
(5480,1987,6,1,45000,0),
(5481,1988,55,1,24000,0),
(5482,1988,52,1,3500,5),
(5483,1988,10,1,18500,0),
(5484,1989,32,1,4500,0),
(5485,1989,63,4,7000,0),
(5486,1990,4,1,185000,10),
(5487,1990,41,2,3500,0),
(5488,1991,17,2,15000,5),
(5489,1991,45,1,5500,0),
(5490,1992,64,4,6800,0),
(5491,1992,52,1,3500,10),
(5492,1992,4,1,185000,0),
(5493,1993,53,1,8500,0),
(5494,1993,60,3,4200,0),
(5495,1994,61,4,9500,0),
(5496,1994,47,4,7500,10),
(5497,1995,13,1,28000,0),
(5498,1995,60,4,4200,5),
(5499,1995,43,1,5500,0),
(5500,1996,52,2,3500,15),
(5501,1996,19,1,9500,0),
(5502,1996,16,3,8500,0),
(5503,1997,7,1,480000,0),
(5504,1997,44,2,4500,0),
(5505,1998,14,1,65000,0),
(5506,1999,58,3,7500,0),
(5507,1999,35,2,185000,0),
(5508,2000,37,1,11000,0);

SELECT *
FROM order_items;


SELECT setval('regions_region_id_seq', (SELECT MAX(region_id) FROM regions));
SELECT setval('categories_category_id_seq', (SELECT MAX(category_id) FROM categories));
SELECT setval('employees_employee_id_seq', (SELECT MAX(employee_id) FROM
employees));
SELECT setval('products_product_id_seq', (SELECT MAX(product_id) FROM products));
SELECT setval('customers_customer_id_seq', (SELECT MAX(customer_id) FROM
customers));
SELECT setval('orders_order_id_seq', (SELECT MAX(order_id) FROM orders));
SELECT setval('order_items_order_item_id_seq',(SELECT MAX(order_item_id) FROM
order_items));






